timestamp,server_id,cpu_usage,memory_usage,disk_io,network_io,task_duration,priority,outside_temperature,cooling_efficiency,power_usage,temperature,thermal_status
2026-01-01T00:00:00,server_034,33.00,31.00,99.00,100.00,15.00,2,17.13,0.80,318.00,33.47,Normal
2026-01-01T00:05:00,server_038,33.00,29.00,58.00,150.00,27.00,2,16.19,0.77,318.00,31.84,Normal
2026-01-01T00:10:00,server_046,40.00,35.00,109.00,292.00,18.00,2,16.27,0.80,374.00,35.85,Warning
2026-01-01T00:15:00,server_018,30.00,31.00,70.00,92.00,102.00,3,17.10,0.70,348.00,34.40,Normal
2026-01-01T00:20:00,server_028,44.00,44.00,179.00,181.00,33.00,1,18.13,0.81,380.00,37.19,Warning
2026-01-01T00:25:00,server_034,35.00,44.00,171.00,205.00,16.00,3,16.75,0.79,368.00,34.45,Normal
2026-01-01T00:30:00,server_045,48.00,45.00,164.00,274.00,94.00,1,16.75,0.82,396.00,36.71,Warning
2026-01-01T00:35:00,server_027,40.00,36.00,101.00,148.00,115.00,1,17.18,0.80,347.00,35.18,Warning
2026-01-01T00:40:00,server_049,45.00,45.00,136.00,154.00,37.00,2,16.65,0.80,406.00,38.46,Warning
2026-01-01T00:45:00,server_026,42.00,37.00,62.00,329.00,20.00,3,15.66,0.78,407.00,37.50,Warning
2026-01-01T00:50:00,server_040,52.00,62.00,215.00,228.00,106.00,1,17.52,0.79,435.00,38.75,Warning
2026-01-01T00:55:00,server_038,39.00,45.00,132.00,277.00,76.00,3,17.21,0.83,393.00,36.69,Warning
2026-01-01T01:00:00,server_019,29.00,33.00,93.00,101.00,101.00,2,18.12,0.77,316.00,33.42,Normal
2026-01-01T01:05:00,server_024,41.00,35.00,49.00,252.00,16.00,3,16.57,0.80,386.00,35.84,Warning
2026-01-01T01:10:00,server_004,34.00,34.00,97.00,163.00,33.00,3,16.76,0.73,363.00,35.13,Warning
2026-01-01T01:15:00,server_037,36.00,31.00,126.00,157.00,14.00,2,18.06,0.79,331.00,34.88,Normal
2026-01-01T01:20:00,server_021,37.00,41.00,160.00,238.00,60.00,2,16.60,0.81,369.00,35.38,Warning
2026-01-01T01:25:00,server_039,28.00,45.00,108.00,137.00,119.00,3,16.98,0.75,337.00,33.71,Normal
2026-01-01T01:30:00,server_001,53.00,56.00,106.00,333.00,34.00,2,18.72,0.75,452.00,41.22,Warning
2026-01-01T01:35:00,server_006,36.00,35.00,127.00,204.00,22.00,3,17.14,0.74,378.00,36.16,Warning
2026-01-01T01:40:00,server_016,34.00,30.00,92.00,84.00,19.00,3,17.62,0.74,337.00,35.16,Warning
2026-01-01T01:45:00,server_027,49.00,49.00,193.00,239.00,86.00,1,17.70,0.78,411.00,38.43,Warning
2026-01-01T01:50:00,server_037,39.00,33.00,111.00,226.00,39.00,3,16.86,0.76,370.00,36.54,Warning
2026-01-01T01:55:00,server_046,38.00,29.00,160.00,190.00,18.00,3,17.09,0.82,363.00,36.08,Warning
2026-01-01T02:00:00,server_027,51.00,35.00,234.00,203.00,46.00,3,17.58,0.85,439.00,38.76,Warning
2026-01-01T02:05:00,server_050,35.00,40.00,53.00,259.00,29.00,1,18.02,0.80,344.00,35.09,Warning
2026-01-01T02:10:00,server_004,43.00,47.00,106.00,153.00,71.00,3,18.23,0.80,402.00,37.69,Warning
2026-01-01T02:15:00,server_050,50.00,43.00,117.00,173.00,43.00,3,17.46,0.74,446.00,40.68,Warning
2026-01-01T02:20:00,server_005,38.00,38.00,92.00,268.00,21.00,2,16.42,0.74,363.00,35.69,Warning
2026-01-01T02:25:00,server_049,36.00,39.00,56.00,151.00,28.00,2,17.36,0.79,347.00,34.35,Normal
2026-01-01T02:30:00,server_008,44.00,50.00,120.00,297.00,60.00,3,17.75,0.74,434.00,39.25,Warning
2026-01-01T02:35:00,server_037,33.00,28.00,74.00,268.00,42.00,1,17.62,0.83,298.00,31.98,Normal
2026-01-01T02:40:00,server_005,30.00,35.00,62.00,126.00,47.00,1,17.60,0.84,290.00,31.33,Normal
2026-01-01T02:45:00,server_001,44.00,51.00,206.00,144.00,240.00,3,17.64,0.73,419.00,38.78,Warning
2026-01-01T02:50:00,server_031,42.00,42.00,160.00,308.00,31.00,3,17.93,0.79,399.00,37.91,Warning
2026-01-01T02:55:00,server_029,44.00,46.00,202.00,105.00,32.00,2,16.79,0.74,404.00,36.97,Warning
2026-01-01T03:00:00,server_049,38.00,32.00,121.00,166.00,67.00,2,18.31,0.74,344.00,34.92,Normal
2026-01-01T03:05:00,server_001,48.00,41.00,115.00,348.00,23.00,1,18.49,0.76,389.00,36.87,Warning
2026-01-01T03:10:00,server_006,39.00,38.00,108.00,155.00,22.00,2,19.53,0.78,365.00,35.01,Warning
2026-01-01T03:15:00,server_014,30.00,32.00,82.00,126.00,12.00,1,19.67,0.82,299.00,32.50,Normal
2026-01-01T03:20:00,server_013,44.00,49.00,169.00,152.00,48.00,1,20.47,0.72,366.00,37.83,Warning
2026-01-01T03:25:00,server_048,42.00,43.00,141.00,279.00,18.00,3,19.58,0.82,402.00,36.73,Warning
2026-01-01T03:30:00,server_040,41.00,35.00,106.00,151.00,48.00,2,19.88,0.83,381.00,35.93,Warning
2026-01-01T03:35:00,server_038,31.00,27.00,108.00,209.00,17.00,2,19.71,0.77,315.00,34.83,Normal
2026-01-01T03:40:00,server_021,28.00,30.00,87.00,169.00,195.00,3,18.70,0.78,317.00,33.68,Normal
2026-01-01T03:45:00,server_022,44.00,33.00,153.00,194.00,45.00,2,18.79,0.81,391.00,36.53,Warning
2026-01-01T03:50:00,server_029,34.00,39.00,131.00,83.00,69.00,1,18.17,0.83,343.00,33.55,Normal
2026-01-01T03:55:00,server_038,40.00,43.00,131.00,272.00,59.00,3,19.42,0.84,381.00,36.76,Warning
2026-01-01T04:00:00,server_012,40.00,39.00,79.00,307.00,50.00,1,19.24,0.85,358.00,34.55,Normal
2026-01-01T04:05:00,server_007,54.00,56.00,86.00,147.00,20.00,2,19.14,0.76,438.00,40.18,Warning
2026-01-01T04:10:00,server_015,48.00,60.00,204.00,185.00,102.00,3,19.76,0.69,438.00,40.52,Warning
2026-01-01T04:15:00,server_015,35.00,31.00,127.00,126.00,48.00,3,21.82,0.78,362.00,36.39,Warning
2026-01-01T04:20:00,server_041,43.00,49.00,115.00,205.00,86.00,2,21.10,0.77,392.00,38.30,Warning
2026-01-01T04:25:00,server_013,47.00,39.00,86.00,391.00,39.00,2,19.93,0.77,400.00,38.26,Warning
2026-01-01T04:30:00,server_029,48.00,40.00,124.00,367.00,72.00,2,21.27,0.79,401.00,39.74,Warning
2026-01-01T04:35:00,server_021,49.00,49.00,206.00,331.00,30.00,3,20.86,0.79,437.00,40.15,Warning
2026-01-01T04:40:00,server_009,50.00,42.00,196.00,319.00,46.00,3,19.92,0.81,444.00,40.25,Warning
2026-01-01T04:45:00,server_032,47.00,37.00,115.00,321.00,27.00,1,21.70,0.72,376.00,39.18,Warning
2026-01-01T04:50:00,server_036,40.00,37.00,119.00,137.00,43.00,3,20.16,0.72,383.00,37.42,Warning
2026-01-01T04:55:00,server_024,48.00,37.00,216.00,160.00,27.00,2,20.07,0.73,410.00,39.28,Warning
2026-01-01T05:00:00,server_039,45.00,43.00,187.00,152.00,36.00,1,22.91,0.76,377.00,38.12,Warning
2026-01-01T05:05:00,server_044,48.00,42.00,113.00,179.00,24.00,2,22.10,0.85,426.00,40.22,Warning
2026-01-01T05:10:00,server_026,47.00,46.00,152.00,183.00,50.00,2,21.22,0.77,406.00,39.13,Warning
2026-01-01T05:15:00,server_039,49.00,47.00,133.00,246.00,67.00,2,21.50,0.75,433.00,40.37,Warning
2026-01-01T05:20:00,server_011,31.00,30.00,76.00,93.00,16.00,3,22.81,0.80,321.00,35.07,Warning
2026-01-01T05:25:00,server_001,43.00,46.00,71.00,146.00,58.00,2,23.34,0.75,383.00,39.08,Warning
2026-01-01T05:30:00,server_010,39.00,36.00,105.00,252.00,91.00,3,21.57,0.83,383.00,36.78,Warning
2026-01-01T05:35:00,server_042,42.00,45.00,121.00,176.00,25.00,1,22.57,0.81,374.00,36.36,Warning
2026-01-01T05:40:00,server_003,47.00,47.00,190.00,361.00,66.00,2,21.74,0.80,427.00,40.01,Warning
2026-01-01T05:45:00,server_009,49.00,40.00,150.00,153.00,47.00,1,21.51,0.78,382.00,39.01,Warning
2026-01-01T05:50:00,server_033,25.00,28.00,85.00,60.00,19.00,2,21.71,0.79,287.00,32.96,Normal
2026-01-01T05:55:00,server_002,39.00,37.00,104.00,253.00,86.00,3,21.81,0.78,365.00,36.84,Warning
2026-01-01T06:00:00,server_027,50.00,49.00,122.00,235.00,71.00,1,22.39,0.80,405.00,39.85,Warning
2026-01-01T06:05:00,server_029,52.00,59.00,84.00,308.00,96.00,3,24.84,0.72,467.00,43.30,Warning
2026-01-01T06:10:00,server_040,44.00,30.00,139.00,328.00,51.00,2,24.61,0.77,374.00,37.50,Warning
2026-01-01T06:15:00,server_019,48.00,52.00,95.00,206.00,45.00,1,25.02,0.80,406.00,40.22,Warning
2026-01-01T06:20:00,server_004,41.00,55.00,87.00,134.00,92.00,3,23.61,0.82,404.00,39.27,Warning
2026-01-01T06:25:00,server_011,58.00,49.00,117.00,356.00,28.00,3,23.76,0.81,482.00,42.78,Warning
2026-01-01T06:30:00,server_032,42.00,45.00,129.00,348.00,79.00,2,24.47,0.75,400.00,40.03,Warning
2026-01-01T06:35:00,server_019,52.00,43.00,137.00,383.00,31.00,1,22.39,0.82,393.00,38.70,Warning
2026-01-01T06:40:00,server_017,60.00,54.00,138.00,432.00,122.00,3,22.97,0.75,475.00,41.94,Warning
2026-01-01T06:45:00,server_011,52.00,49.00,106.00,283.00,27.00,2,23.11,0.83,430.00,40.10,Warning
2026-01-01T06:50:00,server_020,38.00,48.00,162.00,244.00,14.00,1,25.74,0.78,346.00,37.35,Warning
2026-01-01T06:55:00,server_048,52.00,43.00,239.00,146.00,109.00,3,23.72,0.72,439.00,40.79,Warning
2026-01-01T07:00:00,server_022,45.00,44.00,176.00,325.00,33.00,3,26.59,0.79,418.00,41.75,Warning
2026-01-01T07:05:00,server_010,52.00,47.00,125.00,281.00,69.00,1,25.90,0.73,408.00,41.15,Warning
2026-01-01T07:10:00,server_030,48.00,43.00,172.00,285.00,36.00,2,26.33,0.78,409.00,41.97,Warning
2026-01-01T07:15:00,server_003,51.00,57.00,193.00,298.00,53.00,1,26.43,0.79,424.00,42.08,Warning
2026-01-01T07:20:00,server_019,45.00,41.00,152.00,253.00,78.00,2,25.76,0.74,403.00,39.47,Warning
2026-01-01T07:25:00,server_018,52.00,43.00,149.00,293.00,145.00,1,25.15,0.77,399.00,39.70,Warning
2026-01-01T07:30:00,server_002,66.00,62.00,188.00,272.00,44.00,2,25.92,0.76,515.00,45.63,Critical
2026-01-01T07:35:00,server_032,54.00,60.00,116.00,258.00,49.00,2,24.96,0.74,454.00,41.58,Warning
2026-01-01T07:40:00,server_028,44.00,37.00,120.00,292.00,72.00,2,25.73,0.77,387.00,39.16,Warning
2026-01-01T07:45:00,server_044,50.00,50.00,227.00,415.00,36.00,3,26.99,0.79,458.00,42.42,Warning
2026-01-01T07:50:00,server_011,51.00,43.00,120.00,223.00,104.00,3,27.14,0.77,443.00,42.10,Warning
2026-01-01T07:55:00,server_021,45.00,46.00,159.00,234.00,67.00,3,25.33,0.77,419.00,40.66,Warning
2026-01-01T08:00:00,server_027,55.00,49.00,116.00,198.00,38.00,3,26.45,0.78,456.00,42.60,Warning
2026-01-01T08:05:00,server_022,51.00,42.00,119.00,220.00,106.00,1,28.08,0.78,408.00,39.62,Warning
2026-01-01T08:10:00,server_014,54.00,44.00,174.00,356.00,38.00,3,27.00,0.75,441.00,42.45,Warning
2026-01-01T08:15:00,server_008,65.00,70.00,191.00,439.00,25.00,1,27.70,0.80,510.00,46.00,Critical
2026-01-01T08:20:00,server_019,68.00,53.00,294.00,415.00,48.00,3,27.63,0.76,526.00,46.51,Critical
2026-01-01T08:25:00,server_005,53.00,42.00,202.00,185.00,45.00,2,27.89,0.79,424.00,41.53,Warning
2026-01-01T08:30:00,server_011,54.00,53.00,225.00,190.00,124.00,2,27.78,0.79,450.00,43.71,Warning
2026-01-01T08:35:00,server_005,54.00,45.00,162.00,365.00,40.00,2,28.88,0.78,434.00,41.50,Warning
2026-01-01T08:40:00,server_028,58.00,59.00,226.00,396.00,42.00,3,28.22,0.72,513.00,45.97,Critical
2026-01-01T08:45:00,server_020,47.00,42.00,160.00,262.00,48.00,2,28.64,0.86,402.00,40.57,Warning
2026-01-01T08:50:00,server_009,53.00,50.00,215.00,187.00,52.00,1,27.88,0.81,425.00,42.27,Warning
2026-01-01T08:55:00,server_012,62.00,53.00,246.00,160.00,58.00,1,28.04,0.78,462.00,43.91,Warning
2026-01-01T09:00:00,server_049,70.00,59.00,254.00,224.00,45.00,2,28.23,0.82,510.00,45.55,Critical
2026-01-01T09:05:00,server_036,69.00,70.00,249.00,262.00,27.00,2,29.88,0.78,531.00,47.26,Critical
2026-01-01T09:10:00,server_021,54.00,47.00,115.00,240.00,37.00,3,27.62,0.78,453.00,43.08,Warning
2026-01-01T09:15:00,server_017,62.00,64.00,214.00,139.00,37.00,2,28.75,0.77,481.00,44.42,Warning
2026-01-01T09:20:00,server_029,59.00,51.00,117.00,168.00,31.00,2,29.17,0.77,466.00,43.93,Warning
2026-01-01T09:25:00,server_025,57.00,57.00,195.00,388.00,34.00,2,30.18,0.82,475.00,44.10,Warning
2026-01-01T09:30:00,server_007,67.00,66.00,252.00,229.00,153.00,1,29.16,0.81,502.00,46.00,Critical
2026-01-01T09:35:00,server_014,51.00,50.00,192.00,214.00,20.00,1,29.12,0.75,401.00,42.38,Warning
2026-01-01T09:40:00,server_002,61.00,58.00,151.00,402.00,23.00,3,29.97,0.78,489.00,45.14,Critical
2026-01-01T09:45:00,server_025,54.00,40.00,189.00,348.00,34.00,2,27.52,0.76,430.00,42.10,Warning
2026-01-01T09:50:00,server_036,58.00,48.00,111.00,303.00,28.00,2,29.58,0.77,447.00,42.95,Warning
2026-01-01T09:55:00,server_049,57.00,61.00,133.00,233.00,76.00,2,28.60,0.77,472.00,44.56,Warning
2026-01-01T10:00:00,server_045,63.00,59.00,125.00,176.00,27.00,2,29.41,0.81,487.00,44.35,Warning
2026-01-01T10:05:00,server_041,60.00,48.00,117.00,275.00,139.00,3,28.90,0.82,498.00,45.07,Critical
2026-01-01T10:10:00,server_023,62.00,68.00,190.00,172.00,43.00,2,30.14,0.73,486.00,45.36,Critical
2026-01-01T10:15:00,server_015,67.00,53.00,198.00,361.00,90.00,1,30.34,0.77,489.00,45.78,Critical
2026-01-01T10:20:00,server_003,65.00,73.00,176.00,264.00,34.00,2,30.61,0.73,533.00,47.34,Critical
2026-01-01T10:25:00,server_043,55.00,57.00,208.00,328.00,36.00,2,30.59,0.79,450.00,44.00,Warning
2026-01-01T10:30:00,server_017,62.00,60.00,130.00,360.00,46.00,1,29.57,0.77,472.00,44.07,Warning
2026-01-01T10:35:00,server_021,54.00,57.00,140.00,165.00,102.00,2,30.53,0.79,462.00,43.34,Warning
2026-01-01T10:40:00,server_032,65.00,55.00,162.00,339.00,34.00,2,30.65,0.77,499.00,46.47,Critical
2026-01-01T10:45:00,server_034,55.00,42.00,241.00,242.00,25.00,3,29.11,0.78,449.00,42.14,Warning
2026-01-01T10:50:00,server_018,59.00,48.00,193.00,170.00,28.00,3,30.88,0.77,459.00,43.51,Warning
2026-01-01T10:55:00,server_041,67.00,50.00,207.00,275.00,49.00,1,30.80,0.78,489.00,45.19,Critical
2026-01-01T11:00:00,server_031,59.00,49.00,191.00,363.00,86.00,2,30.38,0.82,471.00,43.49,Warning
2026-01-01T11:05:00,server_022,68.00,52.00,245.00,161.00,137.00,2,29.44,0.72,500.00,46.12,Critical
2026-01-01T11:10:00,server_013,50.00,44.00,213.00,198.00,18.00,3,30.61,0.82,442.00,43.09,Warning
2026-01-01T11:15:00,server_050,64.00,56.00,171.00,420.00,52.00,2,30.38,0.81,512.00,45.10,Critical
2026-01-01T11:20:00,server_003,64.00,44.00,109.00,351.00,23.00,2,29.99,0.83,479.00,44.79,Warning
2026-01-01T11:25:00,server_002,71.00,58.00,319.00,176.00,42.00,2,30.20,0.83,509.00,45.95,Critical
2026-01-01T11:30:00,server_044,67.00,74.00,224.00,487.00,66.00,3,29.39,0.79,552.00,49.24,Critical
2026-01-01T11:35:00,server_032,69.00,64.00,185.00,372.00,94.00,2,30.79,0.72,510.00,47.21,Critical
2026-01-01T11:40:00,server_021,72.00,70.00,179.00,279.00,38.00,2,30.20,0.78,543.00,48.15,Critical
2026-01-01T11:45:00,server_019,61.00,54.00,230.00,343.00,65.00,2,31.65,0.73,494.00,45.75,Critical
2026-01-01T11:50:00,server_020,56.00,47.00,212.00,158.00,30.00,3,31.09,0.76,466.00,44.74,Warning
2026-01-01T11:55:00,server_030,63.00,50.00,161.00,429.00,35.00,2,31.86,0.79,480.00,46.16,Critical
2026-01-01T12:00:00,server_015,66.00,65.00,309.00,465.00,66.00,3,30.29,0.73,525.00,47.49,Critical
2026-01-01T12:05:00,server_005,78.00,78.00,283.00,514.00,55.00,1,31.02,0.74,562.00,50.71,Critical
2026-01-01T12:10:00,server_044,62.00,61.00,115.00,393.00,52.00,3,31.12,0.86,511.00,45.66,Critical
2026-01-01T12:15:00,server_029,64.00,46.00,232.00,326.00,123.00,2,31.18,0.79,499.00,46.59,Critical
2026-01-01T12:20:00,server_032,68.00,60.00,141.00,254.00,39.00,2,31.69,0.78,513.00,47.72,Critical
2026-01-01T12:25:00,server_001,71.00,66.00,197.00,260.00,180.00,2,30.92,0.79,529.00,47.73,Critical
2026-01-01T12:30:00,server_013,74.00,67.00,116.00,205.00,30.00,2,30.93,0.79,547.00,49.60,Critical
2026-01-01T12:35:00,server_038,64.00,46.00,157.00,402.00,30.00,3,30.95,0.77,497.00,45.91,Critical
2026-01-01T12:40:00,server_002,69.00,77.00,166.00,366.00,33.00,1,30.51,0.76,524.00,47.82,Critical
2026-01-01T12:45:00,server_024,60.00,72.00,128.00,378.00,31.00,1,32.06,0.78,467.00,47.28,Critical
2026-01-01T12:50:00,server_001,62.00,69.00,131.00,299.00,38.00,1,31.52,0.81,491.00,46.55,Critical
2026-01-01T12:55:00,server_040,71.00,60.00,156.00,244.00,42.00,2,31.32,0.76,519.00,47.14,Critical
2026-01-01T13:00:00,server_016,63.00,43.00,123.00,488.00,26.00,3,30.31,0.77,497.00,45.83,Critical
2026-01-01T13:05:00,server_022,85.00,56.00,254.00,201.00,103.00,2,30.38,0.74,563.00,50.00,Critical
2026-01-01T13:10:00,server_047,78.00,78.00,253.00,230.00,138.00,3,31.93,0.78,586.00,50.49,Critical
2026-01-01T13:15:00,server_017,72.00,53.00,189.00,531.00,42.00,2,29.82,0.76,538.00,46.90,Critical
2026-01-01T13:20:00,server_041,65.00,54.00,223.00,326.00,50.00,2,31.88,0.76,496.00,46.63,Critical
2026-01-01T13:25:00,server_050,82.00,84.00,147.00,382.00,68.00,2,30.11,0.77,582.00,50.95,Critical
2026-01-01T13:30:00,server_047,76.00,72.00,292.00,188.00,60.00,1,30.11,0.75,539.00,48.00,Critical
2026-01-01T13:35:00,server_045,70.00,70.00,276.00,302.00,55.00,1,32.04,0.76,498.00,47.65,Critical
2026-01-01T13:40:00,server_011,61.00,52.00,125.00,384.00,40.00,2,31.29,0.75,468.00,45.11,Critical
2026-01-01T13:45:00,server_022,84.00,49.00,193.00,465.00,43.00,2,29.63,0.76,572.00,50.39,Critical
2026-01-01T13:50:00,server_045,66.00,51.00,168.00,297.00,84.00,3,29.70,0.81,508.00,47.10,Critical
2026-01-01T13:55:00,server_023,62.00,70.00,201.00,432.00,101.00,2,31.30,0.77,504.00,47.32,Critical
2026-01-01T14:00:00,server_006,73.00,60.00,193.00,335.00,55.00,3,30.58,0.76,550.00,48.83,Critical
2026-01-01T14:05:00,server_036,76.00,56.00,283.00,174.00,51.00,1,30.96,0.78,514.00,48.43,Critical
2026-01-01T14:10:00,server_004,86.00,66.00,310.00,536.00,45.00,3,30.12,0.81,618.00,51.94,Critical
2026-01-01T14:15:00,server_043,67.00,52.00,294.00,328.00,116.00,2,29.05,0.77,500.00,46.44,Critical
2026-01-01T14:20:00,server_016,65.00,60.00,238.00,325.00,59.00,2,31.20,0.77,513.00,47.28,Critical
2026-01-01T14:25:00,server_011,79.00,84.00,283.00,486.00,34.00,1,30.71,0.74,567.00,51.30,Critical
2026-01-01T14:30:00,server_018,77.00,57.00,145.00,358.00,87.00,1,29.73,0.81,536.00,47.94,Critical
2026-01-01T14:35:00,server_004,64.00,41.00,170.00,366.00,53.00,3,29.02,0.79,493.00,45.39,Critical
2026-01-01T14:40:00,server_028,57.00,55.00,191.00,229.00,59.00,2,31.02,0.79,456.00,44.18,Warning
2026-01-01T14:45:00,server_008,74.00,80.00,270.00,432.00,43.00,1,30.02,0.84,555.00,50.01,Critical
2026-01-01T14:50:00,server_001,68.00,50.00,297.00,179.00,37.00,2,30.38,0.78,503.00,46.85,Critical
2026-01-01T14:55:00,server_035,69.00,66.00,302.00,265.00,90.00,3,31.52,0.82,541.00,46.93,Critical
2026-01-01T15:00:00,server_049,68.00,54.00,272.00,246.00,114.00,2,27.94,0.82,513.00,46.66,Critical
2026-01-01T15:05:00,server_011,66.00,72.00,250.00,297.00,66.00,2,29.55,0.81,512.00,47.01,Critical
2026-01-01T15:10:00,server_042,80.00,66.00,239.00,314.00,39.00,3,29.71,0.78,581.00,50.22,Critical
2026-01-01T15:15:00,server_049,60.00,49.00,93.00,353.00,70.00,1,27.83,0.87,447.00,42.49,Warning
2026-01-01T15:20:00,server_007,78.00,69.00,233.00,310.00,55.00,2,29.60,0.79,561.00,49.48,Critical
2026-01-01T15:25:00,server_005,65.00,56.00,102.00,241.00,32.00,3,29.36,0.80,500.00,45.93,Critical
2026-01-01T15:30:00,server_002,76.00,72.00,296.00,186.00,30.00,1,28.59,0.71,544.00,48.51,Critical
2026-01-01T15:35:00,server_008,74.00,65.00,216.00,351.00,66.00,2,28.88,0.71,544.00,49.80,Critical
2026-01-01T15:40:00,server_049,77.00,52.00,279.00,274.00,52.00,2,28.84,0.73,552.00,49.02,Critical
2026-01-01T15:45:00,server_004,70.00,71.00,278.00,455.00,58.00,3,28.96,0.74,566.00,48.14,Critical
2026-01-01T15:50:00,server_023,76.00,76.00,104.00,440.00,62.00,1,29.65,0.80,539.00,47.73,Critical
2026-01-01T15:55:00,server_039,73.00,68.00,317.00,345.00,48.00,2,29.29,0.79,545.00,48.22,Critical
2026-01-01T16:00:00,server_009,64.00,52.00,107.00,455.00,25.00,1,27.89,0.77,476.00,44.39,Warning
2026-01-01T16:05:00,server_034,70.00,68.00,209.00,188.00,48.00,2,27.56,0.75,523.00,47.36,Critical
2026-01-01T16:10:00,server_028,64.00,48.00,218.00,483.00,46.00,1,27.61,0.78,478.00,44.15,Warning
2026-01-01T16:15:00,server_025,78.00,63.00,343.00,565.00,59.00,2,28.23,0.74,561.00,49.67,Critical
2026-01-01T16:20:00,server_030,71.00,72.00,216.00,329.00,71.00,2,25.97,0.75,540.00,46.74,Critical
2026-01-01T16:25:00,server_017,60.00,51.00,182.00,373.00,92.00,2,27.36,0.83,462.00,42.96,Warning
2026-01-01T16:30:00,server_050,67.00,53.00,135.00,435.00,49.00,1,27.56,0.83,470.00,44.03,Warning
2026-01-01T16:35:00,server_049,65.00,70.00,161.00,497.00,37.00,1,27.80,0.72,508.00,47.01,Critical
2026-01-01T16:40:00,server_042,72.00,55.00,288.00,504.00,43.00,2,28.51,0.73,533.00,49.03,Critical
2026-01-01T16:45:00,server_049,61.00,45.00,277.00,303.00,41.00,2,28.16,0.75,466.00,44.62,Warning
2026-01-01T16:50:00,server_028,67.00,64.00,137.00,370.00,100.00,2,26.92,0.81,513.00,44.84,Warning
2026-01-01T16:55:00,server_050,72.00,49.00,164.00,405.00,31.00,3,28.22,0.86,533.00,46.00,Critical
2026-01-01T17:00:00,server_042,53.00,49.00,95.00,346.00,26.00,1,25.45,0.75,426.00,41.11,Warning
2026-01-01T17:05:00,server_020,64.00,54.00,174.00,292.00,39.00,2,25.06,0.76,488.00,45.22,Critical
2026-01-01T17:10:00,server_040,68.00,82.00,206.00,196.00,81.00,2,25.83,0.78,550.00,46.88,Critical
2026-01-01T17:15:00,server_025,68.00,49.00,287.00,327.00,43.00,1,25.70,0.68,497.00,46.06,Critical
2026-01-01T17:20:00,server_027,65.00,55.00,120.00,335.00,30.00,2,24.57,0.81,501.00,45.05,Critical
2026-01-01T17:25:00,server_042,69.00,47.00,221.00,441.00,25.00,1,25.96,0.76,493.00,44.51,Warning
2026-01-01T17:30:00,server_006,57.00,54.00,197.00,371.00,73.00,2,25.60,0.77,466.00,42.73,Warning
2026-01-01T17:35:00,server_008,57.00,47.00,119.00,249.00,24.00,2,24.89,0.77,450.00,42.36,Warning
2026-01-01T17:40:00,server_045,60.00,52.00,146.00,328.00,40.00,2,25.03,0.74,480.00,43.05,Warning
2026-01-01T17:45:00,server_026,65.00,71.00,171.00,365.00,108.00,1,25.61,0.75,512.00,44.82,Warning
2026-01-01T17:50:00,server_003,63.00,58.00,140.00,246.00,35.00,1,25.49,0.75,467.00,43.27,Warning
2026-01-01T17:55:00,server_021,66.00,74.00,148.00,180.00,184.00,1,25.68,0.81,501.00,45.83,Critical
2026-01-01T18:00:00,server_020,62.00,61.00,116.00,184.00,62.00,2,23.44,0.70,475.00,44.37,Warning
2026-01-01T18:05:00,server_019,71.00,61.00,261.00,223.00,57.00,2,23.13,0.81,536.00,45.98,Critical
2026-01-01T18:10:00,server_010,60.00,47.00,100.00,188.00,74.00,3,23.05,0.79,470.00,40.78,Warning
2026-01-01T18:15:00,server_029,67.00,66.00,285.00,416.00,73.00,3,24.84,0.78,542.00,46.93,Critical
2026-01-01T18:20:00,server_007,67.00,56.00,228.00,463.00,124.00,3,24.02,0.81,513.00,45.20,Critical
2026-01-01T18:25:00,server_046,62.00,45.00,215.00,172.00,40.00,2,24.28,0.80,466.00,43.71,Warning
2026-01-01T18:30:00,server_022,68.00,53.00,229.00,348.00,64.00,3,22.85,0.75,519.00,44.03,Warning
2026-01-01T18:35:00,server_010,65.00,63.00,123.00,323.00,29.00,2,24.25,0.81,505.00,44.44,Warning
2026-01-01T18:40:00,server_041,52.00,64.00,143.00,343.00,36.00,2,24.66,0.79,460.00,42.94,Warning
2026-01-01T18:45:00,server_033,58.00,64.00,180.00,215.00,32.00,1,24.22,0.72,461.00,43.63,Warning
2026-01-01T18:50:00,server_021,71.00,62.00,297.00,243.00,98.00,2,24.71,0.76,515.00,45.99,Critical
2026-01-01T18:55:00,server_038,74.00,70.00,189.00,210.00,88.00,2,25.62,0.85,542.00,45.95,Critical
2026-01-01T19:00:00,server_018,60.00,61.00,240.00,409.00,28.00,3,21.79,0.79,505.00,43.40,Warning
2026-01-01T19:05:00,server_004,56.00,51.00,110.00,422.00,37.00,1,21.65,0.75,436.00,41.45,Warning
2026-01-01T19:10:00,server_041,57.00,55.00,204.00,386.00,24.00,2,22.93,0.82,466.00,42.28,Warning
2026-01-01T19:15:00,server_034,53.00,53.00,203.00,210.00,103.00,2,22.68,0.85,435.00,40.30,Warning
2026-01-01T19:20:00,server_012,54.00,48.00,234.00,329.00,132.00,2,21.93,0.81,449.00,41.11,Warning
2026-01-01T19:25:00,server_047,60.00,60.00,201.00,271.00,39.00,3,22.39,0.76,492.00,43.32,Warning
2026-01-01T19:30:00,server_046,61.00,64.00,146.00,400.00,76.00,1,21.92,0.77,474.00,44.00,Warning
2026-01-01T19:35:00,server_020,42.00,31.00,102.00,310.00,24.00,2,22.40,0.75,369.00,38.01,Warning
2026-01-01T19:40:00,server_003,56.00,47.00,129.00,293.00,35.00,2,22.14,0.77,453.00,41.50,Warning
2026-01-01T19:45:00,server_006,59.00,39.00,162.00,440.00,47.00,2,22.73,0.78,461.00,41.22,Warning
2026-01-01T19:50:00,server_002,54.00,61.00,97.00,231.00,75.00,2,22.41,0.82,446.00,41.13,Warning
2026-01-01T19:55:00,server_008,62.00,62.00,251.00,160.00,67.00,3,22.33,0.78,526.00,44.39,Warning
2026-01-01T20:00:00,server_009,51.00,41.00,222.00,185.00,28.00,2,20.89,0.79,413.00,39.22,Warning
2026-01-01T20:05:00,server_030,62.00,57.00,160.00,208.00,42.00,1,21.63,0.78,460.00,42.24,Warning
2026-01-01T20:10:00,server_021,55.00,45.00,231.00,361.00,37.00,2,21.22,0.76,458.00,40.30,Warning
2026-01-01T20:15:00,server_050,65.00,68.00,99.00,419.00,93.00,2,20.71,0.75,510.00,44.88,Warning
2026-01-01T20:20:00,server_042,60.00,67.00,109.00,189.00,43.00,2,22.05,0.82,486.00,43.10,Warning
2026-01-01T20:25:00,server_005,44.00,40.00,188.00,168.00,99.00,1,21.22,0.80,372.00,37.26,Warning
2026-01-01T20:30:00,server_029,61.00,62.00,191.00,442.00,31.00,3,21.33,0.84,503.00,42.35,Warning
2026-01-01T20:35:00,server_039,49.00,44.00,96.00,105.00,94.00,2,19.88,0.80,415.00,39.81,Warning
2026-01-01T20:40:00,server_004,52.00,41.00,219.00,353.00,31.00,3,19.85,0.74,436.00,40.25,Warning
2026-01-01T20:45:00,server_024,53.00,47.00,180.00,232.00,21.00,2,21.60,0.76,438.00,41.17,Warning
2026-01-01T20:50:00,server_022,60.00,65.00,166.00,441.00,89.00,2,19.84,0.75,494.00,42.83,Warning
2026-01-01T20:55:00,server_014,55.00,45.00,218.00,346.00,24.00,2,20.89,0.83,442.00,40.93,Warning
2026-01-01T21:00:00,server_045,51.00,45.00,198.00,200.00,58.00,1,19.06,0.73,402.00,38.44,Warning
2026-01-01T21:05:00,server_021,57.00,52.00,253.00,194.00,74.00,3,18.73,0.73,496.00,42.86,Warning
2026-01-01T21:10:00,server_031,42.00,44.00,108.00,246.00,113.00,3,19.88,0.76,395.00,37.69,Warning
2026-01-01T21:15:00,server_001,45.00,42.00,112.00,331.00,43.00,3,19.37,0.82,411.00,38.37,Warning
2026-01-01T21:20:00,server_019,42.00,34.00,112.00,236.00,20.00,3,18.77,0.81,381.00,35.45,Warning
2026-01-01T21:25:00,server_040,50.00,40.00,72.00,158.00,94.00,1,18.48,0.83,381.00,37.17,Warning
2026-01-01T21:30:00,server_034,63.00,59.00,249.00,257.00,161.00,2,19.65,0.84,493.00,41.15,Warning
2026-01-01T21:35:00,server_012,42.00,47.00,107.00,132.00,68.00,1,20.14,0.81,360.00,37.49,Warning
2026-01-01T21:40:00,server_034,52.00,43.00,102.00,187.00,42.00,3,18.84,0.80,421.00,39.68,Warning
2026-01-01T21:45:00,server_041,47.00,42.00,133.00,206.00,54.00,2,20.02,0.81,388.00,38.71,Warning
2026-01-01T21:50:00,server_044,44.00,46.00,110.00,247.00,111.00,1,18.69,0.78,365.00,35.69,Warning
2026-01-01T21:55:00,server_017,39.00,37.00,90.00,251.00,76.00,1,17.84,0.78,333.00,34.82,Normal
2026-01-01T22:00:00,server_040,40.00,39.00,103.00,295.00,54.00,2,17.01,0.79,380.00,35.47,Warning
2026-01-01T22:05:00,server_008,42.00,53.00,190.00,98.00,86.00,2,18.84,0.79,396.00,38.73,Warning
2026-01-01T22:10:00,server_018,46.00,42.00,118.00,268.00,81.00,1,17.34,0.81,390.00,36.27,Warning
2026-01-01T22:15:00,server_042,36.00,33.00,106.00,198.00,40.00,2,18.59,0.74,328.00,34.59,Normal
2026-01-01T22:20:00,server_042,46.00,41.00,177.00,277.00,22.00,2,16.62,0.80,404.00,37.71,Warning
2026-01-01T22:25:00,server_029,54.00,54.00,144.00,363.00,29.00,2,18.09,0.73,439.00,40.65,Warning
2026-01-01T22:30:00,server_018,47.00,50.00,116.00,332.00,44.00,3,17.58,0.76,426.00,39.90,Warning
2026-01-01T22:35:00,server_009,56.00,50.00,98.00,156.00,40.00,1,17.40,0.80,412.00,37.53,Warning
2026-01-01T22:40:00,server_026,55.00,67.00,100.00,316.00,69.00,2,17.87,0.74,454.00,41.05,Warning
2026-01-01T22:45:00,server_036,47.00,54.00,134.00,391.00,124.00,2,19.05,0.82,436.00,38.40,Warning
2026-01-01T22:50:00,server_018,45.00,45.00,195.00,308.00,86.00,2,18.18,0.78,417.00,38.44,Warning
2026-01-01T22:55:00,server_027,57.00,62.00,246.00,216.00,22.00,2,18.22,0.70,464.00,41.98,Warning
2026-01-01T23:00:00,server_021,55.00,52.00,205.00,256.00,75.00,3,16.99,0.79,467.00,40.44,Warning
2026-01-01T23:05:00,server_014,36.00,30.00,90.00,244.00,17.00,1,17.23,0.77,336.00,34.90,Normal
2026-01-01T23:10:00,server_002,33.00,39.00,134.00,253.00,64.00,2,17.09,0.73,346.00,35.05,Warning
2026-01-01T23:15:00,server_025,40.00,47.00,141.00,213.00,48.00,2,16.80,0.79,376.00,37.75,Warning
2026-01-01T23:20:00,server_009,46.00,39.00,114.00,230.00,39.00,1,16.45,0.80,376.00,37.11,Warning
2026-01-01T23:25:00,server_046,38.00,43.00,115.00,214.00,16.00,1,18.32,0.79,357.00,35.97,Warning
2026-01-01T23:30:00,server_012,42.00,52.00,109.00,295.00,33.00,3,17.18,0.81,420.00,37.91,Warning
2026-01-01T23:35:00,server_035,49.00,42.00,171.00,244.00,19.00,1,17.80,0.86,390.00,36.95,Warning
2026-01-01T23:40:00,server_037,36.00,41.00,171.00,247.00,52.00,1,17.89,0.78,333.00,34.82,Normal
2026-01-01T23:45:00,server_042,38.00,36.00,63.00,185.00,15.00,2,18.90,0.80,354.00,36.22,Warning
2026-01-01T23:50:00,server_028,51.00,48.00,189.00,327.00,47.00,1,17.10,0.74,407.00,37.50,Warning
2026-01-01T23:55:00,server_001,33.00,39.00,75.00,100.00,54.00,2,17.25,0.81,342.00,33.84,Normal
2026-01-02T00:00:00,server_032,40.00,39.00,91.00,230.00,31.00,2,16.47,0.74,368.00,35.71,Warning
2026-01-02T00:05:00,server_001,43.00,31.00,170.00,243.00,82.00,2,18.55,0.81,371.00,36.23,Warning
2026-01-02T00:10:00,server_021,37.00,48.00,151.00,199.00,22.00,1,17.39,0.77,371.00,35.29,Warning
2026-01-02T00:15:00,server_038,38.00,39.00,121.00,199.00,43.00,1,16.14,0.83,351.00,33.91,Normal
2026-01-02T00:20:00,server_028,54.00,62.00,99.00,317.00,36.00,3,17.51,0.73,465.00,39.70,Warning
2026-01-02T00:25:00,server_039,44.00,49.00,133.00,306.00,71.00,3,16.50,0.75,419.00,37.37,Warning
2026-01-02T00:30:00,server_003,34.00,31.00,68.00,191.00,47.00,2,17.46,0.76,345.00,35.79,Warning
2026-01-02T00:35:00,server_035,35.00,29.00,123.00,260.00,84.00,2,16.66,0.78,339.00,33.56,Normal
2026-01-02T00:40:00,server_005,45.00,49.00,102.00,204.00,142.00,2,17.62,0.80,404.00,37.69,Warning
2026-01-02T00:45:00,server_016,43.00,47.00,146.00,284.00,84.00,2,16.44,0.75,389.00,36.95,Warning
2026-01-02T00:50:00,server_039,38.00,42.00,151.00,186.00,35.00,1,16.29,0.81,353.00,34.11,Normal
2026-01-02T00:55:00,server_010,42.00,35.00,125.00,220.00,95.00,3,17.71,0.78,405.00,37.12,Warning
2026-01-02T01:00:00,server_041,37.00,34.00,47.00,291.00,40.00,2,16.13,0.79,358.00,34.68,Normal
2026-01-02T01:05:00,server_032,39.00,42.00,65.00,146.00,49.00,2,17.61,0.78,367.00,35.15,Warning
2026-01-02T01:10:00,server_019,37.00,42.00,170.00,126.00,28.00,2,17.81,0.82,367.00,35.99,Warning
2026-01-02T01:15:00,server_011,40.00,43.00,121.00,225.00,124.00,2,17.92,0.73,374.00,35.76,Warning
2026-01-02T01:20:00,server_042,38.00,29.00,138.00,274.00,60.00,3,17.05,0.73,376.00,34.68,Normal
2026-01-02T01:25:00,server_043,42.00,37.00,136.00,263.00,20.00,3,17.80,0.76,397.00,36.79,Warning
2026-01-02T01:30:00,server_046,59.00,48.00,150.00,380.00,37.00,3,17.70,0.72,476.00,41.48,Warning
2026-01-02T01:35:00,server_028,30.00,39.00,59.00,216.00,21.00,3,17.76,0.85,348.00,34.30,Normal
2026-01-02T01:40:00,server_002,46.00,47.00,119.00,210.00,24.00,1,17.92,0.78,377.00,38.12,Warning
2026-01-02T01:45:00,server_049,27.00,34.00,116.00,109.00,60.00,2,17.74,0.75,323.00,33.39,Normal
2026-01-02T01:50:00,server_013,43.00,47.00,103.00,225.00,31.00,2,17.27,0.75,377.00,36.97,Warning
2026-01-02T01:55:00,server_033,39.00,38.00,202.00,304.00,71.00,2,16.46,0.82,354.00,34.27,Normal
2026-01-02T02:00:00,server_034,42.00,41.00,180.00,312.00,34.00,1,18.91,0.83,376.00,36.23,Warning
2026-01-02T02:05:00,server_007,47.00,40.00,119.00,154.00,72.00,2,17.99,0.79,389.00,36.32,Warning
2026-01-02T02:10:00,server_040,41.00,30.00,79.00,139.00,53.00,2,19.07,0.77,378.00,36.57,Warning
2026-01-02T02:15:00,server_049,37.00,28.00,118.00,136.00,16.00,3,18.04,0.78,369.00,35.10,Warning
2026-01-02T02:20:00,server_026,38.00,34.00,153.00,108.00,26.00,2,18.00,0.79,348.00,35.32,Warning
2026-01-02T02:25:00,server_006,41.00,37.00,77.00,186.00,55.00,1,18.50,0.74,342.00,35.68,Warning
2026-01-02T02:30:00,server_014,37.00,37.00,64.00,273.00,57.00,1,19.60,0.76,329.00,35.15,Warning
2026-01-02T02:35:00,server_020,49.00,46.00,176.00,244.00,50.00,1,18.28,0.79,402.00,38.60,Warning
2026-01-02T02:40:00,server_043,49.00,57.00,201.00,230.00,29.00,2,18.18,0.79,426.00,38.91,Warning
2026-01-02T02:45:00,server_048,24.00,23.00,91.00,124.00,55.00,3,17.14,0.82,319.00,31.57,Normal
2026-01-02T02:50:00,server_018,49.00,47.00,111.00,185.00,37.00,2,18.77,0.70,414.00,39.61,Warning
2026-01-02T02:55:00,server_012,37.00,42.00,57.00,109.00,16.00,2,19.28,0.75,372.00,36.76,Warning
2026-01-02T03:00:00,server_020,47.00,31.00,206.00,208.00,32.00,2,19.79,0.75,381.00,36.50,Warning
2026-01-02T03:05:00,server_048,51.00,58.00,123.00,254.00,68.00,1,18.48,0.85,437.00,39.92,Warning
2026-01-02T03:10:00,server_010,28.00,33.00,102.00,184.00,19.00,2,19.87,0.76,321.00,34.19,Normal
2026-01-02T03:15:00,server_028,34.00,36.00,142.00,260.00,108.00,1,18.11,0.80,319.00,34.11,Normal
2026-01-02T03:20:00,server_033,35.00,42.00,108.00,239.00,28.00,1,18.03,0.75,327.00,34.33,Normal
2026-01-02T03:25:00,server_005,39.00,47.00,87.00,244.00,32.00,2,19.43,0.78,379.00,36.75,Warning
2026-01-02T03:30:00,server_036,38.00,50.00,152.00,166.00,35.00,2,18.39,0.81,359.00,36.96,Warning
2026-01-02T03:35:00,server_024,47.00,55.00,144.00,209.00,28.00,1,19.10,0.80,397.00,38.09,Warning
2026-01-02T03:40:00,server_025,39.00,48.00,88.00,157.00,38.00,3,18.23,0.73,393.00,38.33,Warning
2026-01-02T03:45:00,server_037,39.00,33.00,113.00,299.00,34.00,2,18.12,0.81,375.00,35.47,Warning
2026-01-02T03:50:00,server_002,45.00,43.00,94.00,169.00,58.00,3,19.36,0.78,418.00,38.11,Warning
2026-01-02T03:55:00,server_037,46.00,44.00,152.00,224.00,17.00,3,19.00,0.85,414.00,37.25,Warning
2026-01-02T04:00:00,server_043,45.00,54.00,93.00,290.00,58.00,2,21.14,0.74,406.00,38.33,Warning
2026-01-02T04:05:00,server_034,49.00,41.00,140.00,335.00,27.00,3,20.54,0.73,443.00,41.18,Warning
2026-01-02T04:10:00,server_044,41.00,38.00,182.00,177.00,16.00,3,21.06,0.84,390.00,37.51,Warning
2026-01-02T04:15:00,server_038,43.00,34.00,92.00,257.00,16.00,2,20.96,0.79,370.00,36.78,Warning
2026-01-02T04:20:00,server_014,33.00,40.00,114.00,106.00,43.00,1,20.25,0.74,333.00,35.53,Warning
2026-01-02T04:25:00,server_010,45.00,36.00,79.00,115.00,26.00,2,20.99,0.78,381.00,38.48,Warning
2026-01-02T04:30:00,server_022,48.00,44.00,167.00,196.00,25.00,1,20.04,0.83,390.00,36.85,Warning
2026-01-02T04:35:00,server_044,31.00,36.00,105.00,158.00,35.00,3,20.80,0.78,353.00,35.47,Warning
2026-01-02T04:40:00,server_037,53.00,51.00,241.00,303.00,35.00,1,19.63,0.78,426.00,39.74,Warning
2026-01-02T04:45:00,server_017,48.00,53.00,148.00,254.00,17.00,1,21.52,0.80,406.00,39.37,Warning
2026-01-02T04:50:00,server_035,35.00,31.00,145.00,260.00,61.00,2,19.30,0.73,338.00,36.26,Warning
2026-01-02T04:55:00,server_024,50.00,49.00,134.00,282.00,52.00,2,20.58,0.82,416.00,39.07,Warning
2026-01-02T05:00:00,server_048,42.00,43.00,99.00,107.00,70.00,1,23.03,0.81,362.00,37.56,Warning
2026-01-02T05:05:00,server_035,55.00,56.00,167.00,334.00,67.00,1,22.41,0.77,424.00,41.73,Warning
2026-01-02T05:10:00,server_050,43.00,36.00,141.00,168.00,22.00,2,21.91,0.77,377.00,37.79,Warning
2026-01-02T05:15:00,server_001,41.00,37.00,144.00,190.00,26.00,2,21.13,0.79,375.00,38.29,Warning
2026-01-02T05:20:00,server_043,47.00,45.00,142.00,278.00,19.00,3,22.72,0.84,431.00,38.28,Warning
2026-01-02T05:25:00,server_043,42.00,40.00,169.00,319.00,48.00,3,22.11,0.71,406.00,39.46,Warning
2026-01-02T05:30:00,server_002,41.00,46.00,73.00,168.00,23.00,3,22.85,0.79,396.00,39.27,Warning
2026-01-02T05:35:00,server_031,48.00,48.00,114.00,293.00,68.00,1,23.80,0.75,408.00,40.35,Warning
2026-01-02T05:40:00,server_047,54.00,52.00,174.00,204.00,22.00,1,22.30,0.77,423.00,41.52,Warning
2026-01-02T05:45:00,server_005,47.00,40.00,198.00,267.00,70.00,2,22.23,0.77,413.00,39.72,Warning
2026-01-02T05:50:00,server_018,39.00,34.00,84.00,252.00,73.00,1,22.21,0.75,347.00,36.64,Warning
2026-01-02T05:55:00,server_004,51.00,46.00,214.00,168.00,61.00,2,22.19,0.75,418.00,41.49,Warning
2026-01-02T06:00:00,server_018,59.00,67.00,262.00,266.00,37.00,2,23.80,0.78,498.00,43.72,Warning
2026-01-02T06:05:00,server_012,56.00,48.00,126.00,179.00,22.00,3,22.95,0.79,471.00,41.24,Warning
2026-01-02T06:10:00,server_034,40.00,41.00,86.00,221.00,56.00,3,24.32,0.74,378.00,37.93,Warning
2026-01-02T06:15:00,server_019,45.00,42.00,93.00,167.00,26.00,2,22.10,0.74,382.00,38.86,Warning
2026-01-02T06:20:00,server_004,61.00,71.00,184.00,152.00,87.00,3,22.86,0.74,515.00,45.26,Critical
2026-01-02T06:25:00,server_005,50.00,45.00,144.00,332.00,46.00,2,23.54,0.76,440.00,41.31,Warning
2026-01-02T06:30:00,server_038,51.00,54.00,207.00,294.00,91.00,3,23.75,0.82,466.00,42.75,Warning
2026-01-02T06:35:00,server_021,51.00,56.00,232.00,225.00,88.00,3,23.37,0.83,466.00,42.92,Warning
2026-01-02T06:40:00,server_049,52.00,56.00,225.00,257.00,81.00,2,23.15,0.83,443.00,41.40,Warning
2026-01-02T06:45:00,server_050,48.00,45.00,171.00,212.00,31.00,2,24.18,0.75,396.00,38.78,Warning
2026-01-02T06:50:00,server_035,54.00,46.00,233.00,260.00,62.00,2,24.42,0.75,436.00,42.66,Warning
2026-01-02T06:55:00,server_031,45.00,31.00,193.00,221.00,228.00,1,22.88,0.71,373.00,38.01,Warning
2026-01-02T07:00:00,server_013,57.00,65.00,124.00,210.00,165.00,2,27.31,0.84,470.00,43.19,Warning
2026-01-02T07:05:00,server_038,41.00,38.00,132.00,190.00,15.00,2,24.50,0.78,385.00,38.46,Warning
2026-01-02T07:10:00,server_013,40.00,39.00,78.00,214.00,39.00,2,26.60,0.79,383.00,39.03,Warning
2026-01-02T07:15:00,server_037,52.00,66.00,189.00,321.00,53.00,2,25.57,0.74,453.00,42.76,Warning
2026-01-02T07:20:00,server_028,45.00,40.00,125.00,240.00,60.00,3,25.83,0.78,413.00,41.03,Warning
2026-01-02T07:25:00,server_004,44.00,43.00,218.00,304.00,34.00,2,25.52,0.74,391.00,38.61,Warning
2026-01-02T07:30:00,server_043,49.00,43.00,106.00,175.00,30.00,2,27.33,0.77,419.00,40.42,Warning
2026-01-02T07:35:00,server_038,51.00,52.00,183.00,202.00,28.00,2,25.46,0.77,409.00,40.25,Warning
2026-01-02T07:40:00,server_039,39.00,40.00,74.00,253.00,18.00,2,25.86,0.79,373.00,38.64,Warning
2026-01-02T07:45:00,server_011,46.00,45.00,105.00,260.00,30.00,2,26.61,0.78,387.00,39.39,Warning
2026-01-02T07:50:00,server_039,49.00,55.00,179.00,138.00,22.00,1,26.49,0.75,414.00,41.67,Warning
2026-01-02T07:55:00,server_024,68.00,70.00,186.00,362.00,58.00,1,25.56,0.77,514.00,45.91,Critical
2026-01-02T08:00:00,server_003,61.00,48.00,231.00,399.00,33.00,2,27.12,0.75,478.00,42.78,Warning
2026-01-02T08:05:00,server_003,47.00,45.00,111.00,150.00,47.00,2,27.91,0.77,406.00,40.29,Warning
2026-01-02T08:10:00,server_019,56.00,48.00,237.00,224.00,67.00,3,27.50,0.76,446.00,43.28,Warning
2026-01-02T08:15:00,server_033,53.00,44.00,108.00,294.00,20.00,1,28.14,0.79,408.00,40.72,Warning
2026-01-02T08:20:00,server_027,56.00,45.00,227.00,145.00,44.00,1,27.95,0.83,437.00,43.69,Warning
2026-01-02T08:25:00,server_021,54.00,52.00,123.00,389.00,40.00,2,28.16,0.74,453.00,43.53,Warning
2026-01-02T08:30:00,server_028,64.00,65.00,248.00,160.00,31.00,1,27.42,0.80,483.00,45.27,Critical
2026-01-02T08:35:00,server_030,56.00,42.00,177.00,265.00,20.00,3,28.17,0.75,471.00,44.22,Warning
2026-01-02T08:40:00,server_003,53.00,60.00,199.00,390.00,74.00,2,28.10,0.80,449.00,41.76,Warning
2026-01-02T08:45:00,server_039,58.00,57.00,137.00,367.00,121.00,2,28.02,0.76,466.00,44.38,Warning
2026-01-02T08:50:00,server_026,58.00,51.00,252.00,298.00,21.00,2,26.66,0.81,450.00,41.96,Warning
2026-01-02T08:55:00,server_012,59.00,65.00,229.00,366.00,58.00,1,27.22,0.81,471.00,43.58,Warning
2026-01-02T09:00:00,server_022,57.00,52.00,207.00,275.00,42.00,2,28.90,0.82,458.00,43.58,Warning
2026-01-02T09:05:00,server_021,70.00,55.00,267.00,357.00,45.00,3,28.33,0.77,537.00,47.36,Critical
2026-01-02T09:10:00,server_024,53.00,54.00,243.00,156.00,25.00,3,29.56,0.76,466.00,43.06,Warning
2026-01-02T09:15:00,server_006,66.00,58.00,237.00,236.00,45.00,2,28.15,0.77,504.00,44.97,Warning
2026-01-02T09:20:00,server_032,47.00,45.00,159.00,359.00,18.00,1,28.02,0.81,384.00,40.11,Warning
2026-01-02T09:25:00,server_041,62.00,49.00,188.00,238.00,27.00,2,28.84,0.78,472.00,44.26,Warning
2026-01-02T09:30:00,server_026,52.00,60.00,184.00,266.00,64.00,1,29.53,0.78,432.00,41.72,Warning
2026-01-02T09:35:00,server_031,57.00,57.00,227.00,234.00,42.00,1,28.74,0.79,441.00,43.70,Warning
2026-01-02T09:40:00,server_008,61.00,59.00,166.00,202.00,59.00,3,30.22,0.78,490.00,46.86,Critical
2026-01-02T09:45:00,server_015,67.00,55.00,291.00,471.00,27.00,1,29.68,0.75,509.00,47.70,Critical
2026-01-02T09:50:00,server_032,67.00,51.00,142.00,346.00,62.00,3,28.05,0.79,515.00,45.77,Critical
2026-01-02T09:55:00,server_008,64.00,53.00,296.00,274.00,33.00,3,29.70,0.80,509.00,46.64,Critical
2026-01-02T10:00:00,server_036,59.00,59.00,123.00,344.00,38.00,2,29.31,0.78,482.00,45.26,Critical
2026-01-02T10:05:00,server_041,63.00,59.00,130.00,330.00,24.00,2,29.42,0.82,490.00,47.29,Critical
2026-01-02T10:10:00,server_027,62.00,63.00,181.00,227.00,28.00,3,30.49,0.80,508.00,46.80,Critical
2026-01-02T10:15:00,server_023,69.00,62.00,233.00,372.00,186.00,1,28.87,0.75,503.00,46.25,Critical
2026-01-02T10:20:00,server_021,59.00,52.00,128.00,393.00,56.00,2,29.94,0.74,468.00,44.65,Warning
2026-01-02T10:25:00,server_018,70.00,70.00,271.00,194.00,43.00,1,29.87,0.82,524.00,47.20,Critical
2026-01-02T10:30:00,server_004,62.00,50.00,268.00,342.00,92.00,2,30.07,0.77,486.00,44.95,Warning
2026-01-02T10:35:00,server_040,69.00,59.00,130.00,402.00,81.00,3,29.11,0.76,547.00,48.23,Critical
2026-01-02T10:40:00,server_038,57.00,58.00,264.00,337.00,41.00,3,30.35,0.75,489.00,45.83,Critical
2026-01-02T10:45:00,server_016,66.00,48.00,126.00,240.00,23.00,2,29.74,0.77,483.00,45.69,Critical
2026-01-02T10:50:00,server_047,68.00,50.00,273.00,312.00,33.00,2,30.73,0.75,514.00,46.62,Critical
2026-01-02T10:55:00,server_046,61.00,53.00,122.00,300.00,52.00,3,31.26,0.83,496.00,44.82,Warning
2026-01-02T11:00:00,server_021,66.00,44.00,265.00,383.00,43.00,1,31.78,0.72,467.00,45.39,Critical
2026-01-02T11:05:00,server_044,70.00,64.00,118.00,361.00,54.00,2,30.55,0.82,537.00,48.51,Critical
2026-01-02T11:10:00,server_038,57.00,62.00,180.00,177.00,51.00,1,30.25,0.70,452.00,45.79,Critical
2026-01-02T11:15:00,server_027,64.00,55.00,254.00,159.00,66.00,1,29.78,0.81,467.00,44.13,Warning
2026-01-02T11:20:00,server_010,57.00,65.00,267.00,267.00,59.00,2,30.83,0.77,479.00,45.88,Critical
2026-01-02T11:25:00,server_045,67.00,64.00,227.00,217.00,121.00,2,31.36,0.80,508.00,47.76,Critical
2026-01-02T11:30:00,server_008,56.00,49.00,225.00,149.00,54.00,2,31.07,0.77,449.00,44.91,Warning
2026-01-02T11:35:00,server_035,54.00,52.00,224.00,360.00,29.00,1,30.52,0.77,424.00,42.31,Warning
2026-01-02T11:40:00,server_022,54.00,48.00,182.00,187.00,22.00,3,31.41,0.86,456.00,44.31,Warning
2026-01-02T11:45:00,server_003,70.00,48.00,312.00,268.00,59.00,2,30.28,0.83,504.00,45.89,Critical
2026-01-02T11:50:00,server_040,71.00,52.00,115.00,338.00,52.00,1,31.07,0.81,510.00,46.80,Critical
2026-01-02T11:55:00,server_032,72.00,78.00,151.00,257.00,32.00,3,30.62,0.78,558.00,48.45,Critical
2026-01-02T12:00:00,server_013,69.00,66.00,288.00,394.00,52.00,3,31.13,0.77,542.00,48.55,Critical
2026-01-02T12:05:00,server_024,73.00,62.00,98.00,280.00,26.00,2,30.54,0.83,530.00,48.18,Critical
2026-01-02T12:10:00,server_046,62.00,64.00,152.00,406.00,91.00,1,31.89,0.77,466.00,45.45,Critical
2026-01-02T12:15:00,server_001,68.00,68.00,201.00,194.00,78.00,1,31.02,0.75,493.00,46.29,Critical
2026-01-02T12:20:00,server_009,71.00,70.00,174.00,280.00,86.00,2,29.97,0.82,522.00,47.04,Critical
2026-01-02T12:25:00,server_027,63.00,55.00,215.00,451.00,23.00,2,29.81,0.78,500.00,46.97,Critical
2026-01-02T12:30:00,server_036,60.00,56.00,92.00,406.00,53.00,2,32.07,0.79,469.00,45.11,Critical
2026-01-02T12:35:00,server_001,77.00,82.00,148.00,513.00,39.00,2,31.71,0.74,575.00,52.54,Critical
2026-01-02T12:40:00,server_049,59.00,58.00,126.00,122.00,29.00,2,31.02,0.77,461.00,44.58,Warning
2026-01-02T12:45:00,server_010,56.00,57.00,155.00,227.00,149.00,2,31.46,0.79,453.00,44.73,Warning
2026-01-02T12:50:00,server_022,68.00,58.00,280.00,203.00,31.00,2,29.99,0.79,516.00,46.93,Critical
2026-01-02T12:55:00,server_014,55.00,58.00,206.00,328.00,23.00,2,30.75,0.76,463.00,44.63,Warning
2026-01-02T13:00:00,server_002,68.00,75.00,102.00,369.00,58.00,3,30.99,0.74,552.00,49.43,Critical
2026-01-02T13:05:00,server_031,64.00,59.00,265.00,172.00,57.00,1,31.01,0.78,473.00,44.64,Warning
2026-01-02T13:10:00,server_048,63.00,54.00,114.00,417.00,42.00,2,30.21,0.77,471.00,43.31,Warning
2026-01-02T13:15:00,server_031,67.00,66.00,214.00,430.00,28.00,2,30.84,0.72,523.00,47.64,Critical
2026-01-02T13:20:00,server_006,73.00,59.00,170.00,257.00,47.00,1,31.68,0.79,510.00,46.79,Critical
2026-01-02T13:25:00,server_009,68.00,59.00,308.00,409.00,66.00,3,30.30,0.77,535.00,48.20,Critical
2026-01-02T13:30:00,server_038,79.00,73.00,349.00,477.00,40.00,3,30.32,0.77,598.00,50.51,Critical
2026-01-02T13:35:00,server_035,70.00,52.00,215.00,519.00,88.00,2,30.14,0.76,532.00,46.97,Critical
2026-01-02T13:40:00,server_042,70.00,49.00,228.00,440.00,46.00,2,30.71,0.81,507.00,46.33,Critical
2026-01-02T13:45:00,server_021,72.00,75.00,276.00,245.00,44.00,2,30.70,0.83,549.00,48.25,Critical
2026-01-02T13:50:00,server_037,74.00,68.00,351.00,227.00,89.00,1,30.47,0.74,527.00,48.17,Critical
2026-01-02T13:55:00,server_008,82.00,64.00,321.00,222.00,35.00,3,31.28,0.71,593.00,50.66,Critical
2026-01-02T14:00:00,server_046,76.00,70.00,147.00,563.00,33.00,1,29.48,0.80,540.00,47.51,Critical
2026-01-02T14:05:00,server_029,68.00,64.00,137.00,334.00,31.00,2,31.33,0.72,514.00,48.42,Critical
2026-01-02T14:10:00,server_025,70.00,56.00,231.00,332.00,48.00,3,30.65,0.73,544.00,49.59,Critical
2026-01-02T14:15:00,server_009,81.00,81.00,201.00,248.00,29.00,1,29.24,0.77,572.00,50.11,Critical
2026-01-02T14:20:00,server_038,68.00,70.00,196.00,451.00,48.00,2,28.94,0.78,529.00,48.16,Critical
2026-01-02T14:25:00,server_025,72.00,58.00,186.00,443.00,73.00,1,30.14,0.77,505.00,47.30,Critical
2026-01-02T14:30:00,server_006,69.00,47.00,197.00,417.00,31.00,1,30.15,0.82,480.00,45.14,Critical
2026-01-02T14:35:00,server_022,66.00,65.00,160.00,418.00,26.00,1,29.28,0.74,493.00,45.55,Critical
2026-01-02T14:40:00,server_049,71.00,49.00,182.00,218.00,33.00,1,30.84,0.72,487.00,45.61,Critical
2026-01-02T14:45:00,server_035,68.00,64.00,282.00,232.00,64.00,2,29.80,0.80,537.00,48.91,Critical
2026-01-02T14:50:00,server_047,71.00,54.00,270.00,227.00,61.00,2,30.96,0.73,517.00,47.48,Critical
2026-01-02T14:55:00,server_044,79.00,86.00,352.00,600.00,79.00,3,29.49,0.84,623.00,52.11,Critical
2026-01-02T15:00:00,server_036,71.00,57.00,127.00,492.00,216.00,2,29.25,0.80,500.00,46.28,Critical
2026-01-02T15:05:00,server_014,64.00,56.00,108.00,320.00,45.00,2,29.88,0.78,494.00,45.39,Critical
2026-01-02T15:10:00,server_029,76.00,69.00,232.00,551.00,170.00,2,29.54,0.77,563.00,49.59,Critical
2026-01-02T15:15:00,server_050,59.00,57.00,168.00,174.00,58.00,2,29.73,0.78,468.00,43.94,Warning
2026-01-02T15:20:00,server_029,71.00,69.00,242.00,394.00,27.00,3,28.86,0.77,560.00,49.05,Critical
2026-01-02T15:25:00,server_032,70.00,54.00,134.00,437.00,64.00,1,28.12,0.81,494.00,45.32,Critical
2026-01-02T15:30:00,server_039,70.00,62.00,286.00,355.00,71.00,3,30.29,0.77,541.00,48.40,Critical
2026-01-02T15:35:00,server_023,65.00,69.00,160.00,348.00,25.00,2,29.12,0.79,518.00,46.42,Critical
2026-01-02T15:40:00,server_002,62.00,54.00,123.00,397.00,43.00,2,28.88,0.77,484.00,45.75,Critical
2026-01-02T15:45:00,server_035,65.00,68.00,226.00,485.00,34.00,1,28.70,0.82,499.00,45.24,Critical
2026-01-02T15:50:00,server_021,75.00,58.00,157.00,244.00,122.00,3,28.27,0.77,553.00,48.84,Critical
2026-01-02T15:55:00,server_049,74.00,78.00,132.00,492.00,60.00,2,28.31,0.77,565.00,48.12,Critical
2026-01-02T16:00:00,server_008,77.00,53.00,318.00,318.00,49.00,2,28.48,0.77,558.00,48.99,Critical
2026-01-02T16:05:00,server_017,67.00,57.00,296.00,260.00,129.00,3,27.09,0.80,533.00,45.48,Critical
2026-01-02T16:10:00,server_032,61.00,68.00,94.00,333.00,23.00,1,27.87,0.78,482.00,44.66,Warning
2026-01-02T16:15:00,server_049,74.00,57.00,99.00,368.00,33.00,2,27.90,0.76,539.00,47.61,Critical
2026-01-02T16:20:00,server_028,79.00,65.00,188.00,525.00,33.00,2,25.94,0.77,565.00,47.44,Critical
2026-01-02T16:25:00,server_011,75.00,75.00,150.00,324.00,29.00,1,28.30,0.75,552.00,48.66,Critical
2026-01-02T16:30:00,server_007,53.00,61.00,85.00,320.00,88.00,2,27.68,0.81,453.00,44.15,Warning
2026-01-02T16:35:00,server_010,72.00,67.00,192.00,400.00,28.00,2,27.28,0.84,555.00,48.51,Critical
2026-01-02T16:40:00,server_023,82.00,65.00,337.00,418.00,56.00,3,27.83,0.81,600.00,50.14,Critical
2026-01-02T16:45:00,server_004,62.00,65.00,155.00,447.00,167.00,3,26.39,0.77,515.00,44.83,Warning
2026-01-02T16:50:00,server_041,63.00,51.00,164.00,389.00,42.00,3,26.83,0.77,507.00,45.50,Critical
2026-01-02T16:55:00,server_039,69.00,73.00,142.00,246.00,47.00,2,27.94,0.78,511.00,46.73,Critical
2026-01-02T17:00:00,server_037,61.00,46.00,208.00,223.00,31.00,1,24.78,0.83,458.00,43.15,Warning
2026-01-02T17:05:00,server_030,63.00,65.00,253.00,194.00,35.00,3,25.71,0.84,515.00,46.40,Critical
2026-01-02T17:10:00,server_046,54.00,47.00,200.00,380.00,79.00,3,25.49,0.73,450.00,42.95,Warning
2026-01-02T17:15:00,server_041,68.00,65.00,211.00,279.00,29.00,1,25.35,0.80,503.00,45.06,Critical
2026-01-02T17:20:00,server_031,66.00,60.00,135.00,357.00,47.00,2,25.58,0.74,494.00,45.83,Critical
2026-01-02T17:25:00,server_014,67.00,44.00,264.00,251.00,31.00,2,26.41,0.77,503.00,43.85,Warning
2026-01-02T17:30:00,server_042,67.00,66.00,191.00,174.00,74.00,3,26.30,0.79,522.00,45.86,Critical
2026-01-02T17:35:00,server_002,71.00,70.00,89.00,558.00,100.00,3,25.98,0.79,548.00,47.40,Critical
2026-01-02T17:40:00,server_043,74.00,77.00,129.00,524.00,61.00,1,26.11,0.76,542.00,48.44,Critical
2026-01-02T17:45:00,server_022,71.00,79.00,291.00,259.00,49.00,2,25.89,0.75,557.00,47.32,Critical
2026-01-02T17:50:00,server_031,68.00,68.00,161.00,274.00,59.00,2,25.63,0.78,512.00,45.34,Critical
2026-01-02T17:55:00,server_001,63.00,69.00,111.00,127.00,49.00,2,26.55,0.82,504.00,44.89,Warning
2026-01-02T18:00:00,server_038,68.00,72.00,145.00,493.00,29.00,3,24.53,0.79,548.00,46.46,Critical
2026-01-02T18:05:00,server_046,63.00,60.00,169.00,486.00,32.00,2,23.37,0.77,505.00,45.88,Critical
2026-01-02T18:10:00,server_006,68.00,62.00,281.00,432.00,26.00,2,24.33,0.81,509.00,44.59,Warning
2026-01-02T18:15:00,server_014,63.00,52.00,182.00,426.00,55.00,1,23.76,0.69,477.00,44.88,Warning
2026-01-02T18:20:00,server_042,59.00,63.00,100.00,151.00,38.00,1,24.29,0.78,459.00,42.40,Warning
2026-01-02T18:25:00,server_021,63.00,61.00,145.00,206.00,22.00,2,24.91,0.82,491.00,44.20,Warning
2026-01-02T18:30:00,server_022,60.00,61.00,189.00,323.00,85.00,3,24.90,0.79,505.00,44.74,Warning
2026-01-02T18:35:00,server_012,52.00,50.00,119.00,226.00,50.00,2,24.64,0.79,423.00,40.76,Warning
2026-01-02T18:40:00,server_035,68.00,74.00,280.00,387.00,58.00,2,24.08,0.75,524.00,45.06,Critical
2026-01-02T18:45:00,server_007,69.00,60.00,229.00,195.00,26.00,2,24.86,0.77,514.00,45.88,Critical
2026-01-02T18:50:00,server_020,56.00,48.00,208.00,282.00,27.00,1,22.29,0.79,429.00,40.48,Warning
2026-01-02T18:55:00,server_023,65.00,58.00,296.00,439.00,35.00,2,23.95,0.77,495.00,44.58,Warning
2026-01-02T19:00:00,server_017,57.00,59.00,246.00,297.00,29.00,2,23.36,0.75,470.00,42.54,Warning
2026-01-02T19:05:00,server_036,64.00,57.00,253.00,119.00,102.00,1,23.00,0.81,477.00,44.07,Warning
2026-01-02T19:10:00,server_048,52.00,40.00,170.00,239.00,48.00,2,22.18,0.80,414.00,39.76,Warning
2026-01-02T19:15:00,server_028,55.00,55.00,218.00,362.00,38.00,2,21.95,0.77,457.00,41.30,Warning
2026-01-02T19:20:00,server_043,55.00,48.00,57.00,339.00,42.00,2,22.05,0.76,439.00,40.73,Warning
2026-01-02T19:25:00,server_020,55.00,53.00,181.00,328.00,49.00,3,21.39,0.86,465.00,42.07,Warning
2026-01-02T19:30:00,server_038,66.00,75.00,122.00,340.00,56.00,2,22.84,0.86,530.00,44.81,Warning
2026-01-02T19:35:00,server_016,63.00,61.00,220.00,256.00,24.00,2,22.14,0.83,494.00,43.90,Warning
2026-01-02T19:40:00,server_050,63.00,67.00,165.00,218.00,22.00,2,23.03,0.74,505.00,44.55,Warning
2026-01-02T19:45:00,server_021,61.00,56.00,164.00,428.00,59.00,1,21.53,0.76,460.00,43.12,Warning
2026-01-02T19:50:00,server_026,62.00,46.00,88.00,360.00,40.00,2,20.94,0.83,466.00,41.79,Warning
2026-01-02T19:55:00,server_045,61.00,67.00,142.00,429.00,52.00,2,21.23,0.76,492.00,42.86,Warning
2026-01-02T20:00:00,server_020,63.00,59.00,189.00,336.00,62.00,3,20.74,0.79,493.00,42.83,Warning
2026-01-02T20:05:00,server_049,64.00,73.00,124.00,217.00,84.00,2,20.50,0.76,516.00,44.90,Warning
2026-01-02T20:10:00,server_050,61.00,59.00,113.00,311.00,24.00,3,20.05,0.76,506.00,42.69,Warning
2026-01-02T20:15:00,server_036,54.00,55.00,216.00,159.00,94.00,3,20.89,0.73,466.00,42.50,Warning
2026-01-02T20:20:00,server_031,49.00,42.00,82.00,350.00,31.00,3,20.62,0.80,414.00,38.98,Warning
2026-01-02T20:25:00,server_021,43.00,42.00,99.00,196.00,33.00,2,21.45,0.77,390.00,39.18,Warning
2026-01-02T20:30:00,server_028,51.00,51.00,247.00,317.00,120.00,2,20.23,0.78,443.00,39.38,Warning
2026-01-02T20:35:00,server_013,49.00,41.00,96.00,144.00,18.00,2,19.84,0.82,399.00,38.07,Warning
2026-01-02T20:40:00,server_027,58.00,57.00,153.00,252.00,44.00,2,19.73,0.78,459.00,40.05,Warning
2026-01-02T20:45:00,server_013,51.00,47.00,189.00,134.00,21.00,1,20.45,0.75,416.00,39.81,Warning
2026-01-02T20:50:00,server_048,60.00,60.00,227.00,292.00,29.00,2,20.40,0.78,476.00,42.01,Warning
2026-01-02T20:55:00,server_044,42.00,47.00,162.00,235.00,30.00,3,20.92,0.82,408.00,38.57,Warning
2026-01-02T21:00:00,server_007,45.00,38.00,97.00,246.00,75.00,2,19.03,0.82,371.00,37.43,Warning
2026-01-02T21:05:00,server_007,47.00,44.00,205.00,313.00,67.00,2,18.31,0.79,425.00,37.51,Warning
2026-01-02T21:10:00,server_042,56.00,61.00,200.00,363.00,43.00,2,18.54,0.83,490.00,41.01,Warning
2026-01-02T21:15:00,server_043,52.00,52.00,95.00,196.00,21.00,2,19.65,0.76,433.00,40.92,Warning
2026-01-02T21:20:00,server_012,52.00,48.00,200.00,286.00,72.00,2,18.41,0.71,423.00,40.59,Warning
2026-01-02T21:25:00,server_013,53.00,61.00,136.00,373.00,29.00,2,18.84,0.75,456.00,40.35,Warning
2026-01-02T21:30:00,server_046,56.00,62.00,136.00,326.00,49.00,1,17.67,0.78,466.00,40.56,Warning
2026-01-02T21:35:00,server_035,51.00,55.00,218.00,324.00,76.00,1,18.28,0.80,436.00,39.71,Warning
2026-01-02T21:40:00,server_047,49.00,45.00,154.00,268.00,127.00,3,17.66,0.74,441.00,38.72,Warning
2026-01-02T21:45:00,server_021,58.00,59.00,228.00,341.00,35.00,2,18.78,0.83,459.00,40.51,Warning
2026-01-02T21:50:00,server_046,50.00,44.00,89.00,345.00,99.00,2,17.67,0.81,411.00,37.94,Warning
2026-01-02T21:55:00,server_048,48.00,56.00,90.00,258.00,24.00,1,18.85,0.80,403.00,38.29,Warning
2026-01-02T22:00:00,server_044,43.00,46.00,173.00,93.00,17.00,2,17.55,0.77,405.00,38.52,Warning
2026-01-02T22:05:00,server_005,52.00,57.00,208.00,190.00,48.00,3,17.75,0.78,462.00,40.33,Warning
2026-01-02T22:10:00,server_013,53.00,39.00,170.00,324.00,30.00,2,16.70,0.78,442.00,40.15,Warning
2026-01-02T22:15:00,server_013,43.00,37.00,198.00,285.00,37.00,2,17.24,0.82,395.00,37.54,Warning
2026-01-02T22:20:00,server_029,39.00,47.00,174.00,144.00,43.00,2,18.53,0.80,371.00,37.60,Warning
2026-01-02T22:25:00,server_024,56.00,47.00,197.00,349.00,40.00,2,17.47,0.73,454.00,41.53,Warning
2026-01-02T22:30:00,server_008,52.00,39.00,194.00,363.00,21.00,2,17.13,0.78,421.00,37.79,Warning
2026-01-02T22:35:00,server_008,40.00,33.00,173.00,223.00,38.00,1,17.64,0.81,351.00,35.30,Warning
2026-01-02T22:40:00,server_029,52.00,41.00,92.00,129.00,36.00,3,18.16,0.73,422.00,39.91,Warning
2026-01-02T22:45:00,server_002,50.00,52.00,204.00,116.00,146.00,3,18.09,0.78,451.00,40.61,Warning
2026-01-02T22:50:00,server_014,45.00,46.00,101.00,240.00,28.00,2,18.99,0.82,397.00,38.52,Warning
2026-01-02T22:55:00,server_001,59.00,62.00,261.00,411.00,72.00,2,19.82,0.78,469.00,41.53,Warning
2026-01-02T23:00:00,server_041,44.00,35.00,123.00,323.00,36.00,2,16.20,0.76,369.00,36.09,Warning
2026-01-02T23:05:00,server_030,52.00,48.00,119.00,341.00,61.00,1,18.13,0.80,406.00,37.77,Warning
2026-01-02T23:10:00,server_035,37.00,31.00,76.00,198.00,13.00,3,17.10,0.77,362.00,35.26,Warning
2026-01-02T23:15:00,server_030,39.00,44.00,122.00,198.00,53.00,1,16.83,0.74,344.00,35.05,Warning
2026-01-02T23:20:00,server_002,60.00,50.00,222.00,328.00,43.00,2,16.61,0.83,458.00,39.22,Warning
2026-01-02T23:25:00,server_021,52.00,61.00,162.00,177.00,128.00,2,18.76,0.76,463.00,41.32,Warning
2026-01-02T23:30:00,server_036,52.00,41.00,87.00,214.00,31.00,2,17.35,0.74,424.00,39.75,Warning
2026-01-02T23:35:00,server_022,47.00,40.00,158.00,151.00,20.00,3,17.81,0.77,418.00,39.08,Warning
2026-01-02T23:40:00,server_028,40.00,33.00,117.00,221.00,16.00,3,17.36,0.78,374.00,35.63,Warning
2026-01-02T23:45:00,server_049,43.00,47.00,148.00,291.00,56.00,3,17.69,0.84,405.00,36.92,Warning
2026-01-02T23:50:00,server_047,42.00,41.00,99.00,205.00,24.00,1,17.46,0.73,356.00,37.17,Warning
2026-01-02T23:55:00,server_049,48.00,52.00,152.00,259.00,106.00,2,15.67,0.77,420.00,37.15,Warning
2026-01-03T00:00:00,server_030,39.00,31.00,121.00,251.00,19.00,2,17.77,0.79,353.00,34.67,Normal
2026-01-03T00:05:00,server_022,41.00,43.00,133.00,241.00,46.00,2,14.81,0.80,375.00,36.27,Warning
2026-01-03T00:10:00,server_005,40.00,47.00,73.00,129.00,21.00,3,18.38,0.81,377.00,35.89,Warning
2026-01-03T00:15:00,server_011,44.00,50.00,172.00,323.00,43.00,2,17.16,0.81,421.00,39.85,Warning
2026-01-03T00:20:00,server_021,43.00,35.00,194.00,325.00,74.00,3,17.06,0.81,409.00,36.89,Warning
2026-01-03T00:25:00,server_032,40.00,41.00,95.00,223.00,55.00,1,16.22,0.83,368.00,35.35,Warning
2026-01-03T00:30:00,server_010,56.00,47.00,253.00,375.00,126.00,2,17.04,0.79,462.00,40.33,Warning
2026-01-03T00:35:00,server_038,50.00,50.00,158.00,136.00,109.00,2,17.43,0.82,417.00,38.03,Warning
2026-01-03T00:40:00,server_046,35.00,31.00,154.00,213.00,97.00,2,17.09,0.74,346.00,34.48,Normal
2026-01-03T00:45:00,server_037,38.00,37.00,94.00,299.00,24.00,2,16.24,0.80,357.00,34.55,Normal
2026-01-03T00:50:00,server_025,46.00,35.00,128.00,189.00,36.00,2,16.69,0.80,384.00,37.20,Warning
2026-01-03T00:55:00,server_003,39.00,37.00,150.00,201.00,24.00,3,18.13,0.75,393.00,37.83,Warning
2026-01-03T01:00:00,server_033,50.00,45.00,182.00,241.00,19.00,2,17.68,0.84,429.00,37.34,Warning
2026-01-03T01:05:00,server_027,35.00,36.00,85.00,277.00,83.00,3,16.95,0.80,354.00,34.92,Normal
2026-01-03T01:10:00,server_035,47.00,39.00,207.00,184.00,32.00,2,17.30,0.75,407.00,38.19,Warning
2026-01-03T01:15:00,server_043,40.00,47.00,78.00,223.00,38.00,2,17.42,0.77,392.00,37.70,Warning
2026-01-03T01:20:00,server_017,40.00,40.00,150.00,278.00,46.00,3,16.23,0.77,397.00,36.68,Warning
2026-01-03T01:25:00,server_046,41.00,41.00,172.00,115.00,49.00,2,17.49,0.78,385.00,36.00,Warning
2026-01-03T01:30:00,server_015,35.00,34.00,144.00,179.00,61.00,1,17.08,0.72,317.00,34.77,Normal
2026-01-03T01:35:00,server_011,37.00,48.00,188.00,153.00,21.00,2,18.19,0.82,393.00,37.26,Warning
2026-01-03T01:40:00,server_041,40.00,42.00,139.00,216.00,24.00,3,17.18,0.80,390.00,34.89,Normal
2026-01-03T01:45:00,server_036,53.00,49.00,183.00,359.00,34.00,2,17.74,0.80,439.00,40.39,Warning
2026-01-03T01:50:00,server_026,30.00,34.00,67.00,169.00,28.00,2,17.01,0.80,332.00,33.27,Normal
2026-01-03T01:55:00,server_033,48.00,48.00,102.00,207.00,123.00,1,18.24,0.82,392.00,38.38,Warning
2026-01-03T02:00:00,server_036,43.00,31.00,169.00,147.00,72.00,3,18.20,0.75,388.00,36.90,Warning
2026-01-03T02:05:00,server_013,39.00,48.00,165.00,277.00,115.00,3,17.76,0.76,407.00,38.04,Warning
2026-01-03T02:10:00,server_031,49.00,53.00,110.00,155.00,74.00,1,17.02,0.82,405.00,37.69,Warning
2026-01-03T02:15:00,server_019,37.00,40.00,97.00,175.00,93.00,1,17.63,0.74,345.00,35.11,Warning
2026-01-03T02:20:00,server_027,42.00,44.00,190.00,222.00,53.00,2,17.31,0.77,399.00,37.20,Warning
2026-01-03T02:25:00,server_033,44.00,50.00,117.00,169.00,49.00,1,17.61,0.78,384.00,37.49,Warning
2026-01-03T02:30:00,server_022,34.00,38.00,160.00,245.00,21.00,2,18.32,0.80,346.00,34.67,Normal
2026-01-03T02:35:00,server_021,45.00,41.00,145.00,294.00,17.00,2,17.48,0.80,394.00,36.63,Warning
2026-01-03T02:40:00,server_007,31.00,36.00,57.00,139.00,69.00,3,18.03,0.84,344.00,34.47,Normal
2026-01-03T02:45:00,server_037,41.00,49.00,103.00,246.00,170.00,2,17.22,0.82,387.00,37.33,Warning
2026-01-03T02:50:00,server_021,32.00,38.00,150.00,198.00,19.00,1,18.33,0.83,324.00,33.75,Normal
2026-01-03T02:55:00,server_030,44.00,46.00,106.00,194.00,56.00,2,16.68,0.80,397.00,36.88,Warning
2026-01-03T03:00:00,server_025,42.00,36.00,123.00,186.00,15.00,1,18.48,0.78,359.00,34.53,Normal
2026-01-03T03:05:00,server_035,48.00,53.00,205.00,146.00,88.00,1,18.67,0.76,402.00,38.13,Warning
2026-01-03T03:10:00,server_017,43.00,35.00,177.00,226.00,37.00,3,17.89,0.80,417.00,37.18,Warning
2026-01-03T03:15:00,server_021,32.00,39.00,119.00,151.00,18.00,3,19.78,0.76,357.00,36.39,Warning
2026-01-03T03:20:00,server_035,38.00,38.00,146.00,190.00,21.00,1,18.61,0.75,355.00,34.34,Normal
2026-01-03T03:25:00,server_026,48.00,40.00,199.00,206.00,39.00,2,18.56,0.83,420.00,39.54,Warning
2026-01-03T03:30:00,server_029,43.00,38.00,69.00,110.00,25.00,2,20.47,0.75,380.00,38.71,Warning
2026-01-03T03:35:00,server_041,46.00,47.00,112.00,310.00,40.00,2,18.08,0.78,411.00,39.15,Warning
2026-01-03T03:40:00,server_042,42.00,49.00,155.00,310.00,43.00,2,20.18,0.72,390.00,38.19,Warning
2026-01-03T03:45:00,server_015,40.00,44.00,96.00,310.00,33.00,2,18.82,0.81,377.00,35.70,Warning
2026-01-03T03:50:00,server_011,39.00,41.00,112.00,255.00,34.00,3,19.12,0.74,401.00,38.73,Warning
2026-01-03T03:55:00,server_044,43.00,49.00,112.00,294.00,50.00,1,19.67,0.77,383.00,35.84,Warning
2026-01-03T04:00:00,server_048,41.00,43.00,117.00,224.00,18.00,2,20.84,0.76,384.00,36.60,Warning
2026-01-03T04:05:00,server_032,44.00,54.00,97.00,139.00,38.00,2,20.30,0.78,396.00,38.68,Warning
2026-01-03T04:10:00,server_003,52.00,36.00,143.00,257.00,57.00,1,21.04,0.77,392.00,38.50,Warning
2026-01-03T04:15:00,server_038,35.00,37.00,130.00,223.00,52.00,2,19.79,0.75,347.00,35.90,Warning
2026-01-03T04:20:00,server_008,35.00,39.00,103.00,208.00,64.00,2,20.58,0.81,337.00,35.94,Warning
2026-01-03T04:25:00,server_032,43.00,37.00,74.00,313.00,106.00,2,20.58,0.77,376.00,38.38,Warning
2026-01-03T04:30:00,server_009,46.00,52.00,122.00,204.00,21.00,2,20.51,0.85,416.00,39.15,Warning
2026-01-03T04:35:00,server_044,45.00,42.00,218.00,167.00,30.00,3,20.65,0.78,406.00,38.55,Warning
2026-01-03T04:40:00,server_030,30.00,29.00,109.00,170.00,49.00,3,21.73,0.74,345.00,35.95,Warning
2026-01-03T04:45:00,server_021,32.00,27.00,124.00,122.00,32.00,2,20.29,0.81,320.00,34.56,Normal
2026-01-03T04:50:00,server_031,45.00,49.00,200.00,325.00,66.00,2,20.44,0.76,410.00,39.22,Warning
2026-01-03T04:55:00,server_023,44.00,41.00,205.00,151.00,42.00,3,19.48,0.83,418.00,37.71,Warning
2026-01-03T05:00:00,server_002,50.00,59.00,63.00,272.00,32.00,3,21.43,0.88,458.00,40.73,Warning
2026-01-03T05:05:00,server_028,52.00,51.00,197.00,162.00,19.00,2,23.04,0.79,441.00,41.85,Warning
2026-01-03T05:10:00,server_011,37.00,49.00,142.00,147.00,15.00,2,22.01,0.84,365.00,36.51,Warning
2026-01-03T05:15:00,server_042,54.00,55.00,161.00,364.00,30.00,2,23.25,0.79,445.00,41.54,Warning
2026-01-03T05:20:00,server_043,53.00,53.00,174.00,344.00,26.00,2,22.64,0.76,438.00,41.11,Warning
2026-01-03T05:25:00,server_027,36.00,40.00,83.00,122.00,100.00,2,21.00,0.79,342.00,36.92,Warning
2026-01-03T05:30:00,server_014,53.00,40.00,229.00,205.00,91.00,1,21.90,0.75,418.00,40.19,Warning
2026-01-03T05:35:00,server_043,36.00,38.00,160.00,263.00,62.00,2,22.41,0.75,349.00,36.85,Warning
2026-01-03T05:40:00,server_011,59.00,50.00,142.00,364.00,40.00,1,21.97,0.76,441.00,42.59,Warning
2026-01-03T05:45:00,server_009,38.00,51.00,180.00,208.00,88.00,2,21.50,0.83,393.00,37.39,Warning
2026-01-03T05:50:00,server_036,54.00,51.00,114.00,408.00,19.00,3,22.48,0.85,453.00,39.62,Warning
2026-01-03T05:55:00,server_048,46.00,44.00,142.00,130.00,69.00,2,22.10,0.68,404.00,39.99,Warning
2026-01-03T06:00:00,server_016,47.00,56.00,98.00,317.00,82.00,1,22.91,0.75,395.00,38.75,Warning
2026-01-03T06:05:00,server_049,43.00,41.00,204.00,258.00,30.00,2,23.03,0.74,402.00,39.00,Warning
2026-01-03T06:10:00,server_017,42.00,39.00,109.00,262.00,19.00,3,24.79,0.80,400.00,39.74,Warning
2026-01-03T06:15:00,server_011,43.00,42.00,141.00,199.00,25.00,2,23.46,0.84,395.00,38.35,Warning
2026-01-03T06:20:00,server_003,45.00,50.00,149.00,188.00,30.00,2,24.62,0.76,423.00,41.02,Warning
2026-01-03T06:25:00,server_010,50.00,39.00,199.00,288.00,24.00,3,25.37,0.81,434.00,40.17,Warning
2026-01-03T06:30:00,server_013,54.00,46.00,244.00,194.00,23.00,3,23.31,0.82,440.00,41.29,Warning
2026-01-03T06:35:00,server_010,52.00,44.00,207.00,345.00,33.00,1,23.72,0.82,414.00,40.12,Warning
2026-01-03T06:40:00,server_027,38.00,32.00,136.00,133.00,94.00,3,23.46,0.71,364.00,37.01,Warning
2026-01-03T06:45:00,server_006,59.00,45.00,201.00,337.00,22.00,1,23.73,0.77,448.00,42.46,Warning
2026-01-03T06:50:00,server_017,42.00,45.00,117.00,244.00,39.00,3,23.73,0.80,396.00,39.68,Warning
2026-01-03T06:55:00,server_035,38.00,34.00,99.00,230.00,77.00,1,23.75,0.78,336.00,36.64,Warning
2026-01-03T07:00:00,server_014,51.00,54.00,128.00,233.00,23.00,2,25.65,0.80,419.00,41.44,Warning
2026-01-03T07:05:00,server_022,53.00,63.00,157.00,371.00,19.00,3,25.08,0.78,480.00,43.24,Warning
2026-01-03T07:10:00,server_018,42.00,45.00,97.00,306.00,61.00,1,25.40,0.76,355.00,39.54,Warning
2026-01-03T07:15:00,server_038,48.00,42.00,171.00,396.00,36.00,2,26.06,0.75,420.00,42.76,Warning
2026-01-03T07:20:00,server_013,47.00,52.00,116.00,214.00,38.00,3,26.57,0.80,434.00,40.90,Warning
2026-01-03T07:25:00,server_050,65.00,72.00,213.00,421.00,30.00,1,25.58,0.77,497.00,44.36,Warning
2026-01-03T07:30:00,server_001,62.00,50.00,99.00,427.00,44.00,2,24.98,0.73,484.00,44.09,Warning
2026-01-03T07:35:00,server_010,57.00,53.00,253.00,268.00,233.00,3,26.16,0.82,474.00,43.39,Warning
2026-01-03T07:40:00,server_015,57.00,55.00,174.00,157.00,55.00,1,24.91,0.77,430.00,41.19,Warning
2026-01-03T07:45:00,server_020,56.00,63.00,112.00,319.00,69.00,2,26.00,0.81,473.00,43.50,Warning
2026-01-03T07:50:00,server_024,55.00,51.00,213.00,298.00,24.00,2,26.49,0.77,452.00,43.30,Warning
2026-01-03T07:55:00,server_039,56.00,50.00,144.00,209.00,23.00,1,26.21,0.83,418.00,40.61,Warning
2026-01-03T08:00:00,server_042,56.00,52.00,193.00,320.00,56.00,3,27.12,0.82,485.00,44.01,Warning
2026-01-03T08:05:00,server_045,52.00,57.00,69.00,221.00,44.00,1,27.94,0.82,415.00,41.24,Warning
2026-01-03T08:10:00,server_017,48.00,55.00,215.00,308.00,55.00,3,27.56,0.80,449.00,42.05,Warning
2026-01-03T08:15:00,server_039,54.00,52.00,116.00,257.00,25.00,3,26.97,0.79,450.00,42.70,Warning
2026-01-03T08:20:00,server_012,51.00,45.00,119.00,352.00,98.00,2,28.40,0.79,429.00,42.09,Warning
2026-01-03T08:25:00,server_049,53.00,54.00,168.00,149.00,37.00,3,27.24,0.83,454.00,42.61,Warning
2026-01-03T08:30:00,server_020,47.00,51.00,109.00,183.00,46.00,2,28.18,0.81,410.00,40.03,Warning
2026-01-03T08:35:00,server_025,65.00,46.00,273.00,413.00,31.00,1,28.94,0.75,469.00,45.17,Critical
2026-01-03T08:40:00,server_017,45.00,45.00,176.00,278.00,53.00,2,27.76,0.83,387.00,39.04,Warning
2026-01-03T08:45:00,server_030,62.00,66.00,220.00,203.00,29.00,3,27.95,0.78,516.00,45.69,Critical
2026-01-03T08:50:00,server_008,57.00,58.00,181.00,314.00,27.00,1,28.47,0.79,451.00,42.99,Warning
2026-01-03T08:55:00,server_027,62.00,64.00,245.00,281.00,107.00,2,25.94,0.77,495.00,44.00,Warning
2026-01-03T09:00:00,server_019,56.00,52.00,248.00,157.00,60.00,3,28.52,0.78,469.00,43.50,Warning
2026-01-03T09:05:00,server_042,68.00,54.00,179.00,207.00,110.00,1,28.88,0.79,475.00,45.05,Critical
2026-01-03T09:10:00,server_044,58.00,56.00,138.00,278.00,48.00,2,30.55,0.71,449.00,45.41,Critical
2026-01-03T09:15:00,server_029,60.00,45.00,191.00,215.00,63.00,1,28.63,0.87,450.00,42.21,Warning
2026-01-03T09:20:00,server_042,57.00,58.00,119.00,132.00,21.00,2,29.64,0.77,457.00,43.26,Warning
2026-01-03T09:25:00,server_031,59.00,64.00,170.00,319.00,76.00,2,29.41,0.77,470.00,44.42,Warning
2026-01-03T09:30:00,server_049,51.00,48.00,158.00,318.00,81.00,2,28.56,0.75,429.00,42.54,Warning
2026-01-03T09:35:00,server_016,57.00,55.00,141.00,393.00,40.00,1,28.86,0.77,445.00,43.47,Warning
2026-01-03T09:40:00,server_047,60.00,45.00,228.00,290.00,97.00,3,29.19,0.79,477.00,45.27,Critical
2026-01-03T09:45:00,server_013,54.00,48.00,154.00,214.00,44.00,2,29.42,0.78,451.00,43.79,Warning
2026-01-03T09:50:00,server_010,61.00,69.00,232.00,403.00,32.00,2,29.95,0.77,492.00,46.60,Critical
2026-01-03T09:55:00,server_010,58.00,54.00,129.00,415.00,70.00,2,29.19,0.80,475.00,44.30,Warning
2026-01-03T10:00:00,server_035,61.00,59.00,143.00,159.00,70.00,2,28.97,0.81,473.00,45.08,Critical
2026-01-03T10:05:00,server_020,75.00,72.00,193.00,240.00,30.00,3,29.43,0.78,573.00,49.94,Critical
2026-01-03T10:10:00,server_024,72.00,75.00,125.00,462.00,65.00,3,29.73,0.80,557.00,47.62,Critical
2026-01-03T10:15:00,server_010,62.00,56.00,123.00,423.00,30.00,2,31.08,0.75,498.00,46.80,Critical
2026-01-03T10:20:00,server_018,50.00,39.00,156.00,325.00,28.00,3,29.59,0.73,439.00,43.27,Warning
2026-01-03T10:25:00,server_006,53.00,56.00,190.00,140.00,48.00,1,29.40,0.75,421.00,43.34,Warning
2026-01-03T10:30:00,server_042,66.00,48.00,159.00,238.00,59.00,2,29.19,0.81,487.00,45.55,Critical
2026-01-03T10:35:00,server_034,73.00,69.00,250.00,396.00,66.00,1,29.96,0.76,531.00,49.12,Critical
2026-01-03T10:40:00,server_022,69.00,52.00,297.00,485.00,56.00,2,31.12,0.80,517.00,46.40,Critical
2026-01-03T10:45:00,server_035,58.00,50.00,161.00,203.00,37.00,1,30.64,0.76,435.00,43.26,Warning
2026-01-03T10:50:00,server_044,62.00,63.00,202.00,438.00,98.00,2,29.74,0.75,494.00,46.88,Critical
2026-01-03T10:55:00,server_013,72.00,54.00,125.00,221.00,31.00,3,30.26,0.72,536.00,48.38,Critical
2026-01-03T11:00:00,server_006,78.00,57.00,140.00,528.00,128.00,1,30.64,0.79,518.00,47.42,Critical
2026-01-03T11:05:00,server_042,64.00,49.00,169.00,217.00,51.00,3,29.74,0.81,514.00,45.91,Critical
2026-01-03T11:10:00,server_003,73.00,67.00,281.00,382.00,33.00,2,30.93,0.79,562.00,49.17,Critical
2026-01-03T11:15:00,server_012,69.00,66.00,270.00,285.00,154.00,1,31.48,0.83,499.00,46.45,Critical
2026-01-03T11:20:00,server_031,53.00,42.00,219.00,283.00,90.00,2,32.28,0.81,427.00,43.33,Warning
2026-01-03T11:25:00,server_035,56.00,45.00,247.00,299.00,36.00,1,30.99,0.83,435.00,43.77,Warning
2026-01-03T11:30:00,server_041,56.00,39.00,191.00,367.00,77.00,2,31.26,0.75,444.00,43.87,Warning
2026-01-03T11:35:00,server_043,58.00,50.00,198.00,264.00,88.00,2,31.22,0.83,454.00,43.93,Warning
2026-01-03T11:40:00,server_034,68.00,50.00,118.00,505.00,78.00,3,29.96,0.75,511.00,47.59,Critical
2026-01-03T11:45:00,server_047,64.00,71.00,215.00,211.00,46.00,3,30.22,0.74,518.00,47.09,Critical
2026-01-03T11:50:00,server_002,64.00,68.00,112.00,323.00,48.00,3,30.17,0.75,523.00,48.31,Critical
2026-01-03T11:55:00,server_026,62.00,50.00,243.00,127.00,42.00,2,29.57,0.70,479.00,44.15,Warning
2026-01-03T12:00:00,server_033,70.00,57.00,292.00,467.00,29.00,2,30.43,0.82,529.00,47.27,Critical
2026-01-03T12:05:00,server_037,61.00,46.00,221.00,176.00,42.00,3,29.68,0.79,482.00,45.42,Critical
2026-01-03T12:10:00,server_039,68.00,66.00,278.00,436.00,77.00,3,31.70,0.77,561.00,48.53,Critical
2026-01-03T12:15:00,server_007,58.00,43.00,219.00,297.00,21.00,1,31.13,0.78,426.00,43.79,Warning
2026-01-03T12:20:00,server_040,80.00,75.00,313.00,532.00,201.00,2,30.65,0.79,601.00,51.05,Critical
2026-01-03T12:25:00,server_023,76.00,60.00,214.00,506.00,28.00,2,30.34,0.78,555.00,49.99,Critical
2026-01-03T12:30:00,server_050,64.00,65.00,112.00,287.00,50.00,2,32.20,0.76,482.00,45.72,Critical
2026-01-03T12:35:00,server_050,79.00,70.00,310.00,273.00,37.00,3,30.98,0.80,584.00,51.37,Critical
2026-01-03T12:40:00,server_003,77.00,50.00,222.00,198.00,92.00,3,31.54,0.76,546.00,50.32,Critical
2026-01-03T12:45:00,server_021,78.00,56.00,174.00,406.00,76.00,3,31.83,0.82,567.00,49.78,Critical
2026-01-03T12:50:00,server_003,60.00,52.00,176.00,445.00,29.00,2,31.84,0.85,468.00,44.21,Warning
2026-01-03T12:55:00,server_050,67.00,61.00,186.00,420.00,54.00,1,31.54,0.74,490.00,47.22,Critical
2026-01-03T13:00:00,server_047,63.00,40.00,227.00,252.00,62.00,3,31.35,0.77,487.00,45.66,Critical
2026-01-03T13:05:00,server_050,82.00,90.00,219.00,211.00,34.00,2,32.20,0.75,591.00,52.14,Critical
2026-01-03T13:10:00,server_005,64.00,51.00,187.00,225.00,28.00,2,31.10,0.80,467.00,43.75,Warning
2026-01-03T13:15:00,server_050,86.00,70.00,293.00,437.00,50.00,2,28.79,0.75,609.00,51.82,Critical
2026-01-03T13:20:00,server_012,84.00,67.00,304.00,288.00,82.00,1,31.27,0.80,569.00,49.84,Critical
2026-01-03T13:25:00,server_016,72.00,75.00,152.00,377.00,50.00,1,30.78,0.76,539.00,48.25,Critical
2026-01-03T13:30:00,server_050,61.00,50.00,99.00,312.00,69.00,3,30.09,0.80,490.00,45.20,Critical
2026-01-03T13:35:00,server_014,75.00,80.00,110.00,304.00,26.00,3,30.90,0.78,570.00,49.45,Critical
2026-01-03T13:40:00,server_029,78.00,64.00,200.00,277.00,50.00,2,30.04,0.78,559.00,48.94,Critical
2026-01-03T13:45:00,server_001,70.00,70.00,276.00,243.00,37.00,1,30.91,0.76,514.00,47.51,Critical
2026-01-03T13:50:00,server_045,74.00,55.00,293.00,390.00,37.00,2,30.68,0.73,528.00,48.61,Critical
2026-01-03T13:55:00,server_047,71.00,58.00,126.00,272.00,27.00,3,30.47,0.75,538.00,49.24,Critical
2026-01-03T14:00:00,server_044,63.00,68.00,236.00,308.00,53.00,3,30.68,0.74,516.00,47.67,Critical
2026-01-03T14:05:00,server_043,73.00,48.00,185.00,211.00,62.00,2,29.45,0.78,526.00,47.29,Critical
2026-01-03T14:10:00,server_002,71.00,53.00,108.00,252.00,34.00,1,30.06,0.80,500.00,47.40,Critical
2026-01-03T14:15:00,server_025,76.00,64.00,187.00,370.00,117.00,3,30.64,0.73,576.00,49.50,Critical
2026-01-03T14:20:00,server_007,54.00,47.00,209.00,226.00,30.00,1,29.48,0.77,412.00,42.50,Warning
2026-01-03T14:25:00,server_017,83.00,76.00,172.00,227.00,29.00,3,31.89,0.78,593.00,51.99,Critical
2026-01-03T14:30:00,server_036,53.00,59.00,110.00,370.00,81.00,2,30.42,0.79,449.00,44.72,Warning
2026-01-03T14:35:00,server_033,76.00,69.00,302.00,525.00,43.00,1,30.32,0.78,557.00,49.41,Critical
2026-01-03T14:40:00,server_018,73.00,58.00,253.00,373.00,55.00,3,29.70,0.76,535.00,48.01,Critical
2026-01-03T14:45:00,server_045,72.00,66.00,282.00,402.00,132.00,2,29.81,0.81,544.00,49.52,Critical
2026-01-03T14:50:00,server_049,72.00,60.00,120.00,323.00,38.00,2,30.43,0.83,519.00,47.14,Critical
2026-01-03T14:55:00,server_018,74.00,76.00,132.00,340.00,61.00,1,30.77,0.85,543.00,49.11,Critical
2026-01-03T15:00:00,server_033,76.00,80.00,312.00,505.00,93.00,1,29.61,0.74,575.00,50.94,Critical
2026-01-03T15:05:00,server_035,84.00,76.00,356.00,526.00,61.00,2,27.04,0.77,616.00,50.26,Critical
2026-01-03T15:10:00,server_042,70.00,74.00,118.00,264.00,37.00,1,29.88,0.81,521.00,47.79,Critical
2026-01-03T15:15:00,server_029,58.00,46.00,149.00,275.00,41.00,1,27.93,0.76,440.00,43.05,Warning
2026-01-03T15:20:00,server_018,73.00,58.00,202.00,237.00,58.00,2,29.14,0.76,534.00,47.86,Critical
2026-01-03T15:25:00,server_039,71.00,67.00,155.00,262.00,105.00,2,29.17,0.77,522.00,47.79,Critical
2026-01-03T15:30:00,server_033,75.00,46.00,230.00,246.00,47.00,1,28.56,0.71,511.00,47.52,Critical
2026-01-03T15:35:00,server_013,73.00,77.00,232.00,372.00,125.00,3,29.02,0.79,582.00,49.40,Critical
2026-01-03T15:40:00,server_009,78.00,61.00,178.00,480.00,108.00,2,29.31,0.79,536.00,48.51,Critical
2026-01-03T15:45:00,server_013,71.00,69.00,258.00,179.00,66.00,2,28.20,0.80,538.00,47.42,Critical
2026-01-03T15:50:00,server_001,72.00,81.00,336.00,276.00,37.00,2,28.88,0.79,556.00,48.66,Critical
2026-01-03T15:55:00,server_013,65.00,67.00,200.00,322.00,33.00,1,27.79,0.80,493.00,44.76,Warning
2026-01-03T16:00:00,server_017,74.00,53.00,156.00,201.00,32.00,2,27.68,0.84,535.00,46.19,Critical
2026-01-03T16:05:00,server_030,64.00,62.00,172.00,284.00,41.00,3,27.75,0.82,530.00,46.02,Critical
2026-01-03T16:10:00,server_050,60.00,59.00,124.00,371.00,41.00,2,27.34,0.78,476.00,43.93,Warning
2026-01-03T16:15:00,server_031,73.00,65.00,123.00,428.00,56.00,2,27.87,0.78,544.00,47.55,Critical
2026-01-03T16:20:00,server_041,59.00,55.00,89.00,460.00,44.00,2,27.49,0.82,465.00,44.57,Warning
2026-01-03T16:25:00,server_020,62.00,64.00,185.00,252.00,26.00,2,28.06,0.77,487.00,46.10,Critical
2026-01-03T16:30:00,server_017,67.00,39.00,185.00,280.00,35.00,1,27.07,0.78,460.00,43.32,Warning
2026-01-03T16:35:00,server_023,59.00,54.00,164.00,285.00,28.00,2,28.29,0.80,463.00,44.15,Warning
2026-01-03T16:40:00,server_040,64.00,62.00,234.00,240.00,102.00,1,26.55,0.77,480.00,43.42,Warning
2026-01-03T16:45:00,server_028,57.00,43.00,156.00,446.00,41.00,2,27.43,0.76,437.00,43.15,Warning
2026-01-03T16:50:00,server_017,66.00,57.00,145.00,445.00,25.00,1,27.31,0.77,478.00,45.46,Critical
2026-01-03T16:55:00,server_013,73.00,54.00,126.00,469.00,49.00,2,27.35,0.78,536.00,47.52,Critical
2026-01-03T17:00:00,server_021,67.00,58.00,205.00,212.00,58.00,1,26.93,0.80,486.00,43.98,Warning
2026-01-03T17:05:00,server_048,70.00,54.00,165.00,365.00,111.00,3,25.88,0.79,510.00,45.55,Critical
2026-01-03T17:10:00,server_009,58.00,45.00,110.00,269.00,32.00,2,24.74,0.77,448.00,42.55,Warning
2026-01-03T17:15:00,server_043,70.00,69.00,164.00,315.00,27.00,3,26.69,0.79,539.00,48.15,Critical
2026-01-03T17:20:00,server_021,65.00,66.00,277.00,236.00,26.00,1,25.67,0.85,500.00,45.10,Critical
2026-01-03T17:25:00,server_007,74.00,71.00,260.00,501.00,33.00,2,25.71,0.82,562.00,48.31,Critical
2026-01-03T17:30:00,server_039,57.00,45.00,158.00,219.00,28.00,3,27.01,0.77,460.00,43.28,Warning
2026-01-03T17:35:00,server_042,58.00,46.00,244.00,331.00,88.00,3,26.24,0.73,458.00,43.19,Warning
2026-01-03T17:40:00,server_010,63.00,41.00,276.00,281.00,39.00,2,26.32,0.80,464.00,42.92,Warning
2026-01-03T17:45:00,server_013,53.00,42.00,129.00,227.00,47.00,2,26.19,0.81,418.00,40.54,Warning
2026-01-03T17:50:00,server_018,80.00,69.00,325.00,268.00,55.00,1,25.81,0.77,564.00,48.72,Critical
2026-01-03T17:55:00,server_006,66.00,64.00,142.00,396.00,37.00,2,26.40,0.83,515.00,46.21,Critical
2026-01-03T18:00:00,server_009,66.00,64.00,245.00,436.00,97.00,2,23.01,0.81,509.00,44.13,Warning
2026-01-03T18:05:00,server_047,66.00,74.00,250.00,452.00,80.00,1,23.29,0.85,491.00,43.46,Warning
2026-01-03T18:10:00,server_007,56.00,58.00,210.00,186.00,25.00,2,23.92,0.71,451.00,41.73,Warning
2026-01-03T18:15:00,server_016,67.00,58.00,175.00,423.00,58.00,3,24.65,0.75,524.00,46.44,Critical
2026-01-03T18:20:00,server_014,54.00,44.00,129.00,392.00,29.00,3,24.70,0.74,449.00,41.16,Warning
2026-01-03T18:25:00,server_047,66.00,62.00,107.00,247.00,52.00,2,23.87,0.86,507.00,43.55,Warning
2026-01-03T18:30:00,server_049,59.00,68.00,237.00,307.00,67.00,2,23.26,0.77,493.00,43.61,Warning
2026-01-03T18:35:00,server_017,61.00,64.00,284.00,367.00,26.00,1,24.83,0.87,473.00,42.53,Warning
2026-01-03T18:40:00,server_039,57.00,44.00,150.00,205.00,110.00,3,23.07,0.75,474.00,43.06,Warning
2026-01-03T18:45:00,server_006,64.00,58.00,267.00,325.00,33.00,2,23.42,0.72,518.00,44.89,Warning
2026-01-03T18:50:00,server_047,50.00,36.00,201.00,180.00,29.00,2,24.26,0.78,395.00,39.54,Warning
2026-01-03T18:55:00,server_016,60.00,56.00,223.00,348.00,27.00,2,24.34,0.76,476.00,43.77,Warning
2026-01-03T19:00:00,server_002,55.00,56.00,173.00,385.00,21.00,3,21.38,0.75,474.00,41.98,Warning
2026-01-03T19:05:00,server_001,69.00,72.00,125.00,373.00,82.00,3,21.83,0.78,556.00,45.82,Critical
2026-01-03T19:10:00,server_010,65.00,53.00,209.00,213.00,47.00,1,21.02,0.79,455.00,41.09,Warning
2026-01-03T19:15:00,server_043,57.00,58.00,128.00,351.00,34.00,3,22.54,0.75,486.00,43.65,Warning
2026-01-03T19:20:00,server_042,49.00,52.00,130.00,252.00,62.00,3,21.56,0.77,444.00,42.03,Warning
2026-01-03T19:25:00,server_029,61.00,53.00,250.00,309.00,48.00,1,21.09,0.80,463.00,41.32,Warning
2026-01-03T19:30:00,server_048,67.00,47.00,199.00,290.00,67.00,2,21.72,0.80,503.00,43.59,Warning
2026-01-03T19:35:00,server_028,49.00,46.00,221.00,229.00,38.00,2,22.36,0.74,431.00,40.08,Warning
2026-01-03T19:40:00,server_010,49.00,45.00,145.00,250.00,41.00,3,20.91,0.77,417.00,38.26,Warning
2026-01-03T19:45:00,server_007,60.00,65.00,119.00,331.00,30.00,2,21.55,0.82,488.00,43.78,Warning
2026-01-03T19:50:00,server_018,67.00,56.00,168.00,386.00,26.00,2,22.30,0.74,516.00,44.56,Warning
2026-01-03T19:55:00,server_033,64.00,65.00,210.00,247.00,35.00,3,21.51,0.81,510.00,44.90,Warning
2026-01-03T20:00:00,server_007,47.00,59.00,168.00,229.00,22.00,2,21.24,0.79,406.00,38.82,Warning
2026-01-03T20:05:00,server_047,58.00,40.00,142.00,176.00,67.00,3,21.07,0.79,462.00,41.74,Warning
2026-01-03T20:10:00,server_046,51.00,53.00,172.00,347.00,81.00,2,19.72,0.75,436.00,41.31,Warning
2026-01-03T20:15:00,server_015,48.00,39.00,170.00,262.00,49.00,1,19.37,0.77,377.00,37.28,Warning
2026-01-03T20:20:00,server_004,49.00,52.00,133.00,360.00,69.00,1,20.54,0.75,401.00,37.94,Warning
2026-01-03T20:25:00,server_024,51.00,39.00,217.00,205.00,96.00,1,20.37,0.76,400.00,38.75,Warning
2026-01-03T20:30:00,server_043,47.00,47.00,117.00,113.00,17.00,3,20.79,0.76,425.00,39.76,Warning
2026-01-03T20:35:00,server_021,51.00,43.00,158.00,203.00,53.00,2,20.43,0.75,407.00,38.96,Warning
2026-01-03T20:40:00,server_016,58.00,47.00,264.00,437.00,67.00,3,20.49,0.77,487.00,42.53,Warning
2026-01-03T20:45:00,server_037,54.00,60.00,202.00,341.00,63.00,2,20.53,0.82,465.00,41.24,Warning
2026-01-03T20:50:00,server_023,51.00,48.00,108.00,294.00,29.00,3,20.68,0.81,441.00,39.39,Warning
2026-01-03T20:55:00,server_010,68.00,51.00,144.00,395.00,87.00,1,19.20,0.82,494.00,43.35,Warning
2026-01-03T21:00:00,server_023,45.00,40.00,145.00,185.00,30.00,3,19.95,0.76,407.00,38.57,Warning
2026-01-03T21:05:00,server_007,52.00,50.00,206.00,195.00,100.00,1,18.36,0.71,421.00,39.68,Warning
2026-01-03T21:10:00,server_013,55.00,46.00,93.00,353.00,45.00,3,19.98,0.76,450.00,41.08,Warning
2026-01-03T21:15:00,server_012,53.00,56.00,233.00,176.00,26.00,1,19.84,0.76,443.00,40.56,Warning
2026-01-03T21:20:00,server_038,47.00,52.00,86.00,308.00,26.00,3,18.73,0.83,437.00,39.03,Warning
2026-01-03T21:25:00,server_047,42.00,34.00,122.00,178.00,93.00,3,19.14,0.80,383.00,36.09,Warning
2026-01-03T21:30:00,server_042,54.00,52.00,117.00,164.00,73.00,3,18.73,0.81,454.00,40.92,Warning
2026-01-03T21:35:00,server_050,53.00,48.00,209.00,273.00,69.00,2,18.83,0.81,452.00,38.38,Warning
2026-01-03T21:40:00,server_021,44.00,42.00,155.00,305.00,227.00,3,19.29,0.74,408.00,39.15,Warning
2026-01-03T21:45:00,server_036,42.00,47.00,139.00,173.00,108.00,2,19.62,0.78,397.00,37.98,Warning
2026-01-03T21:50:00,server_028,59.00,53.00,211.00,289.00,34.00,1,19.37,0.77,453.00,41.36,Warning
2026-01-03T21:55:00,server_006,45.00,34.00,134.00,291.00,24.00,2,19.86,0.74,389.00,37.51,Warning
2026-01-03T22:00:00,server_020,44.00,47.00,182.00,257.00,38.00,3,17.06,0.77,423.00,37.87,Warning
2026-01-03T22:05:00,server_028,45.00,34.00,160.00,194.00,29.00,2,17.19,0.80,398.00,37.54,Warning
2026-01-03T22:10:00,server_029,34.00,35.00,133.00,231.00,36.00,3,18.79,0.74,355.00,34.29,Normal
2026-01-03T22:15:00,server_038,49.00,48.00,194.00,188.00,29.00,3,16.51,0.78,439.00,39.37,Warning
2026-01-03T22:20:00,server_020,57.00,46.00,200.00,166.00,24.00,3,16.90,0.80,465.00,41.36,Warning
2026-01-03T22:25:00,server_018,49.00,40.00,94.00,363.00,51.00,2,18.98,0.79,405.00,38.19,Warning
2026-01-03T22:30:00,server_040,41.00,25.00,171.00,194.00,50.00,1,18.27,0.82,329.00,34.32,Normal
2026-01-03T22:35:00,server_019,44.00,53.00,191.00,339.00,44.00,3,17.26,0.76,431.00,37.85,Warning
2026-01-03T22:40:00,server_020,42.00,44.00,175.00,109.00,53.00,1,18.02,0.75,374.00,37.07,Warning
2026-01-03T22:45:00,server_005,54.00,49.00,93.00,202.00,95.00,2,18.27,0.77,433.00,39.12,Warning
2026-01-03T22:50:00,server_044,40.00,39.00,88.00,144.00,28.00,3,17.47,0.79,396.00,37.67,Warning
2026-01-03T22:55:00,server_033,52.00,60.00,166.00,376.00,61.00,2,17.38,0.78,447.00,39.99,Warning
2026-01-03T23:00:00,server_036,54.00,50.00,110.00,277.00,113.00,2,17.36,0.81,449.00,39.83,Warning
2026-01-03T23:05:00,server_049,54.00,55.00,126.00,306.00,52.00,1,16.67,0.78,442.00,39.74,Warning
2026-01-03T23:10:00,server_022,47.00,49.00,114.00,183.00,25.00,1,16.47,0.71,384.00,37.97,Warning
2026-01-03T23:15:00,server_039,50.00,39.00,108.00,328.00,30.00,1,16.91,0.79,406.00,38.16,Warning
2026-01-03T23:20:00,server_041,54.00,46.00,127.00,359.00,60.00,2,18.03,0.74,451.00,40.85,Warning
2026-01-03T23:25:00,server_040,48.00,42.00,142.00,147.00,24.00,1,17.56,0.83,380.00,35.90,Warning
2026-01-03T23:30:00,server_041,47.00,51.00,204.00,152.00,132.00,2,16.80,0.78,431.00,37.94,Warning
2026-01-03T23:35:00,server_047,45.00,54.00,128.00,359.00,22.00,3,16.58,0.76,436.00,38.71,Warning
2026-01-03T23:40:00,server_012,33.00,32.00,75.00,165.00,44.00,2,17.38,0.77,312.00,33.36,Normal
2026-01-03T23:45:00,server_002,49.00,54.00,232.00,117.00,22.00,3,16.08,0.84,443.00,38.18,Warning
2026-01-03T23:50:00,server_020,50.00,43.00,194.00,279.00,77.00,3,17.85,0.79,446.00,39.93,Warning
2026-01-03T23:55:00,server_026,40.00,33.00,107.00,115.00,39.00,1,17.12,0.84,357.00,34.94,Normal
2026-01-04T00:00:00,server_049,57.00,65.00,208.00,334.00,55.00,2,16.27,0.79,497.00,41.43,Warning
2026-01-04T00:05:00,server_015,38.00,42.00,165.00,195.00,99.00,2,18.00,0.72,359.00,36.34,Warning
2026-01-04T00:10:00,server_006,40.00,48.00,130.00,236.00,39.00,2,16.23,0.81,370.00,35.21,Warning
2026-01-04T00:15:00,server_046,30.00,25.00,117.00,134.00,104.00,2,16.40,0.79,314.00,31.97,Normal
2026-01-04T00:20:00,server_040,45.00,47.00,169.00,197.00,27.00,3,17.40,0.80,423.00,37.66,Warning
2026-01-04T00:25:00,server_018,46.00,47.00,117.00,244.00,61.00,2,17.58,0.73,401.00,36.72,Warning
2026-01-04T00:30:00,server_007,43.00,31.00,144.00,306.00,57.00,3,16.91,0.77,402.00,37.17,Warning
2026-01-04T00:35:00,server_037,48.00,36.00,198.00,157.00,127.00,2,18.23,0.81,398.00,37.24,Warning
2026-01-04T00:40:00,server_024,36.00,36.00,68.00,194.00,36.00,1,16.52,0.81,333.00,34.27,Normal
2026-01-04T00:45:00,server_025,33.00,41.00,86.00,169.00,32.00,2,17.47,0.75,344.00,34.13,Normal
2026-01-04T00:50:00,server_007,37.00,30.00,137.00,238.00,29.00,1,17.48,0.74,333.00,33.77,Normal
2026-01-04T00:55:00,server_047,37.00,40.00,80.00,180.00,129.00,2,16.84,0.77,361.00,35.89,Warning
2026-01-04T01:00:00,server_014,40.00,43.00,111.00,218.00,26.00,2,17.05,0.76,360.00,37.20,Warning
2026-01-04T01:05:00,server_033,26.00,30.00,85.00,145.00,53.00,3,17.61,0.77,320.00,32.84,Normal
2026-01-04T01:10:00,server_007,45.00,45.00,169.00,226.00,60.00,2,17.09,0.83,397.00,35.73,Warning
2026-01-04T01:15:00,server_005,40.00,37.00,98.00,209.00,55.00,1,18.60,0.79,337.00,35.15,Warning
2026-01-04T01:20:00,server_045,33.00,39.00,142.00,289.00,76.00,3,17.41,0.84,361.00,35.40,Warning
2026-01-04T01:25:00,server_043,31.00,32.00,141.00,166.00,57.00,2,17.23,0.75,313.00,33.13,Normal
2026-01-04T01:30:00,server_037,49.00,47.00,199.00,95.00,94.00,2,18.44,0.77,416.00,38.20,Warning
2026-01-04T01:35:00,server_005,39.00,38.00,115.00,200.00,100.00,1,17.34,0.81,354.00,35.19,Warning
2026-01-04T01:40:00,server_045,38.00,42.00,172.00,148.00,43.00,2,16.19,0.78,363.00,35.69,Warning
2026-01-04T01:45:00,server_015,37.00,42.00,154.00,150.00,19.00,2,17.60,0.81,371.00,34.87,Normal
2026-01-04T01:50:00,server_010,49.00,46.00,157.00,247.00,107.00,1,17.63,0.79,393.00,37.39,Warning
2026-01-04T01:55:00,server_012,46.00,51.00,114.00,267.00,84.00,1,17.51,0.78,395.00,37.71,Warning
2026-01-04T02:00:00,server_027,42.00,38.00,114.00,138.00,38.00,1,19.12,0.79,348.00,36.22,Warning
2026-01-04T02:05:00,server_024,36.00,28.00,162.00,237.00,43.00,2,17.96,0.81,345.00,33.96,Normal
2026-01-04T02:10:00,server_013,51.00,61.00,168.00,277.00,87.00,2,17.51,0.82,452.00,39.64,Warning
2026-01-04T02:15:00,server_027,30.00,27.00,50.00,232.00,26.00,1,18.19,0.79,293.00,33.20,Normal
2026-01-04T02:20:00,server_010,40.00,34.00,158.00,129.00,52.00,3,18.44,0.72,385.00,37.56,Warning
2026-01-04T02:25:00,server_050,49.00,53.00,114.00,320.00,32.00,1,17.69,0.69,401.00,38.91,Warning
2026-01-04T02:30:00,server_040,38.00,42.00,114.00,211.00,45.00,3,17.66,0.81,389.00,36.92,Warning
2026-01-04T02:35:00,server_023,40.00,47.00,121.00,184.00,25.00,2,18.01,0.74,381.00,37.27,Warning
2026-01-04T02:40:00,server_030,34.00,37.00,106.00,120.00,54.00,1,18.24,0.72,335.00,35.37,Warning
2026-01-04T02:45:00,server_037,36.00,42.00,111.00,176.00,48.00,2,18.46,0.79,354.00,35.34,Warning
2026-01-04T02:50:00,server_038,45.00,42.00,184.00,178.00,25.00,3,17.90,0.79,408.00,37.70,Warning
2026-01-04T02:55:00,server_020,41.00,46.00,72.00,208.00,23.00,2,17.57,0.80,376.00,35.91,Warning
2026-01-04T03:00:00,server_025,35.00,31.00,169.00,258.00,33.00,1,18.65,0.83,318.00,32.67,Normal
2026-01-04T03:05:00,server_026,44.00,44.00,157.00,169.00,16.00,2,19.58,0.74,389.00,36.74,Warning
2026-01-04T03:10:00,server_038,41.00,45.00,166.00,132.00,26.00,1,18.75,0.77,351.00,35.31,Warning
2026-01-04T03:15:00,server_041,32.00,32.00,117.00,154.00,17.00,3,19.03,0.84,331.00,32.83,Normal
2026-01-04T03:20:00,server_043,35.00,41.00,166.00,250.00,52.00,3,18.65,0.85,367.00,36.51,Warning
2026-01-04T03:25:00,server_010,41.00,32.00,115.00,120.00,17.00,2,18.58,0.83,370.00,35.70,Warning
2026-01-04T03:30:00,server_006,47.00,45.00,84.00,268.00,32.00,2,20.19,0.80,395.00,37.68,Warning
2026-01-04T03:35:00,server_042,34.00,30.00,84.00,110.00,36.00,1,19.12,0.75,327.00,33.86,Normal
2026-01-04T03:40:00,server_037,40.00,41.00,94.00,257.00,104.00,3,18.47,0.81,383.00,36.82,Warning
2026-01-04T03:45:00,server_021,32.00,31.00,99.00,242.00,14.00,1,18.55,0.75,320.00,34.77,Normal
2026-01-04T03:50:00,server_007,33.00,34.00,44.00,212.00,17.00,2,19.69,0.74,327.00,35.70,Warning
2026-01-04T03:55:00,server_044,35.00,38.00,68.00,255.00,57.00,2,18.19,0.75,341.00,34.84,Normal
2026-01-04T04:00:00,server_036,53.00,55.00,196.00,122.00,28.00,2,21.80,0.75,440.00,42.42,Warning
2026-01-04T04:05:00,server_008,35.00,33.00,99.00,167.00,55.00,1,21.15,0.80,338.00,35.68,Warning
2026-01-04T04:10:00,server_050,38.00,44.00,64.00,135.00,29.00,2,20.71,0.82,367.00,37.04,Warning
2026-01-04T04:15:00,server_004,40.00,35.00,164.00,265.00,22.00,3,21.07,0.79,391.00,36.64,Warning
2026-01-04T04:20:00,server_034,42.00,35.00,74.00,160.00,26.00,1,20.04,0.76,354.00,36.01,Warning
2026-01-04T04:25:00,server_038,42.00,41.00,200.00,143.00,19.00,1,19.99,0.75,377.00,37.13,Warning
2026-01-04T04:30:00,server_004,44.00,34.00,61.00,226.00,63.00,3,20.76,0.86,395.00,37.76,Warning
2026-01-04T04:35:00,server_001,35.00,37.00,172.00,218.00,30.00,2,20.80,0.77,364.00,36.30,Warning
2026-01-04T04:40:00,server_003,42.00,48.00,123.00,144.00,110.00,2,20.15,0.78,387.00,37.26,Warning
2026-01-04T04:45:00,server_049,38.00,34.00,64.00,202.00,25.00,2,20.76,0.79,354.00,36.29,Warning
2026-01-04T04:50:00,server_018,37.00,35.00,46.00,121.00,27.00,1,19.69,0.77,339.00,36.24,Warning
2026-01-04T04:55:00,server_008,37.00,42.00,76.00,158.00,20.00,3,20.69,0.75,388.00,38.62,Warning
2026-01-04T05:00:00,server_031,46.00,54.00,141.00,222.00,43.00,3,22.65,0.78,431.00,40.09,Warning
2026-01-04T05:05:00,server_023,54.00,49.00,223.00,126.00,21.00,2,22.08,0.77,448.00,41.53,Warning
2026-01-04T05:10:00,server_011,50.00,50.00,196.00,175.00,60.00,3,22.21,0.80,441.00,41.00,Warning
2026-01-04T05:15:00,server_005,34.00,41.00,157.00,144.00,87.00,3,21.92,0.81,352.00,36.51,Warning
2026-01-04T05:20:00,server_048,40.00,45.00,128.00,124.00,102.00,3,22.73,0.80,395.00,38.41,Warning
2026-01-04T05:25:00,server_016,55.00,46.00,91.00,337.00,80.00,2,22.34,0.78,445.00,41.93,Warning
2026-01-04T05:30:00,server_037,55.00,56.00,112.00,433.00,85.00,3,21.92,0.76,483.00,42.54,Warning
2026-01-04T05:35:00,server_009,46.00,48.00,115.00,141.00,55.00,2,21.67,0.78,389.00,39.57,Warning
2026-01-04T05:40:00,server_022,50.00,56.00,198.00,141.00,21.00,3,21.98,0.80,459.00,41.68,Warning
2026-01-04T05:45:00,server_007,46.00,51.00,114.00,154.00,41.00,3,23.72,0.73,429.00,40.57,Warning
2026-01-04T05:50:00,server_003,41.00,54.00,186.00,284.00,15.00,2,22.43,0.82,400.00,38.52,Warning
2026-01-04T05:55:00,server_022,38.00,38.00,170.00,213.00,31.00,2,22.17,0.78,371.00,36.88,Warning
2026-01-04T06:00:00,server_044,43.00,53.00,87.00,303.00,28.00,1,23.62,0.79,391.00,38.67,Warning
2026-01-04T06:05:00,server_020,46.00,43.00,191.00,146.00,42.00,2,22.97,0.77,406.00,39.20,Warning
2026-01-04T06:10:00,server_006,47.00,52.00,174.00,205.00,180.00,1,23.12,0.81,398.00,38.69,Warning
2026-01-04T06:15:00,server_016,50.00,57.00,166.00,128.00,42.00,1,24.72,0.85,417.00,39.30,Warning
2026-01-04T06:20:00,server_027,42.00,43.00,155.00,274.00,21.00,1,24.66,0.79,381.00,38.84,Warning
2026-01-04T06:25:00,server_010,51.00,57.00,112.00,178.00,50.00,2,23.87,0.83,422.00,40.66,Warning
2026-01-04T06:30:00,server_023,52.00,54.00,220.00,233.00,85.00,1,24.72,0.81,415.00,40.50,Warning
2026-01-04T06:35:00,server_031,58.00,52.00,174.00,352.00,25.00,3,24.11,0.77,472.00,42.51,Warning
2026-01-04T06:40:00,server_003,42.00,41.00,71.00,281.00,158.00,2,24.97,0.84,389.00,39.37,Warning
2026-01-04T06:45:00,server_013,49.00,31.00,96.00,211.00,34.00,1,24.12,0.85,369.00,37.78,Warning
2026-01-04T06:50:00,server_018,50.00,57.00,226.00,216.00,36.00,2,23.76,0.70,433.00,41.57,Warning
2026-01-04T06:55:00,server_048,57.00,54.00,147.00,211.00,130.00,3,24.90,0.77,477.00,42.52,Warning
2026-01-04T07:00:00,server_007,57.00,43.00,224.00,146.00,67.00,2,26.82,0.79,449.00,41.39,Warning
2026-01-04T07:05:00,server_023,51.00,42.00,176.00,296.00,28.00,2,27.76,0.74,426.00,42.74,Warning
2026-01-04T07:10:00,server_032,57.00,43.00,88.00,436.00,102.00,3,26.31,0.74,456.00,42.95,Warning
2026-01-04T07:15:00,server_018,58.00,46.00,235.00,275.00,47.00,2,25.08,0.74,450.00,41.63,Warning
2026-01-04T07:20:00,server_007,48.00,54.00,199.00,353.00,59.00,3,26.27,0.78,456.00,42.09,Warning
2026-01-04T07:25:00,server_006,53.00,41.00,151.00,227.00,21.00,1,25.69,0.78,401.00,40.18,Warning
2026-01-04T07:30:00,server_020,58.00,61.00,155.00,391.00,38.00,2,25.20,0.78,464.00,42.64,Warning
2026-01-04T07:35:00,server_031,57.00,56.00,132.00,247.00,154.00,1,25.76,0.79,444.00,41.20,Warning
2026-01-04T07:40:00,server_040,44.00,48.00,158.00,218.00,27.00,2,25.03,0.86,398.00,38.55,Warning
2026-01-04T07:45:00,server_006,50.00,55.00,249.00,251.00,66.00,2,26.05,0.75,426.00,41.89,Warning
2026-01-04T07:50:00,server_037,63.00,54.00,226.00,305.00,91.00,2,25.75,0.77,488.00,44.75,Warning
2026-01-04T07:55:00,server_001,63.00,63.00,251.00,222.00,59.00,1,26.28,0.83,489.00,43.96,Warning
2026-01-04T08:00:00,server_005,56.00,63.00,184.00,150.00,71.00,1,27.41,0.84,468.00,43.97,Warning
2026-01-04T08:05:00,server_046,49.00,61.00,157.00,154.00,102.00,3,26.91,0.76,459.00,44.01,Warning
2026-01-04T08:10:00,server_035,62.00,59.00,148.00,392.00,24.00,1,27.16,0.72,486.00,45.11,Critical
2026-01-04T08:15:00,server_037,54.00,50.00,144.00,368.00,37.00,2,27.87,0.81,442.00,42.13,Warning
2026-01-04T08:20:00,server_002,57.00,41.00,210.00,265.00,86.00,2,27.79,0.78,454.00,43.77,Warning
2026-01-04T08:25:00,server_008,60.00,51.00,117.00,424.00,37.00,1,27.21,0.77,457.00,43.09,Warning
2026-01-04T08:30:00,server_045,61.00,66.00,198.00,273.00,56.00,3,27.41,0.71,494.00,46.23,Critical
2026-01-04T08:35:00,server_045,59.00,57.00,145.00,372.00,60.00,2,28.21,0.74,474.00,43.73,Warning
2026-01-04T08:40:00,server_009,53.00,57.00,213.00,339.00,38.00,2,26.99,0.76,458.00,42.98,Warning
2026-01-04T08:45:00,server_031,48.00,46.00,80.00,152.00,34.00,2,28.08,0.80,429.00,40.74,Warning
2026-01-04T08:50:00,server_021,43.00,38.00,143.00,324.00,23.00,1,27.31,0.77,378.00,40.09,Warning
2026-01-04T08:55:00,server_013,57.00,61.00,206.00,369.00,32.00,1,26.84,0.76,444.00,41.74,Warning
2026-01-04T09:00:00,server_034,66.00,53.00,165.00,334.00,24.00,2,28.80,0.78,495.00,45.27,Critical
2026-01-04T09:05:00,server_028,50.00,42.00,158.00,321.00,56.00,3,30.11,0.78,428.00,42.38,Warning
2026-01-04T09:10:00,server_044,49.00,38.00,172.00,213.00,29.00,1,28.43,0.81,401.00,41.51,Warning
2026-01-04T09:15:00,server_009,63.00,49.00,138.00,163.00,64.00,3,29.45,0.82,491.00,45.88,Critical
2026-01-04T09:20:00,server_021,60.00,66.00,185.00,433.00,27.00,2,28.28,0.81,485.00,44.05,Warning
2026-01-04T09:25:00,server_002,67.00,56.00,213.00,166.00,53.00,1,28.51,0.74,476.00,45.51,Critical
2026-01-04T09:30:00,server_017,61.00,66.00,242.00,408.00,46.00,1,28.43,0.80,487.00,45.06,Critical
2026-01-04T09:35:00,server_043,60.00,58.00,241.00,290.00,157.00,3,28.43,0.74,493.00,45.01,Critical
2026-01-04T09:40:00,server_041,62.00,55.00,103.00,294.00,22.00,3,28.71,0.76,495.00,46.34,Critical
2026-01-04T09:45:00,server_004,56.00,48.00,124.00,190.00,69.00,3,29.01,0.79,468.00,43.74,Warning
2026-01-04T09:50:00,server_014,55.00,42.00,240.00,250.00,64.00,2,27.54,0.82,433.00,42.10,Warning
2026-01-04T09:55:00,server_036,59.00,62.00,124.00,327.00,58.00,3,29.32,0.79,493.00,44.69,Warning
2026-01-04T10:00:00,server_039,64.00,52.00,148.00,344.00,47.00,1,30.60,0.74,466.00,44.67,Warning
2026-01-04T10:05:00,server_024,62.00,60.00,219.00,250.00,27.00,3,30.86,0.77,493.00,46.92,Critical
2026-01-04T10:10:00,server_038,53.00,43.00,127.00,304.00,53.00,2,30.04,0.84,439.00,41.64,Warning
2026-01-04T10:15:00,server_011,60.00,63.00,183.00,318.00,37.00,2,30.20,0.73,490.00,46.37,Critical
2026-01-04T10:20:00,server_008,59.00,50.00,196.00,408.00,61.00,2,30.47,0.83,466.00,43.91,Warning
2026-01-04T10:25:00,server_021,65.00,64.00,210.00,233.00,112.00,1,30.49,0.77,486.00,45.87,Critical
2026-01-04T10:30:00,server_028,57.00,57.00,197.00,130.00,86.00,2,29.81,0.80,459.00,43.52,Warning
2026-01-04T10:35:00,server_046,60.00,60.00,184.00,234.00,123.00,3,30.05,0.75,504.00,46.27,Critical
2026-01-04T10:40:00,server_044,57.00,50.00,136.00,402.00,36.00,2,30.08,0.74,450.00,43.70,Warning
2026-01-04T10:45:00,server_019,60.00,49.00,134.00,434.00,32.00,3,30.25,0.82,474.00,44.73,Warning
2026-01-04T10:50:00,server_029,57.00,55.00,115.00,343.00,58.00,2,29.97,0.73,463.00,45.44,Critical
2026-01-04T10:55:00,server_005,68.00,83.00,247.00,337.00,24.00,2,29.44,0.80,546.00,49.16,Critical
2026-01-04T11:00:00,server_012,70.00,62.00,326.00,485.00,48.00,2,29.64,0.84,525.00,45.91,Critical
2026-01-04T11:05:00,server_024,67.00,67.00,98.00,299.00,130.00,1,31.63,0.77,485.00,45.07,Critical
2026-01-04T11:10:00,server_050,63.00,48.00,251.00,425.00,102.00,1,32.04,0.71,456.00,45.29,Critical
2026-01-04T11:15:00,server_019,71.00,54.00,243.00,315.00,89.00,3,29.76,0.76,534.00,48.23,Critical
2026-01-04T11:20:00,server_048,71.00,56.00,273.00,425.00,26.00,1,30.78,0.77,509.00,45.88,Critical
2026-01-04T11:25:00,server_031,65.00,70.00,138.00,383.00,27.00,2,30.99,0.81,515.00,47.26,Critical
2026-01-04T11:30:00,server_031,71.00,70.00,204.00,359.00,33.00,3,29.53,0.74,554.00,49.99,Critical
2026-01-04T11:35:00,server_008,64.00,53.00,243.00,171.00,51.00,3,30.00,0.78,523.00,46.17,Critical
2026-01-04T11:40:00,server_036,67.00,66.00,139.00,354.00,70.00,2,31.37,0.80,514.00,47.73,Critical
2026-01-04T11:45:00,server_050,55.00,40.00,112.00,356.00,88.00,2,31.02,0.78,426.00,43.08,Warning
2026-01-04T11:50:00,server_015,64.00,43.00,125.00,204.00,39.00,2,29.72,0.76,478.00,43.76,Warning
2026-01-04T11:55:00,server_031,72.00,69.00,177.00,278.00,32.00,1,29.98,0.78,526.00,48.12,Critical
2026-01-04T12:00:00,server_021,82.00,71.00,317.00,257.00,63.00,2,30.75,0.83,581.00,49.72,Critical
2026-01-04T12:05:00,server_006,67.00,52.00,111.00,287.00,112.00,1,30.99,0.71,476.00,45.71,Critical
2026-01-04T12:10:00,server_029,60.00,45.00,149.00,136.00,125.00,2,29.78,0.74,447.00,44.44,Warning
2026-01-04T12:15:00,server_030,59.00,62.00,145.00,166.00,22.00,1,31.96,0.82,444.00,44.29,Warning
2026-01-04T12:20:00,server_016,66.00,55.00,157.00,133.00,30.00,3,30.14,0.76,516.00,46.87,Critical
2026-01-04T12:25:00,server_040,68.00,59.00,234.00,183.00,39.00,2,30.12,0.74,524.00,47.01,Critical
2026-01-04T12:30:00,server_012,74.00,71.00,238.00,279.00,74.00,2,31.30,0.73,537.00,47.82,Critical
2026-01-04T12:35:00,server_041,69.00,58.00,294.00,322.00,34.00,2,30.28,0.76,499.00,46.23,Critical
2026-01-04T12:40:00,server_035,67.00,53.00,202.00,322.00,25.00,1,31.88,0.74,490.00,45.82,Critical
2026-01-04T12:45:00,server_033,67.00,68.00,286.00,338.00,130.00,1,30.87,0.81,508.00,45.68,Critical
2026-01-04T12:50:00,server_016,57.00,63.00,207.00,389.00,100.00,2,30.51,0.80,471.00,43.90,Warning
2026-01-04T12:55:00,server_002,70.00,54.00,179.00,253.00,30.00,2,31.97,0.78,512.00,47.54,Critical
2026-01-04T13:00:00,server_031,68.00,64.00,165.00,409.00,94.00,2,31.20,0.81,524.00,48.08,Critical
2026-01-04T13:05:00,server_017,64.00,65.00,224.00,342.00,77.00,1,31.66,0.80,493.00,46.83,Critical
2026-01-04T13:10:00,server_032,53.00,57.00,147.00,161.00,24.00,3,30.18,0.74,471.00,45.43,Critical
2026-01-04T13:15:00,server_018,68.00,72.00,163.00,286.00,100.00,1,30.57,0.87,503.00,46.04,Critical
2026-01-04T13:20:00,server_015,71.00,57.00,241.00,224.00,111.00,3,31.92,0.80,545.00,48.49,Critical
2026-01-04T13:25:00,server_028,74.00,59.00,297.00,326.00,121.00,2,30.06,0.87,535.00,45.99,Critical
2026-01-04T13:30:00,server_033,68.00,65.00,111.00,455.00,46.00,2,30.76,0.81,515.00,45.71,Critical
2026-01-04T13:35:00,server_040,77.00,63.00,334.00,373.00,37.00,3,31.14,0.75,586.00,50.54,Critical
2026-01-04T13:40:00,server_015,65.00,74.00,281.00,429.00,72.00,2,31.10,0.76,508.00,48.33,Critical
2026-01-04T13:45:00,server_048,68.00,52.00,186.00,408.00,40.00,2,30.91,0.77,498.00,47.53,Critical
2026-01-04T13:50:00,server_038,67.00,49.00,206.00,359.00,57.00,2,30.97,0.74,506.00,47.34,Critical
2026-01-04T13:55:00,server_005,64.00,61.00,147.00,334.00,90.00,1,30.48,0.77,475.00,45.42,Critical
2026-01-04T14:00:00,server_003,73.00,79.00,253.00,335.00,31.00,2,30.16,0.74,558.00,48.63,Critical
2026-01-04T14:05:00,server_039,66.00,47.00,175.00,455.00,63.00,1,30.45,0.78,481.00,45.82,Critical
2026-01-04T14:10:00,server_036,72.00,52.00,239.00,175.00,86.00,3,29.62,0.72,530.00,47.61,Critical
2026-01-04T14:15:00,server_005,65.00,73.00,140.00,445.00,42.00,3,30.24,0.71,545.00,49.37,Critical
2026-01-04T14:20:00,server_039,62.00,43.00,264.00,244.00,113.00,2,30.32,0.85,457.00,42.87,Warning
2026-01-04T14:25:00,server_016,72.00,75.00,205.00,390.00,54.00,3,30.64,0.80,583.00,50.34,Critical
2026-01-04T14:30:00,server_020,81.00,62.00,145.00,334.00,42.00,2,31.07,0.72,558.00,49.90,Critical
2026-01-04T14:35:00,server_002,76.00,76.00,221.00,235.00,135.00,3,30.36,0.77,582.00,49.66,Critical
2026-01-04T14:40:00,server_013,77.00,62.00,237.00,541.00,46.00,2,31.21,0.74,566.00,49.48,Critical
2026-01-04T14:45:00,server_005,57.00,54.00,191.00,167.00,102.00,2,29.78,0.79,473.00,44.23,Warning
2026-01-04T14:50:00,server_027,79.00,59.00,149.00,232.00,58.00,2,29.52,0.73,567.00,49.75,Critical
2026-01-04T14:55:00,server_041,68.00,54.00,300.00,360.00,33.00,3,28.68,0.76,525.00,47.58,Critical
2026-01-04T15:00:00,server_047,67.00,72.00,182.00,279.00,32.00,2,29.27,0.84,529.00,45.93,Critical
2026-01-04T15:05:00,server_039,65.00,68.00,220.00,474.00,240.00,1,29.48,0.79,505.00,45.89,Critical
2026-01-04T15:10:00,server_008,68.00,39.00,283.00,256.00,70.00,1,29.22,0.77,464.00,44.48,Warning
2026-01-04T15:15:00,server_003,72.00,66.00,205.00,483.00,32.00,2,29.49,0.81,545.00,48.76,Critical
2026-01-04T15:20:00,server_011,64.00,53.00,217.00,199.00,77.00,2,28.97,0.72,487.00,45.45,Critical
2026-01-04T15:25:00,server_011,74.00,77.00,314.00,410.00,31.00,2,29.05,0.81,573.00,48.41,Critical
2026-01-04T15:30:00,server_040,64.00,50.00,221.00,450.00,52.00,2,28.34,0.75,495.00,45.29,Critical
2026-01-04T15:35:00,server_009,62.00,62.00,115.00,193.00,24.00,3,28.84,0.71,504.00,45.21,Critical
2026-01-04T15:40:00,server_033,67.00,60.00,114.00,203.00,34.00,3,29.10,0.81,521.00,46.98,Critical
2026-01-04T15:45:00,server_002,59.00,63.00,110.00,223.00,72.00,1,28.64,0.77,460.00,43.75,Warning
2026-01-04T15:50:00,server_006,62.00,68.00,153.00,215.00,57.00,2,29.89,0.78,495.00,45.58,Critical
2026-01-04T15:55:00,server_005,68.00,50.00,318.00,343.00,35.00,2,28.45,0.75,512.00,46.22,Critical
2026-01-04T16:00:00,server_011,66.00,57.00,280.00,248.00,24.00,3,27.80,0.79,519.00,45.63,Critical
2026-01-04T16:05:00,server_044,61.00,58.00,248.00,396.00,22.00,2,26.33,0.80,487.00,44.69,Warning
2026-01-04T16:10:00,server_027,81.00,74.00,151.00,304.00,78.00,3,27.52,0.78,600.00,49.34,Critical
2026-01-04T16:15:00,server_008,69.00,48.00,204.00,450.00,88.00,2,26.30,0.82,503.00,45.54,Critical
2026-01-04T16:20:00,server_020,60.00,53.00,130.00,354.00,86.00,3,27.56,0.76,500.00,45.81,Critical
2026-01-04T16:25:00,server_004,69.00,62.00,256.00,262.00,37.00,2,26.06,0.73,518.00,46.55,Critical
2026-01-04T16:30:00,server_001,69.00,71.00,95.00,356.00,56.00,3,28.41,0.77,549.00,47.50,Critical
2026-01-04T16:35:00,server_041,71.00,62.00,190.00,305.00,40.00,2,27.43,0.74,543.00,48.08,Critical
2026-01-04T16:40:00,server_020,72.00,55.00,280.00,352.00,36.00,2,28.97,0.77,523.00,47.04,Critical
2026-01-04T16:45:00,server_034,64.00,55.00,221.00,261.00,28.00,2,27.24,0.79,492.00,45.91,Critical
2026-01-04T16:50:00,server_033,74.00,56.00,261.00,346.00,68.00,2,28.29,0.73,536.00,47.52,Critical
2026-01-04T16:55:00,server_021,62.00,45.00,170.00,315.00,72.00,2,27.04,0.74,481.00,45.03,Critical
2026-01-04T17:00:00,server_022,71.00,59.00,304.00,509.00,40.00,3,25.60,0.78,554.00,46.81,Critical
2026-01-04T17:05:00,server_029,58.00,49.00,102.00,434.00,21.00,3,25.06,0.79,478.00,43.66,Warning
2026-01-04T17:10:00,server_030,66.00,51.00,123.00,267.00,42.00,2,26.51,0.80,501.00,45.88,Critical
2026-01-04T17:15:00,server_004,58.00,48.00,105.00,323.00,41.00,1,25.18,0.72,432.00,41.60,Warning
2026-01-04T17:20:00,server_017,66.00,63.00,270.00,312.00,40.00,2,27.00,0.78,511.00,46.63,Critical
2026-01-04T17:25:00,server_050,62.00,68.00,96.00,418.00,129.00,2,25.23,0.81,506.00,44.82,Warning
2026-01-04T17:30:00,server_039,65.00,63.00,119.00,416.00,56.00,3,24.78,0.78,519.00,45.34,Critical
2026-01-04T17:35:00,server_019,70.00,55.00,122.00,504.00,31.00,2,26.29,0.82,509.00,45.26,Critical
2026-01-04T17:40:00,server_037,60.00,61.00,173.00,324.00,43.00,2,26.24,0.83,473.00,43.39,Warning
2026-01-04T17:45:00,server_002,62.00,48.00,96.00,191.00,29.00,2,25.88,0.81,470.00,43.55,Warning
2026-01-04T17:50:00,server_011,59.00,38.00,163.00,276.00,64.00,3,25.72,0.74,461.00,44.12,Warning
2026-01-04T17:55:00,server_041,70.00,72.00,283.00,268.00,93.00,2,26.13,0.79,541.00,48.01,Critical
2026-01-04T18:00:00,server_032,68.00,70.00,143.00,164.00,61.00,2,24.05,0.76,533.00,46.52,Critical
2026-01-04T18:05:00,server_031,64.00,68.00,139.00,257.00,38.00,3,23.44,0.78,514.00,44.67,Warning
2026-01-04T18:10:00,server_036,68.00,61.00,158.00,266.00,28.00,1,23.76,0.79,509.00,43.71,Warning
2026-01-04T18:15:00,server_020,53.00,55.00,221.00,321.00,71.00,3,24.45,0.75,463.00,42.19,Warning
2026-01-04T18:20:00,server_048,67.00,76.00,121.00,332.00,59.00,2,23.98,0.81,540.00,45.65,Critical
2026-01-04T18:25:00,server_050,53.00,51.00,117.00,328.00,25.00,1,23.19,0.77,409.00,39.70,Warning
2026-01-04T18:30:00,server_044,56.00,60.00,139.00,210.00,63.00,1,24.50,0.79,440.00,41.85,Warning
2026-01-04T18:35:00,server_023,59.00,52.00,141.00,422.00,37.00,2,22.94,0.74,484.00,42.93,Warning
2026-01-04T18:40:00,server_038,67.00,49.00,194.00,280.00,137.00,3,23.97,0.73,503.00,44.69,Warning
2026-01-04T18:45:00,server_034,63.00,63.00,192.00,242.00,47.00,1,23.85,0.78,483.00,43.27,Warning
2026-01-04T18:50:00,server_032,66.00,63.00,271.00,461.00,46.00,2,24.34,0.76,522.00,45.65,Critical
2026-01-04T18:55:00,server_007,71.00,64.00,310.00,283.00,40.00,3,22.92,0.73,563.00,47.05,Critical
2026-01-04T19:00:00,server_036,57.00,55.00,153.00,382.00,38.00,1,22.12,0.73,448.00,41.38,Warning
2026-01-04T19:05:00,server_038,60.00,38.00,258.00,141.00,90.00,1,21.79,0.75,431.00,41.02,Warning
2026-01-04T19:10:00,server_015,57.00,44.00,214.00,169.00,20.00,3,22.24,0.75,471.00,42.18,Warning
2026-01-04T19:15:00,server_028,71.00,56.00,283.00,434.00,70.00,1,22.59,0.78,500.00,43.51,Warning
2026-01-04T19:20:00,server_026,52.00,42.00,199.00,292.00,69.00,2,22.78,0.75,440.00,40.95,Warning
2026-01-04T19:25:00,server_018,55.00,46.00,183.00,318.00,27.00,1,22.96,0.74,424.00,40.34,Warning
2026-01-04T19:30:00,server_029,64.00,52.00,185.00,263.00,23.00,3,21.66,0.79,502.00,43.95,Warning
2026-01-04T19:35:00,server_020,63.00,46.00,228.00,287.00,64.00,1,22.97,0.74,457.00,43.49,Warning
2026-01-04T19:40:00,server_020,64.00,47.00,248.00,314.00,43.00,2,21.08,0.81,486.00,42.73,Warning
2026-01-04T19:45:00,server_036,52.00,42.00,164.00,195.00,23.00,2,21.74,0.84,420.00,40.70,Warning
2026-01-04T19:50:00,server_038,65.00,46.00,217.00,426.00,36.00,2,21.22,0.74,491.00,43.64,Warning
2026-01-04T19:55:00,server_024,71.00,57.00,278.00,300.00,29.00,3,22.32,0.76,539.00,45.78,Critical
2026-01-04T20:00:00,server_007,52.00,52.00,204.00,274.00,30.00,2,20.41,0.81,453.00,41.07,Warning
2026-01-04T20:05:00,server_015,54.00,51.00,149.00,196.00,43.00,2,22.12,0.80,456.00,40.97,Warning
2026-01-04T20:10:00,server_025,60.00,61.00,178.00,304.00,37.00,1,21.88,0.77,448.00,41.29,Warning
2026-01-04T20:15:00,server_039,45.00,37.00,113.00,201.00,24.00,2,20.22,0.75,382.00,37.86,Warning
2026-01-04T20:20:00,server_003,58.00,56.00,202.00,255.00,41.00,3,19.77,0.82,492.00,41.67,Warning
2026-01-04T20:25:00,server_006,68.00,56.00,263.00,450.00,28.00,2,20.65,0.74,506.00,44.31,Warning
2026-01-04T20:30:00,server_017,71.00,68.00,288.00,193.00,42.00,2,20.63,0.77,531.00,46.02,Critical
2026-01-04T20:35:00,server_038,51.00,33.00,175.00,235.00,27.00,2,22.14,0.83,397.00,39.58,Warning
2026-01-04T20:40:00,server_015,62.00,64.00,139.00,357.00,70.00,1,21.04,0.84,457.00,41.21,Warning
2026-01-04T20:45:00,server_050,61.00,44.00,196.00,338.00,68.00,1,20.90,0.73,459.00,41.96,Warning
2026-01-04T20:50:00,server_037,54.00,43.00,245.00,344.00,95.00,1,21.80,0.76,433.00,39.40,Warning
2026-01-04T20:55:00,server_041,46.00,36.00,160.00,153.00,47.00,2,22.07,0.75,400.00,39.64,Warning
2026-01-04T21:00:00,server_032,59.00,66.00,151.00,171.00,27.00,3,19.94,0.83,488.00,42.94,Warning
2026-01-04T21:05:00,server_013,46.00,50.00,202.00,326.00,40.00,2,20.54,0.75,412.00,38.34,Warning
2026-01-04T21:10:00,server_021,45.00,38.00,99.00,349.00,26.00,3,19.54,0.76,416.00,39.72,Warning
2026-01-04T21:15:00,server_038,47.00,37.00,188.00,271.00,217.00,2,19.93,0.75,400.00,38.73,Warning
2026-01-04T21:20:00,server_024,49.00,46.00,161.00,288.00,28.00,3,18.71,0.74,437.00,39.81,Warning
2026-01-04T21:25:00,server_033,40.00,44.00,95.00,325.00,24.00,3,18.71,0.80,400.00,36.88,Warning
2026-01-04T21:30:00,server_001,56.00,55.00,113.00,249.00,31.00,3,19.27,0.79,467.00,41.35,Warning
2026-01-04T21:35:00,server_026,48.00,53.00,200.00,295.00,22.00,2,19.21,0.85,428.00,38.18,Warning
2026-01-04T21:40:00,server_011,54.00,44.00,129.00,324.00,24.00,2,18.17,0.78,437.00,39.90,Warning
2026-01-04T21:45:00,server_027,52.00,53.00,118.00,418.00,79.00,1,18.53,0.85,429.00,39.04,Warning
2026-01-04T21:50:00,server_045,48.00,55.00,199.00,205.00,52.00,3,18.62,0.79,445.00,39.85,Warning
2026-01-04T21:55:00,server_004,55.00,46.00,187.00,282.00,56.00,2,18.35,0.75,444.00,39.98,Warning
2026-01-04T22:00:00,server_030,34.00,38.00,142.00,247.00,43.00,3,18.11,0.78,372.00,35.76,Warning
2026-01-04T22:05:00,server_020,60.00,57.00,133.00,348.00,135.00,1,17.39,0.70,464.00,41.72,Warning
2026-01-04T22:10:00,server_048,47.00,50.00,207.00,273.00,31.00,1,18.75,0.78,403.00,37.39,Warning
2026-01-04T22:15:00,server_006,51.00,57.00,133.00,350.00,64.00,2,18.21,0.77,418.00,39.31,Warning
2026-01-04T22:20:00,server_026,55.00,38.00,86.00,289.00,35.00,2,17.73,0.76,425.00,38.12,Warning
2026-01-04T22:25:00,server_044,36.00,28.00,121.00,145.00,46.00,1,17.66,0.79,324.00,32.99,Normal
2026-01-04T22:30:00,server_016,45.00,35.00,118.00,208.00,43.00,2,17.67,0.80,379.00,37.76,Warning
2026-01-04T22:35:00,server_046,51.00,36.00,136.00,306.00,30.00,2,17.76,0.83,411.00,39.31,Warning
2026-01-04T22:40:00,server_050,38.00,31.00,167.00,203.00,40.00,2,16.59,0.79,350.00,33.93,Normal
2026-01-04T22:45:00,server_018,62.00,46.00,152.00,446.00,39.00,2,17.39,0.73,483.00,42.22,Warning
2026-01-04T22:50:00,server_029,39.00,32.00,173.00,193.00,44.00,2,18.92,0.73,358.00,35.35,Warning
2026-01-04T22:55:00,server_022,48.00,44.00,131.00,259.00,19.00,2,18.39,0.73,407.00,38.81,Warning
2026-01-04T23:00:00,server_036,53.00,52.00,237.00,135.00,28.00,3,16.91,0.80,474.00,40.92,Warning
2026-01-04T23:05:00,server_017,47.00,49.00,185.00,307.00,34.00,3,17.98,0.81,433.00,38.97,Warning
2026-01-04T23:10:00,server_035,36.00,34.00,140.00,137.00,23.00,2,16.55,0.73,340.00,34.38,Normal
2026-01-04T23:15:00,server_007,52.00,42.00,191.00,270.00,22.00,2,17.15,0.82,424.00,37.80,Warning
2026-01-04T23:20:00,server_032,45.00,42.00,157.00,139.00,47.00,3,17.15,0.77,402.00,36.32,Warning
2026-01-04T23:25:00,server_040,43.00,44.00,105.00,299.00,35.00,2,18.19,0.82,387.00,36.19,Warning
2026-01-04T23:30:00,server_006,34.00,36.00,110.00,145.00,74.00,2,18.04,0.75,339.00,34.57,Normal
2026-01-04T23:35:00,server_011,49.00,56.00,210.00,261.00,92.00,2,18.06,0.76,448.00,39.99,Warning
2026-01-04T23:40:00,server_026,48.00,41.00,185.00,284.00,23.00,3,16.63,0.78,427.00,38.24,Warning
2026-01-04T23:45:00,server_005,51.00,40.00,213.00,321.00,33.00,1,17.19,0.74,403.00,39.10,Warning
2026-01-04T23:50:00,server_028,47.00,52.00,115.00,155.00,32.00,3,18.44,0.81,422.00,38.84,Warning
2026-01-04T23:55:00,server_006,51.00,55.00,189.00,142.00,19.00,2,16.46,0.76,444.00,39.78,Warning
2026-01-05T00:00:00,server_039,44.00,50.00,192.00,232.00,41.00,2,16.34,0.77,399.00,38.24,Warning
2026-01-05T00:05:00,server_025,45.00,45.00,75.00,244.00,28.00,2,18.49,0.84,396.00,37.03,Warning
2026-01-05T00:10:00,server_016,33.00,35.00,63.00,112.00,148.00,1,18.14,0.72,307.00,33.51,Normal
2026-01-05T00:15:00,server_031,36.00,24.00,84.00,221.00,36.00,2,17.93,0.76,348.00,35.76,Warning
2026-01-05T00:20:00,server_008,58.00,51.00,96.00,407.00,84.00,2,16.50,0.83,458.00,39.84,Warning
2026-01-05T00:25:00,server_029,51.00,38.00,106.00,173.00,28.00,1,17.50,0.87,389.00,35.50,Warning
2026-01-05T00:30:00,server_021,39.00,34.00,122.00,275.00,20.00,2,17.13,0.78,343.00,35.53,Warning
2026-01-05T00:35:00,server_005,50.00,35.00,205.00,298.00,49.00,1,17.55,0.82,402.00,37.82,Warning
2026-01-05T00:40:00,server_006,41.00,31.00,111.00,256.00,96.00,1,15.91,0.82,356.00,33.84,Normal
2026-01-05T00:45:00,server_020,41.00,52.00,106.00,260.00,36.00,3,17.77,0.80,416.00,38.92,Warning
2026-01-05T00:50:00,server_026,44.00,50.00,190.00,202.00,44.00,2,16.47,0.80,402.00,37.00,Warning
2026-01-05T00:55:00,server_039,45.00,37.00,156.00,285.00,21.00,1,17.50,0.84,385.00,36.55,Warning
2026-01-05T01:00:00,server_033,32.00,28.00,107.00,169.00,47.00,3,16.29,0.78,340.00,34.45,Normal
2026-01-05T01:05:00,server_041,41.00,34.00,151.00,237.00,81.00,2,17.18,0.83,382.00,35.97,Warning
2026-01-05T01:10:00,server_038,42.00,34.00,104.00,276.00,16.00,2,17.51,0.78,362.00,35.00,Warning
2026-01-05T01:15:00,server_034,39.00,40.00,177.00,226.00,32.00,2,17.13,0.74,375.00,36.22,Warning
2026-01-05T01:20:00,server_050,40.00,38.00,96.00,262.00,36.00,3,19.07,0.75,381.00,36.68,Warning
2026-01-05T01:25:00,server_048,46.00,55.00,80.00,156.00,28.00,3,16.79,0.85,427.00,38.51,Warning
2026-01-05T01:30:00,server_001,41.00,28.00,150.00,331.00,35.00,2,17.76,0.78,360.00,36.19,Warning
2026-01-05T01:35:00,server_031,44.00,40.00,173.00,362.00,49.00,2,17.67,0.79,389.00,37.91,Warning
2026-01-05T01:40:00,server_030,40.00,45.00,60.00,207.00,49.00,2,17.61,0.76,371.00,36.63,Warning
2026-01-05T01:45:00,server_043,39.00,38.00,108.00,249.00,52.00,3,17.24,0.71,377.00,37.28,Warning
2026-01-05T01:50:00,server_012,42.00,39.00,114.00,149.00,18.00,2,17.45,0.74,372.00,36.38,Warning
2026-01-05T01:55:00,server_013,40.00,38.00,107.00,215.00,138.00,2,15.53,0.73,360.00,35.55,Warning
2026-01-05T02:00:00,server_025,50.00,36.00,97.00,334.00,19.00,3,18.68,0.75,437.00,39.15,Warning
2026-01-05T02:05:00,server_024,41.00,29.00,160.00,172.00,67.00,2,16.77,0.75,365.00,36.47,Warning
2026-01-05T02:10:00,server_030,33.00,42.00,85.00,201.00,43.00,2,17.49,0.81,344.00,33.92,Normal
2026-01-05T02:15:00,server_038,37.00,26.00,80.00,229.00,15.00,2,16.76,0.80,342.00,33.95,Normal
2026-01-05T02:20:00,server_040,40.00,38.00,174.00,285.00,160.00,2,17.02,0.81,389.00,36.03,Warning
2026-01-05T02:25:00,server_033,49.00,48.00,192.00,207.00,46.00,3,17.29,0.76,436.00,38.93,Warning
2026-01-05T02:30:00,server_049,40.00,47.00,145.00,249.00,49.00,3,16.69,0.79,388.00,36.18,Warning
2026-01-05T02:35:00,server_010,34.00,40.00,145.00,97.00,60.00,2,17.54,0.73,353.00,35.39,Warning
2026-01-05T02:40:00,server_006,38.00,33.00,176.00,199.00,34.00,2,17.34,0.81,360.00,35.32,Warning
2026-01-05T02:45:00,server_021,48.00,38.00,66.00,141.00,47.00,1,17.96,0.75,369.00,36.68,Warning
2026-01-05T02:50:00,server_014,32.00,26.00,103.00,197.00,54.00,2,17.93,0.83,319.00,32.30,Normal
2026-01-05T02:55:00,server_046,37.00,46.00,80.00,200.00,13.00,2,16.82,0.75,356.00,35.49,Warning
2026-01-05T03:00:00,server_026,48.00,45.00,226.00,230.00,48.00,2,18.94,0.75,425.00,38.97,Warning
2026-01-05T03:05:00,server_027,34.00,24.00,55.00,170.00,33.00,2,19.34,0.76,313.00,33.90,Normal
2026-01-05T03:10:00,server_030,42.00,34.00,175.00,258.00,29.00,2,20.76,0.83,359.00,35.20,Warning
2026-01-05T03:15:00,server_022,39.00,39.00,121.00,191.00,27.00,3,19.46,0.78,374.00,36.24,Warning
2026-01-05T03:20:00,server_032,31.00,36.00,134.00,143.00,29.00,1,19.03,0.80,326.00,33.64,Normal
2026-01-05T03:25:00,server_011,38.00,37.00,101.00,99.00,65.00,2,19.68,0.73,367.00,37.51,Warning
2026-01-05T03:30:00,server_030,36.00,33.00,153.00,90.00,25.00,3,19.23,0.79,350.00,34.76,Normal
2026-01-05T03:35:00,server_023,40.00,29.00,88.00,166.00,56.00,3,18.27,0.78,364.00,36.86,Warning
2026-01-05T03:40:00,server_024,44.00,35.00,69.00,276.00,37.00,3,18.46,0.83,395.00,36.19,Warning
2026-01-05T03:45:00,server_002,42.00,53.00,173.00,233.00,27.00,2,19.50,0.77,401.00,38.36,Warning
2026-01-05T03:50:00,server_043,51.00,49.00,125.00,246.00,81.00,2,18.36,0.80,418.00,38.82,Warning
2026-01-05T03:55:00,server_023,42.00,50.00,139.00,172.00,66.00,3,18.66,0.76,400.00,36.81,Warning
2026-01-05T04:00:00,server_049,44.00,42.00,186.00,178.00,23.00,1,21.22,0.68,359.00,37.51,Warning
2026-01-05T04:05:00,server_015,35.00,44.00,120.00,172.00,33.00,2,20.66,0.80,357.00,37.20,Warning
2026-01-05T04:10:00,server_035,45.00,57.00,119.00,143.00,24.00,3,21.02,0.77,429.00,39.08,Warning
2026-01-05T04:15:00,server_044,39.00,47.00,134.00,174.00,19.00,2,20.38,0.76,382.00,36.83,Warning
2026-01-05T04:20:00,server_044,55.00,47.00,88.00,318.00,37.00,3,21.49,0.79,459.00,41.41,Warning
2026-01-05T04:25:00,server_038,47.00,45.00,93.00,164.00,28.00,1,21.53,0.78,392.00,39.23,Warning
2026-01-05T04:30:00,server_044,35.00,36.00,143.00,207.00,35.00,1,21.01,0.82,324.00,34.77,Normal
2026-01-05T04:35:00,server_029,53.00,59.00,221.00,172.00,78.00,2,18.86,0.72,462.00,41.66,Warning
2026-01-05T04:40:00,server_025,40.00,38.00,139.00,319.00,53.00,3,22.09,0.78,399.00,37.76,Warning
2026-01-05T04:45:00,server_021,48.00,54.00,194.00,194.00,19.00,1,20.57,0.73,399.00,39.65,Warning
2026-01-05T04:50:00,server_005,42.00,48.00,171.00,263.00,54.00,2,19.65,0.80,392.00,37.98,Warning
2026-01-05T04:55:00,server_041,56.00,61.00,155.00,275.00,30.00,1,21.40,0.79,447.00,41.23,Warning
2026-01-05T05:00:00,server_013,34.00,30.00,116.00,223.00,31.00,2,23.64,0.81,337.00,35.81,Warning
2026-01-05T05:05:00,server_040,34.00,35.00,87.00,244.00,68.00,2,21.45,0.77,342.00,36.31,Warning
2026-01-05T05:10:00,server_040,56.00,54.00,188.00,341.00,36.00,2,22.43,0.78,455.00,41.43,Warning
2026-01-05T05:15:00,server_008,50.00,52.00,140.00,337.00,31.00,3,21.85,0.78,434.00,41.29,Warning
2026-01-05T05:20:00,server_049,50.00,47.00,198.00,153.00,51.00,3,22.75,0.78,437.00,40.38,Warning
2026-01-05T05:25:00,server_015,47.00,44.00,84.00,304.00,34.00,1,22.18,0.79,380.00,38.25,Warning
2026-01-05T05:30:00,server_019,50.00,37.00,163.00,223.00,63.00,3,23.10,0.73,423.00,40.85,Warning
2026-01-05T05:35:00,server_028,50.00,54.00,85.00,156.00,65.00,2,22.53,0.80,424.00,39.89,Warning
2026-01-05T05:40:00,server_006,40.00,38.00,128.00,152.00,80.00,1,22.66,0.76,340.00,36.11,Warning
2026-01-05T05:45:00,server_027,53.00,45.00,111.00,207.00,24.00,3,22.26,0.75,451.00,41.85,Warning
2026-01-05T05:50:00,server_043,53.00,61.00,67.00,373.00,102.00,2,22.31,0.82,453.00,40.68,Warning
2026-01-05T05:55:00,server_031,48.00,50.00,203.00,222.00,39.00,2,22.43,0.76,411.00,40.25,Warning
2026-01-05T06:00:00,server_044,54.00,63.00,231.00,270.00,27.00,1,24.77,0.76,435.00,41.52,Warning
2026-01-05T06:05:00,server_003,52.00,49.00,118.00,232.00,34.00,2,22.71,0.79,452.00,41.94,Warning
2026-01-05T06:10:00,server_037,48.00,55.00,148.00,115.00,101.00,2,23.89,0.79,412.00,40.24,Warning
2026-01-05T06:15:00,server_042,46.00,44.00,184.00,183.00,25.00,3,24.88,0.74,409.00,41.23,Warning
2026-01-05T06:20:00,server_037,45.00,49.00,213.00,222.00,19.00,2,24.55,0.80,406.00,39.06,Warning
2026-01-05T06:25:00,server_050,52.00,44.00,111.00,335.00,28.00,3,23.34,0.78,459.00,41.21,Warning
2026-01-05T06:30:00,server_014,50.00,49.00,179.00,325.00,51.00,3,24.20,0.79,444.00,41.51,Warning
2026-01-05T06:35:00,server_047,64.00,44.00,113.00,304.00,67.00,2,23.73,0.75,464.00,43.91,Warning
2026-01-05T06:40:00,server_028,45.00,45.00,163.00,310.00,40.00,3,22.87,0.74,416.00,39.56,Warning
2026-01-05T06:45:00,server_032,44.00,40.00,90.00,130.00,70.00,2,23.34,0.84,392.00,38.43,Warning
2026-01-05T06:50:00,server_026,53.00,54.00,191.00,368.00,46.00,3,23.97,0.72,466.00,42.08,Warning
2026-01-05T06:55:00,server_041,52.00,52.00,159.00,179.00,19.00,2,24.71,0.79,416.00,40.10,Warning
2026-01-05T07:00:00,server_026,51.00,59.00,152.00,199.00,24.00,2,26.05,0.81,446.00,42.71,Warning
2026-01-05T07:05:00,server_018,51.00,48.00,205.00,342.00,38.00,2,25.15,0.75,420.00,40.74,Warning
2026-01-05T07:10:00,server_044,56.00,51.00,173.00,391.00,85.00,2,25.42,0.73,453.00,43.07,Warning
2026-01-05T07:15:00,server_009,56.00,43.00,224.00,134.00,22.00,3,25.38,0.78,455.00,43.73,Warning
2026-01-05T07:20:00,server_031,52.00,43.00,146.00,187.00,73.00,3,26.43,0.74,445.00,43.37,Warning
2026-01-05T07:25:00,server_021,49.00,50.00,120.00,380.00,18.00,2,25.90,0.83,424.00,40.54,Warning
2026-01-05T07:30:00,server_014,56.00,47.00,164.00,251.00,89.00,1,25.00,0.80,430.00,40.89,Warning
2026-01-05T07:35:00,server_026,52.00,56.00,152.00,251.00,38.00,3,24.99,0.77,456.00,42.59,Warning
2026-01-05T07:40:00,server_045,59.00,45.00,122.00,419.00,82.00,2,25.87,0.71,460.00,43.43,Warning
2026-01-05T07:45:00,server_034,63.00,52.00,278.00,478.00,24.00,1,26.24,0.81,474.00,43.77,Warning
2026-01-05T07:50:00,server_050,50.00,46.00,166.00,168.00,60.00,2,25.75,0.81,416.00,41.02,Warning
2026-01-05T07:55:00,server_041,48.00,48.00,159.00,289.00,38.00,2,25.40,0.75,413.00,40.80,Warning
2026-01-05T08:00:00,server_005,67.00,67.00,277.00,185.00,25.00,2,26.64,0.86,516.00,45.06,Critical
2026-01-05T08:05:00,server_043,55.00,53.00,172.00,300.00,32.00,1,28.22,0.76,435.00,43.11,Warning
2026-01-05T08:10:00,server_038,57.00,56.00,212.00,426.00,53.00,2,28.44,0.83,458.00,43.50,Warning
2026-01-05T08:15:00,server_026,46.00,37.00,135.00,230.00,33.00,2,27.22,0.77,393.00,39.45,Warning
2026-01-05T08:20:00,server_043,53.00,48.00,157.00,359.00,58.00,3,27.69,0.80,449.00,42.53,Warning
2026-01-05T08:25:00,server_048,45.00,45.00,174.00,227.00,20.00,3,27.55,0.78,414.00,40.48,Warning
2026-01-05T08:30:00,server_017,60.00,64.00,118.00,197.00,25.00,1,28.58,0.75,458.00,45.21,Critical
2026-01-05T08:35:00,server_002,57.00,54.00,249.00,341.00,98.00,3,29.12,0.80,478.00,43.89,Warning
2026-01-05T08:40:00,server_050,54.00,44.00,117.00,366.00,34.00,2,26.60,0.81,439.00,41.19,Warning
2026-01-05T08:45:00,server_002,65.00,59.00,124.00,373.00,62.00,3,27.44,0.82,523.00,46.69,Critical
2026-01-05T08:50:00,server_020,57.00,63.00,189.00,184.00,21.00,1,26.62,0.83,453.00,43.08,Warning
2026-01-05T08:55:00,server_020,58.00,67.00,143.00,306.00,102.00,3,28.70,0.83,478.00,44.68,Warning
2026-01-05T09:00:00,server_049,63.00,60.00,247.00,496.00,30.00,3,28.53,0.80,521.00,46.30,Critical
2026-01-05T09:05:00,server_046,61.00,56.00,154.00,352.00,41.00,2,29.16,0.81,469.00,44.41,Warning
2026-01-05T09:10:00,server_049,53.00,50.00,129.00,242.00,54.00,1,27.79,0.81,423.00,41.79,Warning
2026-01-05T09:15:00,server_006,57.00,56.00,150.00,239.00,97.00,1,29.45,0.78,463.00,44.74,Warning
2026-01-05T09:20:00,server_006,66.00,43.00,132.00,420.00,55.00,3,29.68,0.76,523.00,47.69,Critical
2026-01-05T09:25:00,server_006,60.00,56.00,252.00,376.00,23.00,3,27.84,0.77,502.00,45.99,Critical
2026-01-05T09:30:00,server_002,60.00,59.00,285.00,343.00,118.00,3,28.38,0.78,497.00,44.89,Warning
2026-01-05T09:35:00,server_032,65.00,50.00,120.00,258.00,38.00,2,29.15,0.79,488.00,45.37,Critical
2026-01-05T09:40:00,server_004,54.00,45.00,86.00,404.00,68.00,1,28.70,0.82,420.00,42.29,Warning
2026-01-05T09:45:00,server_037,61.00,41.00,227.00,366.00,23.00,2,29.71,0.74,465.00,44.17,Warning
2026-01-05T09:50:00,server_046,59.00,45.00,248.00,213.00,120.00,2,29.45,0.83,451.00,43.15,Warning
2026-01-05T09:55:00,server_003,67.00,65.00,170.00,365.00,37.00,1,28.94,0.77,499.00,45.47,Critical
2026-01-05T10:00:00,server_016,67.00,64.00,186.00,326.00,30.00,2,29.61,0.80,511.00,45.75,Critical
2026-01-05T10:05:00,server_041,70.00,56.00,243.00,470.00,53.00,3,30.03,0.75,533.00,48.12,Critical
2026-01-05T10:10:00,server_003,56.00,41.00,198.00,163.00,51.00,2,30.49,0.75,429.00,42.79,Warning
2026-01-05T10:15:00,server_043,64.00,59.00,162.00,485.00,71.00,2,29.85,0.78,493.00,46.78,Critical
2026-01-05T10:20:00,server_048,57.00,47.00,213.00,410.00,32.00,2,29.68,0.76,471.00,45.48,Critical
2026-01-05T10:25:00,server_003,67.00,55.00,161.00,380.00,58.00,2,30.26,0.79,499.00,46.43,Critical
2026-01-05T10:30:00,server_022,57.00,57.00,172.00,385.00,22.00,2,30.64,0.75,452.00,46.10,Critical
2026-01-05T10:35:00,server_040,57.00,55.00,128.00,368.00,33.00,1,30.69,0.76,451.00,44.78,Warning
2026-01-05T10:40:00,server_035,59.00,47.00,107.00,187.00,27.00,3,31.15,0.82,462.00,44.45,Warning
2026-01-05T10:45:00,server_026,67.00,53.00,155.00,312.00,38.00,1,31.62,0.81,473.00,45.49,Critical
2026-01-05T10:50:00,server_021,56.00,40.00,105.00,328.00,49.00,3,28.55,0.75,466.00,44.20,Warning
2026-01-05T10:55:00,server_028,69.00,65.00,308.00,380.00,42.00,2,30.42,0.79,527.00,47.53,Critical
2026-01-05T11:00:00,server_020,70.00,55.00,133.00,223.00,118.00,3,30.56,0.81,525.00,46.95,Critical
2026-01-05T11:05:00,server_038,74.00,57.00,186.00,432.00,48.00,2,29.93,0.73,547.00,47.82,Critical
2026-01-05T11:10:00,server_023,60.00,52.00,169.00,386.00,42.00,1,30.11,0.80,449.00,43.45,Warning
2026-01-05T11:15:00,server_036,76.00,55.00,138.00,379.00,65.00,1,30.42,0.78,517.00,47.11,Critical
2026-01-05T11:20:00,server_038,65.00,78.00,238.00,341.00,40.00,2,32.22,0.74,529.00,47.30,Critical
2026-01-05T11:25:00,server_020,60.00,46.00,114.00,282.00,30.00,2,31.52,0.79,454.00,43.81,Warning
2026-01-05T11:30:00,server_018,69.00,65.00,276.00,139.00,42.00,1,32.13,0.77,495.00,47.57,Critical
2026-01-05T11:35:00,server_040,58.00,56.00,157.00,216.00,73.00,1,30.00,0.77,444.00,43.23,Warning
2026-01-05T11:40:00,server_035,81.00,80.00,190.00,563.00,35.00,2,31.29,0.81,602.00,52.98,Critical
2026-01-05T11:45:00,server_017,77.00,85.00,186.00,407.00,132.00,3,31.26,0.78,597.00,52.03,Critical
2026-01-05T11:50:00,server_045,76.00,77.00,255.00,530.00,60.00,1,31.68,0.77,548.00,48.64,Critical
2026-01-05T11:55:00,server_009,76.00,57.00,287.00,340.00,52.00,1,29.67,0.79,546.00,48.59,Critical
2026-01-05T12:00:00,server_013,60.00,68.00,121.00,244.00,52.00,1,30.96,0.75,469.00,45.28,Critical
2026-01-05T12:05:00,server_031,70.00,49.00,220.00,251.00,57.00,1,31.80,0.72,486.00,47.02,Critical
2026-01-05T12:10:00,server_033,74.00,66.00,232.00,394.00,98.00,2,31.46,0.82,540.00,49.13,Critical
2026-01-05T12:15:00,server_039,75.00,55.00,166.00,475.00,43.00,2,31.36,0.84,552.00,49.70,Critical
2026-01-05T12:20:00,server_006,66.00,64.00,170.00,422.00,30.00,1,31.52,0.76,494.00,45.81,Critical
2026-01-05T12:25:00,server_046,63.00,56.00,185.00,418.00,43.00,3,30.77,0.77,511.00,45.81,Critical
2026-01-05T12:30:00,server_019,68.00,68.00,120.00,347.00,71.00,2,31.32,0.80,532.00,49.62,Critical
2026-01-05T12:35:00,server_022,67.00,72.00,186.00,179.00,44.00,2,31.19,0.78,527.00,47.57,Critical
2026-01-05T12:40:00,server_035,76.00,73.00,299.00,513.00,47.00,3,31.64,0.76,593.00,52.53,Critical
2026-01-05T12:45:00,server_016,66.00,71.00,146.00,439.00,48.00,3,30.97,0.82,528.00,47.14,Critical
2026-01-05T12:50:00,server_035,70.00,58.00,167.00,385.00,87.00,1,31.73,0.75,493.00,46.11,Critical
2026-01-05T12:55:00,server_007,62.00,46.00,138.00,215.00,25.00,2,29.72,0.81,477.00,45.58,Critical
2026-01-05T13:00:00,server_024,82.00,82.00,339.00,455.00,31.00,2,30.69,0.82,598.00,50.85,Critical
2026-01-05T13:05:00,server_036,68.00,45.00,278.00,293.00,105.00,3,31.28,0.80,508.00,47.12,Critical
2026-01-05T13:10:00,server_028,69.00,55.00,151.00,367.00,143.00,2,31.28,0.76,515.00,46.70,Critical
2026-01-05T13:15:00,server_046,66.00,50.00,241.00,302.00,46.00,2,31.51,0.75,481.00,46.05,Critical
2026-01-05T13:20:00,server_002,68.00,76.00,286.00,278.00,110.00,3,30.69,0.80,557.00,48.01,Critical
2026-01-05T13:25:00,server_014,69.00,61.00,155.00,196.00,154.00,1,29.97,0.78,485.00,46.24,Critical
2026-01-05T13:30:00,server_036,66.00,78.00,205.00,296.00,45.00,1,30.13,0.88,504.00,46.15,Critical
2026-01-05T13:35:00,server_042,58.00,45.00,252.00,411.00,28.00,3,30.70,0.77,479.00,44.79,Warning
2026-01-05T13:40:00,server_009,89.00,87.00,327.00,370.00,80.00,1,31.21,0.74,609.00,53.20,Critical
2026-01-05T13:45:00,server_043,68.00,64.00,151.00,405.00,79.00,2,30.64,0.76,521.00,46.30,Critical
2026-01-05T13:50:00,server_015,65.00,54.00,114.00,445.00,44.00,2,30.29,0.84,490.00,44.85,Warning
2026-01-05T13:55:00,server_040,65.00,67.00,254.00,302.00,57.00,2,31.70,0.76,520.00,47.28,Critical
2026-01-05T14:00:00,server_044,70.00,48.00,144.00,506.00,26.00,1,30.56,0.80,502.00,46.26,Critical
2026-01-05T14:05:00,server_001,68.00,61.00,191.00,286.00,41.00,2,29.93,0.76,511.00,47.82,Critical
2026-01-05T14:10:00,server_032,71.00,75.00,163.00,210.00,34.00,1,29.87,0.79,529.00,48.61,Critical
2026-01-05T14:15:00,server_039,71.00,48.00,146.00,439.00,34.00,3,29.92,0.79,523.00,47.60,Critical
2026-01-05T14:20:00,server_026,78.00,70.00,308.00,525.00,43.00,2,31.01,0.78,574.00,49.90,Critical
2026-01-05T14:25:00,server_035,72.00,69.00,154.00,324.00,44.00,1,30.52,0.72,515.00,48.44,Critical
2026-01-05T14:30:00,server_021,74.00,58.00,181.00,529.00,52.00,3,29.37,0.79,562.00,49.03,Critical
2026-01-05T14:35:00,server_001,76.00,65.00,323.00,423.00,97.00,1,30.50,0.76,538.00,49.10,Critical
2026-01-05T14:40:00,server_023,63.00,56.00,251.00,438.00,108.00,2,29.37,0.73,506.00,46.67,Critical
2026-01-05T14:45:00,server_026,81.00,77.00,178.00,221.00,32.00,2,31.14,0.79,591.00,50.05,Critical
2026-01-05T14:50:00,server_018,74.00,51.00,229.00,262.00,36.00,2,29.81,0.78,540.00,47.69,Critical
2026-01-05T14:55:00,server_011,69.00,54.00,252.00,333.00,83.00,2,29.65,0.80,498.00,45.85,Critical
2026-01-05T15:00:00,server_018,73.00,66.00,292.00,288.00,44.00,2,28.69,0.76,537.00,47.81,Critical
2026-01-05T15:05:00,server_042,77.00,53.00,296.00,432.00,69.00,2,27.55,0.78,532.00,47.03,Critical
2026-01-05T15:10:00,server_041,72.00,76.00,146.00,320.00,144.00,2,28.70,0.83,534.00,47.48,Critical
2026-01-05T15:15:00,server_036,76.00,65.00,145.00,479.00,61.00,1,28.09,0.78,529.00,47.86,Critical
2026-01-05T15:20:00,server_046,79.00,54.00,314.00,257.00,40.00,3,29.80,0.80,575.00,49.33,Critical
2026-01-05T15:25:00,server_029,55.00,47.00,173.00,433.00,27.00,3,29.71,0.71,476.00,44.19,Warning
2026-01-05T15:30:00,server_004,73.00,49.00,304.00,250.00,34.00,2,29.58,0.79,511.00,46.09,Critical
2026-01-05T15:35:00,server_002,62.00,53.00,228.00,230.00,31.00,2,29.80,0.76,481.00,44.59,Warning
2026-01-05T15:40:00,server_029,70.00,77.00,303.00,195.00,114.00,1,28.73,0.77,515.00,47.97,Critical
2026-01-05T15:45:00,server_026,63.00,49.00,111.00,182.00,46.00,2,27.85,0.83,475.00,43.51,Warning
2026-01-05T15:50:00,server_045,59.00,49.00,126.00,243.00,97.00,2,29.38,0.78,461.00,43.19,Warning
2026-01-05T15:55:00,server_015,66.00,56.00,289.00,401.00,43.00,2,30.01,0.71,502.00,47.18,Critical
2026-01-05T16:00:00,server_012,58.00,60.00,110.00,207.00,29.00,3,28.13,0.72,483.00,45.92,Critical
2026-01-05T16:05:00,server_031,62.00,61.00,229.00,190.00,88.00,2,27.55,0.79,484.00,44.64,Warning
2026-01-05T16:10:00,server_017,78.00,54.00,185.00,348.00,45.00,3,27.89,0.74,568.00,49.57,Critical
2026-01-05T16:15:00,server_050,65.00,76.00,200.00,171.00,47.00,2,28.01,0.83,526.00,46.27,Critical
2026-01-05T16:20:00,server_033,68.00,77.00,256.00,238.00,27.00,3,27.62,0.77,563.00,47.68,Critical
2026-01-05T16:25:00,server_004,71.00,55.00,119.00,409.00,105.00,3,27.84,0.76,529.00,47.63,Critical
2026-01-05T16:30:00,server_017,66.00,46.00,156.00,322.00,32.00,1,26.87,0.78,470.00,44.66,Warning
2026-01-05T16:35:00,server_045,64.00,45.00,101.00,285.00,89.00,2,27.97,0.76,465.00,44.34,Warning
2026-01-05T16:40:00,server_031,76.00,57.00,231.00,476.00,112.00,3,28.63,0.71,561.00,48.38,Critical
2026-01-05T16:45:00,server_033,68.00,72.00,237.00,350.00,25.00,2,26.36,0.79,518.00,46.31,Critical
2026-01-05T16:50:00,server_034,63.00,53.00,93.00,442.00,59.00,2,27.97,0.76,472.00,44.70,Warning
2026-01-05T16:55:00,server_020,67.00,58.00,113.00,367.00,45.00,3,26.60,0.76,523.00,46.58,Critical
2026-01-05T17:00:00,server_003,58.00,63.00,236.00,233.00,76.00,2,25.79,0.77,469.00,43.48,Warning
2026-01-05T17:05:00,server_010,73.00,53.00,221.00,449.00,34.00,1,25.89,0.76,522.00,47.03,Critical
2026-01-05T17:10:00,server_001,73.00,48.00,215.00,315.00,28.00,2,26.20,0.74,522.00,46.18,Critical
2026-01-05T17:15:00,server_020,71.00,66.00,163.00,279.00,81.00,3,25.44,0.77,552.00,47.33,Critical
2026-01-05T17:20:00,server_038,66.00,51.00,164.00,476.00,36.00,3,26.04,0.83,513.00,45.22,Critical
2026-01-05T17:25:00,server_004,69.00,75.00,154.00,239.00,41.00,1,24.97,0.82,524.00,46.65,Critical
2026-01-05T17:30:00,server_042,67.00,65.00,241.00,293.00,96.00,2,24.79,0.77,516.00,45.05,Critical
2026-01-05T17:35:00,server_047,65.00,49.00,199.00,392.00,121.00,1,25.68,0.77,469.00,43.30,Warning
2026-01-05T17:40:00,server_022,62.00,56.00,231.00,244.00,37.00,2,26.68,0.82,474.00,42.28,Warning
2026-01-05T17:45:00,server_047,63.00,65.00,256.00,382.00,70.00,2,24.58,0.71,502.00,46.02,Critical
2026-01-05T17:50:00,server_012,63.00,64.00,287.00,318.00,55.00,2,27.23,0.72,494.00,46.34,Critical
2026-01-05T17:55:00,server_037,68.00,62.00,127.00,390.00,33.00,1,25.46,0.80,499.00,44.77,Warning
2026-01-05T18:00:00,server_020,59.00,37.00,190.00,351.00,99.00,2,24.42,0.70,459.00,43.42,Warning
2026-01-05T18:05:00,server_003,61.00,52.00,283.00,262.00,23.00,1,23.63,0.77,461.00,44.28,Warning
2026-01-05T18:10:00,server_043,60.00,42.00,269.00,362.00,74.00,3,24.08,0.83,488.00,44.22,Warning
2026-01-05T18:15:00,server_015,68.00,54.00,267.00,219.00,80.00,2,23.39,0.83,521.00,44.88,Warning
2026-01-05T18:20:00,server_039,63.00,61.00,256.00,338.00,57.00,1,23.66,0.80,472.00,42.87,Warning
2026-01-05T18:25:00,server_030,64.00,62.00,273.00,198.00,51.00,2,25.16,0.75,504.00,45.26,Critical
2026-01-05T18:30:00,server_015,69.00,73.00,153.00,321.00,32.00,1,24.68,0.77,517.00,44.76,Warning
2026-01-05T18:35:00,server_042,66.00,64.00,161.00,283.00,35.00,3,23.51,0.77,520.00,45.17,Critical
2026-01-05T18:40:00,server_006,58.00,50.00,149.00,302.00,240.00,2,24.47,0.79,466.00,41.72,Warning
2026-01-05T18:45:00,server_037,59.00,61.00,269.00,151.00,47.00,2,23.38,0.80,472.00,44.35,Warning
2026-01-05T18:50:00,server_045,51.00,47.00,206.00,230.00,65.00,2,24.13,0.78,425.00,40.34,Warning
2026-01-05T18:55:00,server_002,77.00,67.00,147.00,464.00,59.00,3,22.42,0.81,585.00,47.68,Critical
2026-01-05T19:00:00,server_038,74.00,68.00,116.00,218.00,70.00,2,22.33,0.77,536.00,45.40,Critical
2026-01-05T19:05:00,server_023,67.00,58.00,243.00,341.00,59.00,3,23.09,0.76,530.00,45.87,Critical
2026-01-05T19:10:00,server_042,64.00,50.00,182.00,372.00,24.00,1,20.71,0.73,466.00,42.55,Warning
2026-01-05T19:15:00,server_022,64.00,61.00,212.00,384.00,106.00,2,22.20,0.79,486.00,43.38,Warning
2026-01-05T19:20:00,server_006,55.00,56.00,167.00,249.00,57.00,2,22.13,0.80,467.00,41.67,Warning
2026-01-05T19:25:00,server_047,51.00,49.00,209.00,277.00,53.00,2,21.73,0.74,429.00,40.88,Warning
2026-01-05T19:30:00,server_035,63.00,71.00,129.00,190.00,121.00,2,22.43,0.76,497.00,45.03,Critical
2026-01-05T19:35:00,server_003,60.00,59.00,155.00,444.00,82.00,3,23.00,0.79,498.00,42.96,Warning
2026-01-05T19:40:00,server_047,52.00,54.00,235.00,361.00,53.00,2,21.24,0.78,450.00,40.85,Warning
2026-01-05T19:45:00,server_001,66.00,54.00,115.00,497.00,62.00,3,22.70,0.73,509.00,45.44,Critical
2026-01-05T19:50:00,server_011,72.00,62.00,154.00,445.00,37.00,2,21.98,0.85,525.00,44.85,Warning
2026-01-05T19:55:00,server_037,71.00,63.00,189.00,254.00,65.00,1,22.58,0.78,514.00,44.87,Warning
2026-01-05T20:00:00,server_016,50.00,48.00,148.00,272.00,62.00,2,21.71,0.71,426.00,39.81,Warning
2026-01-05T20:05:00,server_045,57.00,59.00,249.00,429.00,36.00,3,21.47,0.79,501.00,43.04,Warning
2026-01-05T20:10:00,server_003,50.00,33.00,129.00,401.00,165.00,3,20.59,0.77,419.00,39.29,Warning
2026-01-05T20:15:00,server_035,71.00,63.00,266.00,387.00,35.00,2,20.30,0.82,532.00,45.88,Critical
2026-01-05T20:20:00,server_003,48.00,40.00,167.00,233.00,55.00,2,21.19,0.81,401.00,38.18,Warning
2026-01-05T20:25:00,server_008,56.00,41.00,199.00,308.00,33.00,3,19.64,0.78,460.00,41.49,Warning
2026-01-05T20:30:00,server_007,53.00,44.00,213.00,370.00,24.00,2,20.91,0.76,435.00,39.81,Warning
2026-01-05T20:35:00,server_004,59.00,38.00,224.00,269.00,36.00,3,19.59,0.82,464.00,40.17,Warning
2026-01-05T20:40:00,server_022,54.00,51.00,156.00,202.00,52.00,2,20.73,0.85,439.00,39.90,Warning
2026-01-05T20:45:00,server_048,56.00,51.00,239.00,159.00,39.00,1,21.03,0.76,432.00,40.23,Warning
2026-01-05T20:50:00,server_029,61.00,49.00,224.00,200.00,85.00,2,20.63,0.84,470.00,41.95,Warning
2026-01-05T20:55:00,server_006,49.00,42.00,114.00,282.00,79.00,2,20.97,0.75,412.00,38.59,Warning
2026-01-05T21:00:00,server_014,58.00,47.00,145.00,245.00,59.00,1,20.17,0.79,426.00,40.66,Warning
2026-01-05T21:05:00,server_032,63.00,53.00,218.00,302.00,29.00,3,19.24,0.81,498.00,43.74,Warning
2026-01-05T21:10:00,server_007,49.00,49.00,205.00,343.00,41.00,2,17.92,0.72,434.00,39.43,Warning
2026-01-05T21:15:00,server_036,53.00,47.00,217.00,326.00,61.00,3,18.02,0.78,459.00,41.59,Warning
2026-01-05T21:20:00,server_003,46.00,42.00,156.00,274.00,109.00,1,19.39,0.78,369.00,37.19,Warning
2026-01-05T21:25:00,server_047,54.00,53.00,161.00,218.00,41.00,2,18.78,0.79,457.00,40.67,Warning
2026-01-05T21:30:00,server_048,47.00,38.00,105.00,134.00,26.00,2,18.87,0.77,393.00,38.37,Warning
2026-01-05T21:35:00,server_010,59.00,66.00,144.00,291.00,98.00,1,19.05,0.80,468.00,42.21,Warning
2026-01-05T21:40:00,server_050,48.00,39.00,212.00,278.00,24.00,1,19.24,0.71,393.00,38.49,Warning
2026-01-05T21:45:00,server_026,62.00,71.00,216.00,260.00,128.00,3,18.28,0.79,512.00,42.76,Warning
2026-01-05T21:50:00,server_028,48.00,56.00,175.00,160.00,38.00,1,19.38,0.74,425.00,38.61,Warning
2026-01-05T21:55:00,server_028,50.00,48.00,87.00,359.00,73.00,3,18.24,0.77,441.00,38.62,Warning
2026-01-05T22:00:00,server_040,50.00,53.00,159.00,178.00,44.00,1,18.09,0.81,415.00,39.64,Warning
2026-01-05T22:05:00,server_005,53.00,55.00,215.00,294.00,21.00,2,16.83,0.80,443.00,39.54,Warning
2026-01-05T22:10:00,server_018,51.00,45.00,167.00,242.00,22.00,1,18.87,0.76,396.00,36.97,Warning
2026-01-05T22:15:00,server_021,46.00,40.00,174.00,235.00,27.00,3,18.07,0.81,411.00,38.09,Warning
2026-01-05T22:20:00,server_024,45.00,48.00,175.00,253.00,96.00,3,17.97,0.69,430.00,40.37,Warning
2026-01-05T22:25:00,server_028,46.00,52.00,222.00,225.00,38.00,1,17.36,0.77,412.00,37.27,Warning
2026-01-05T22:30:00,server_003,34.00,34.00,96.00,190.00,43.00,2,16.60,0.83,335.00,33.62,Normal
2026-01-05T22:35:00,server_011,56.00,56.00,173.00,257.00,55.00,2,17.32,0.83,466.00,40.59,Warning
2026-01-05T22:40:00,server_040,53.00,40.00,78.00,307.00,99.00,3,16.43,0.85,426.00,38.16,Warning
2026-01-05T22:45:00,server_006,38.00,36.00,148.00,175.00,36.00,2,18.94,0.74,358.00,36.48,Warning
2026-01-05T22:50:00,server_018,40.00,42.00,168.00,188.00,86.00,2,17.85,0.72,378.00,37.78,Warning
2026-01-05T22:55:00,server_039,51.00,41.00,130.00,365.00,93.00,1,17.84,0.78,407.00,39.39,Warning
2026-01-05T23:00:00,server_003,40.00,33.00,103.00,290.00,109.00,2,17.65,0.79,360.00,34.90,Normal
2026-01-05T23:05:00,server_004,51.00,44.00,147.00,249.00,92.00,3,17.38,0.76,444.00,38.67,Warning
2026-01-05T23:10:00,server_005,40.00,50.00,169.00,193.00,36.00,1,17.58,0.75,366.00,35.65,Warning
2026-01-05T23:15:00,server_017,41.00,44.00,87.00,217.00,33.00,2,16.16,0.76,374.00,37.12,Warning
2026-01-05T23:20:00,server_025,45.00,47.00,169.00,286.00,50.00,3,17.32,0.83,431.00,37.75,Warning
2026-01-05T23:25:00,server_010,55.00,45.00,80.00,276.00,127.00,2,17.72,0.76,432.00,39.63,Warning
2026-01-05T23:30:00,server_039,53.00,50.00,258.00,238.00,75.00,1,16.30,0.79,422.00,39.02,Warning
2026-01-05T23:35:00,server_044,37.00,43.00,117.00,208.00,97.00,2,15.83,0.82,374.00,34.93,Normal
2026-01-05T23:40:00,server_001,50.00,37.00,62.00,301.00,27.00,2,16.44,0.78,418.00,38.32,Warning
2026-01-05T23:45:00,server_014,41.00,44.00,148.00,139.00,100.00,3,16.12,0.82,399.00,37.07,Warning
2026-01-05T23:50:00,server_040,52.00,47.00,60.00,361.00,52.00,2,17.34,0.81,428.00,37.75,Warning
2026-01-05T23:55:00,server_019,49.00,45.00,79.00,204.00,94.00,2,17.21,0.78,419.00,38.14,Warning
2026-01-06T00:00:00,server_004,47.00,44.00,81.00,270.00,35.00,2,16.60,0.80,414.00,37.21,Warning
2026-01-06T00:05:00,server_042,48.00,45.00,172.00,252.00,57.00,1,17.10,0.78,405.00,37.75,Warning
2026-01-06T00:10:00,server_016,42.00,40.00,84.00,262.00,144.00,3,15.90,0.81,391.00,36.37,Warning
2026-01-06T00:15:00,server_044,51.00,48.00,213.00,310.00,35.00,2,16.70,0.76,417.00,38.76,Warning
2026-01-06T00:20:00,server_003,31.00,21.00,130.00,181.00,84.00,2,17.64,0.81,317.00,32.37,Normal
2026-01-06T00:25:00,server_008,45.00,37.00,160.00,135.00,27.00,3,16.33,0.74,399.00,36.49,Warning
2026-01-06T00:30:00,server_032,45.00,55.00,111.00,271.00,24.00,2,16.97,0.79,413.00,38.25,Warning
2026-01-06T00:35:00,server_035,35.00,41.00,138.00,236.00,51.00,1,16.69,0.79,344.00,34.80,Normal
2026-01-06T00:40:00,server_018,36.00,41.00,66.00,165.00,62.00,1,18.16,0.78,330.00,33.75,Normal
2026-01-06T00:45:00,server_039,42.00,38.00,81.00,120.00,27.00,2,16.64,0.73,374.00,35.57,Warning
2026-01-06T00:50:00,server_004,39.00,40.00,108.00,151.00,17.00,2,17.39,0.84,367.00,35.68,Warning
2026-01-06T00:55:00,server_039,41.00,36.00,142.00,287.00,43.00,3,16.97,0.82,393.00,37.26,Warning
2026-01-06T01:00:00,server_024,47.00,28.00,175.00,213.00,49.00,2,16.86,0.82,381.00,35.32,Warning
2026-01-06T01:05:00,server_029,39.00,43.00,99.00,129.00,21.00,3,17.15,0.80,384.00,35.56,Warning
2026-01-06T01:10:00,server_007,45.00,44.00,101.00,165.00,68.00,2,16.84,0.83,398.00,37.56,Warning
2026-01-06T01:15:00,server_026,44.00,45.00,155.00,243.00,21.00,2,17.41,0.78,392.00,37.16,Warning
2026-01-06T01:20:00,server_045,34.00,31.00,85.00,199.00,31.00,2,16.56,0.79,335.00,33.13,Normal
2026-01-06T01:25:00,server_016,39.00,35.00,125.00,182.00,94.00,3,16.90,0.76,383.00,36.34,Warning
2026-01-06T01:30:00,server_005,41.00,39.00,102.00,160.00,16.00,2,16.52,0.77,375.00,35.93,Warning
2026-01-06T01:35:00,server_012,36.00,32.00,135.00,239.00,19.00,1,17.95,0.74,323.00,32.89,Normal
2026-01-06T01:40:00,server_049,48.00,39.00,190.00,356.00,94.00,2,16.78,0.78,405.00,37.37,Warning
2026-01-06T01:45:00,server_039,40.00,43.00,165.00,213.00,20.00,1,16.51,0.72,367.00,35.74,Warning
2026-01-06T01:50:00,server_038,34.00,32.00,67.00,195.00,91.00,2,17.87,0.76,332.00,34.06,Normal
2026-01-06T01:55:00,server_037,36.00,41.00,119.00,234.00,55.00,2,17.55,0.79,363.00,35.24,Warning
2026-01-06T02:00:00,server_015,40.00,31.00,82.00,194.00,73.00,3,17.48,0.77,377.00,35.17,Warning
2026-01-06T02:05:00,server_046,43.00,46.00,114.00,124.00,36.00,3,18.62,0.76,406.00,37.61,Warning
2026-01-06T02:10:00,server_034,47.00,42.00,179.00,353.00,48.00,2,18.48,0.75,395.00,38.55,Warning
2026-01-06T02:15:00,server_023,42.00,51.00,153.00,121.00,15.00,3,17.84,0.76,413.00,39.45,Warning
2026-01-06T02:20:00,server_003,41.00,53.00,154.00,224.00,57.00,2,18.46,0.81,382.00,36.52,Warning
2026-01-06T02:25:00,server_028,49.00,47.00,194.00,244.00,43.00,1,17.65,0.73,410.00,39.79,Warning
2026-01-06T02:30:00,server_019,52.00,46.00,111.00,239.00,51.00,2,17.44,0.80,431.00,39.06,Warning
2026-01-06T02:35:00,server_008,27.00,30.00,139.00,100.00,36.00,2,17.34,0.76,298.00,32.97,Normal
2026-01-06T02:40:00,server_005,39.00,45.00,169.00,304.00,33.00,1,17.64,0.79,365.00,35.18,Warning
2026-01-06T02:45:00,server_046,33.00,33.00,139.00,94.00,32.00,2,19.27,0.76,322.00,35.22,Warning
2026-01-06T02:50:00,server_041,35.00,40.00,52.00,247.00,31.00,3,17.42,0.81,363.00,35.03,Warning
2026-01-06T02:55:00,server_021,35.00,42.00,42.00,141.00,18.00,3,17.54,0.82,365.00,34.98,Normal
2026-01-06T03:00:00,server_016,46.00,39.00,105.00,300.00,20.00,3,19.62,0.79,414.00,38.56,Warning
2026-01-06T03:05:00,server_023,32.00,27.00,98.00,89.00,54.00,1,19.94,0.73,292.00,32.36,Normal
2026-01-06T03:10:00,server_016,43.00,43.00,190.00,336.00,117.00,3,19.16,0.73,414.00,38.89,Warning
2026-01-06T03:15:00,server_020,38.00,33.00,115.00,254.00,21.00,3,20.36,0.69,378.00,37.59,Warning
2026-01-06T03:20:00,server_050,40.00,49.00,149.00,232.00,33.00,2,17.96,0.77,391.00,37.58,Warning
2026-01-06T03:25:00,server_041,35.00,40.00,112.00,137.00,17.00,3,18.18,0.79,371.00,36.16,Warning
2026-01-06T03:30:00,server_043,41.00,43.00,83.00,252.00,51.00,2,18.99,0.78,370.00,37.01,Warning
2026-01-06T03:35:00,server_045,48.00,52.00,173.00,143.00,38.00,3,18.10,0.76,434.00,38.82,Warning
2026-01-06T03:40:00,server_016,33.00,37.00,120.00,115.00,40.00,1,19.75,0.76,328.00,34.92,Normal
2026-01-06T03:45:00,server_006,46.00,52.00,222.00,240.00,39.00,1,19.73,0.79,385.00,38.17,Warning
2026-01-06T03:50:00,server_036,44.00,33.00,142.00,297.00,74.00,2,19.62,0.80,372.00,37.78,Warning
2026-01-06T03:55:00,server_012,40.00,40.00,84.00,230.00,37.00,1,19.33,0.78,355.00,36.23,Warning
2026-01-06T04:00:00,server_007,47.00,45.00,74.00,313.00,19.00,2,20.63,0.80,400.00,37.31,Warning
2026-01-06T04:05:00,server_047,34.00,31.00,123.00,109.00,24.00,2,20.42,0.70,335.00,34.82,Normal
2026-01-06T04:10:00,server_040,42.00,29.00,98.00,250.00,16.00,2,21.11,0.77,363.00,37.82,Warning
2026-01-06T04:15:00,server_010,42.00,44.00,157.00,208.00,147.00,3,19.99,0.80,389.00,37.67,Warning
2026-01-06T04:20:00,server_009,38.00,40.00,108.00,184.00,114.00,2,21.27,0.78,369.00,37.32,Warning
2026-01-06T04:25:00,server_033,38.00,38.00,167.00,109.00,39.00,2,19.44,0.79,354.00,36.30,Warning
2026-01-06T04:30:00,server_010,46.00,48.00,168.00,304.00,23.00,1,20.88,0.77,390.00,38.66,Warning
2026-01-06T04:35:00,server_038,44.00,28.00,202.00,255.00,42.00,2,19.21,0.78,365.00,36.55,Warning
2026-01-06T04:40:00,server_012,53.00,40.00,210.00,256.00,70.00,2,21.92,0.73,429.00,40.66,Warning
2026-01-06T04:45:00,server_012,42.00,31.00,157.00,323.00,63.00,2,20.83,0.81,386.00,37.36,Warning
2026-01-06T04:50:00,server_028,34.00,30.00,132.00,252.00,40.00,1,20.37,0.75,331.00,36.17,Warning
2026-01-06T04:55:00,server_046,44.00,55.00,188.00,136.00,71.00,2,20.61,0.78,413.00,39.13,Warning
2026-01-06T05:00:00,server_019,43.00,43.00,102.00,214.00,44.00,2,21.54,0.75,389.00,37.85,Warning
2026-01-06T05:05:00,server_003,46.00,40.00,136.00,202.00,20.00,3,21.67,0.73,406.00,39.33,Warning
2026-01-06T05:10:00,server_022,53.00,45.00,202.00,313.00,68.00,2,22.29,0.80,425.00,40.51,Warning
2026-01-06T05:15:00,server_010,51.00,36.00,135.00,180.00,21.00,2,21.83,0.75,404.00,38.94,Warning
2026-01-06T05:20:00,server_035,34.00,37.00,120.00,112.00,64.00,2,21.74,0.80,331.00,35.58,Warning
2026-01-06T05:25:00,server_037,48.00,56.00,88.00,304.00,64.00,3,21.86,0.76,454.00,41.63,Warning
2026-01-06T05:30:00,server_015,47.00,48.00,90.00,84.00,21.00,2,22.22,0.78,387.00,39.05,Warning
2026-01-06T05:35:00,server_048,55.00,34.00,184.00,209.00,198.00,1,23.48,0.75,399.00,38.86,Warning
2026-01-06T05:40:00,server_015,32.00,29.00,126.00,185.00,37.00,1,21.36,0.80,320.00,33.97,Normal
2026-01-06T05:45:00,server_039,43.00,43.00,128.00,264.00,109.00,2,21.70,0.73,379.00,37.45,Warning
2026-01-06T05:50:00,server_006,42.00,38.00,65.00,144.00,59.00,1,23.91,0.80,347.00,36.92,Warning
2026-01-06T05:55:00,server_019,48.00,47.00,163.00,152.00,64.00,2,21.75,0.81,416.00,38.94,Warning
2026-01-06T06:00:00,server_022,57.00,48.00,221.00,280.00,33.00,2,23.33,0.77,468.00,42.05,Warning
2026-01-06T06:05:00,server_040,46.00,46.00,149.00,278.00,122.00,1,22.71,0.81,395.00,39.04,Warning
2026-01-06T06:10:00,server_036,45.00,34.00,166.00,328.00,19.00,2,23.93,0.77,390.00,38.60,Warning
2026-01-06T06:15:00,server_028,50.00,54.00,194.00,338.00,46.00,2,24.96,0.81,442.00,40.20,Warning
2026-01-06T06:20:00,server_048,50.00,49.00,153.00,234.00,45.00,2,23.95,0.79,442.00,41.47,Warning
2026-01-06T06:25:00,server_001,46.00,44.00,87.00,222.00,28.00,1,24.62,0.78,386.00,38.33,Warning
2026-01-06T06:30:00,server_004,58.00,64.00,142.00,153.00,34.00,3,24.90,0.75,506.00,44.20,Warning
2026-01-06T06:35:00,server_040,50.00,50.00,129.00,177.00,85.00,3,24.01,0.77,440.00,41.06,Warning
2026-01-06T06:40:00,server_043,50.00,50.00,191.00,295.00,148.00,3,23.77,0.78,439.00,40.82,Warning
2026-01-06T06:45:00,server_018,36.00,29.00,132.00,208.00,48.00,3,23.49,0.82,366.00,37.00,Warning
2026-01-06T06:50:00,server_015,51.00,39.00,214.00,169.00,50.00,3,23.68,0.86,436.00,41.85,Warning
2026-01-06T06:55:00,server_017,46.00,37.00,85.00,234.00,22.00,2,23.76,0.73,398.00,40.49,Warning
2026-01-06T07:00:00,server_011,46.00,43.00,188.00,304.00,25.00,3,23.94,0.82,426.00,40.57,Warning
2026-01-06T07:05:00,server_030,58.00,40.00,186.00,351.00,95.00,2,25.84,0.77,461.00,43.76,Warning
2026-01-06T07:10:00,server_034,59.00,49.00,124.00,411.00,46.00,1,26.01,0.74,453.00,42.94,Warning
2026-01-06T07:15:00,server_040,54.00,49.00,131.00,389.00,25.00,3,25.52,0.68,473.00,43.02,Warning
2026-01-06T07:20:00,server_048,45.00,37.00,199.00,339.00,20.00,3,26.63,0.79,415.00,40.59,Warning
2026-01-06T07:25:00,server_029,53.00,43.00,175.00,385.00,144.00,2,25.37,0.80,433.00,40.04,Warning
2026-01-06T07:30:00,server_014,55.00,57.00,236.00,213.00,22.00,2,25.69,0.71,452.00,43.41,Warning
2026-01-06T07:35:00,server_045,46.00,42.00,85.00,235.00,128.00,3,25.52,0.72,421.00,40.58,Warning
2026-01-06T07:40:00,server_037,44.00,44.00,61.00,307.00,24.00,2,26.13,0.77,387.00,38.98,Warning
2026-01-06T07:45:00,server_006,43.00,39.00,77.00,193.00,22.00,1,26.87,0.74,364.00,39.36,Warning
2026-01-06T07:50:00,server_043,53.00,58.00,110.00,161.00,43.00,2,26.40,0.77,466.00,42.85,Warning
2026-01-06T07:55:00,server_017,45.00,52.00,126.00,172.00,79.00,1,25.76,0.82,393.00,39.85,Warning
2026-01-06T08:00:00,server_018,60.00,65.00,252.00,473.00,75.00,2,27.65,0.83,490.00,45.08,Critical
2026-01-06T08:05:00,server_019,53.00,48.00,158.00,282.00,20.00,2,26.75,0.76,437.00,41.45,Warning
2026-01-06T08:10:00,server_038,59.00,54.00,105.00,433.00,39.00,1,28.33,0.76,450.00,44.27,Warning
2026-01-06T08:15:00,server_018,56.00,47.00,95.00,245.00,26.00,2,27.06,0.75,441.00,43.04,Warning
2026-01-06T08:20:00,server_026,62.00,71.00,290.00,206.00,62.00,1,27.56,0.77,471.00,44.75,Warning
2026-01-06T08:25:00,server_005,56.00,53.00,233.00,230.00,75.00,3,28.02,0.74,476.00,43.85,Warning
2026-01-06T08:30:00,server_021,60.00,49.00,108.00,395.00,31.00,1,27.12,0.75,441.00,42.34,Warning
2026-01-06T08:35:00,server_035,58.00,44.00,202.00,378.00,21.00,2,27.28,0.78,449.00,42.95,Warning
2026-01-06T08:40:00,server_037,55.00,55.00,212.00,247.00,91.00,1,27.81,0.76,445.00,43.30,Warning
2026-01-06T08:45:00,server_035,62.00,61.00,137.00,383.00,88.00,2,27.13,0.78,480.00,43.83,Warning
2026-01-06T08:50:00,server_010,49.00,40.00,209.00,219.00,57.00,2,27.92,0.80,405.00,40.28,Warning
2026-01-06T08:55:00,server_028,57.00,61.00,99.00,241.00,52.00,1,28.44,0.78,436.00,42.31,Warning
2026-01-06T09:00:00,server_039,57.00,48.00,186.00,289.00,36.00,3,28.63,0.75,472.00,43.22,Warning
2026-01-06T09:05:00,server_034,61.00,39.00,138.00,248.00,64.00,2,29.18,0.82,450.00,43.59,Warning
2026-01-06T09:10:00,server_037,62.00,49.00,239.00,406.00,31.00,2,29.64,0.74,483.00,45.61,Critical
2026-01-06T09:15:00,server_040,55.00,51.00,160.00,386.00,65.00,2,29.12,0.74,451.00,43.45,Warning
2026-01-06T09:20:00,server_003,69.00,61.00,137.00,455.00,29.00,1,28.28,0.74,514.00,45.65,Critical
2026-01-06T09:25:00,server_013,53.00,53.00,174.00,341.00,27.00,3,28.23,0.81,465.00,42.31,Warning
2026-01-06T09:30:00,server_003,45.00,45.00,80.00,218.00,22.00,1,28.92,0.77,388.00,40.06,Warning
2026-01-06T09:35:00,server_049,64.00,46.00,244.00,128.00,79.00,1,29.20,0.77,462.00,44.11,Warning
2026-01-06T09:40:00,server_025,63.00,58.00,263.00,412.00,103.00,2,28.03,0.73,495.00,44.59,Warning
2026-01-06T09:45:00,server_011,69.00,77.00,264.00,323.00,26.00,2,29.06,0.82,542.00,49.15,Critical
2026-01-06T09:50:00,server_023,60.00,48.00,183.00,286.00,42.00,3,27.60,0.80,479.00,44.60,Warning
2026-01-06T09:55:00,server_032,52.00,40.00,164.00,361.00,59.00,3,29.58,0.84,460.00,43.29,Warning
2026-01-06T10:00:00,server_022,47.00,39.00,120.00,147.00,27.00,2,30.36,0.71,398.00,41.39,Warning
2026-01-06T10:05:00,server_041,60.00,64.00,180.00,397.00,30.00,1,29.88,0.73,475.00,45.99,Critical
2026-01-06T10:10:00,server_030,62.00,51.00,247.00,313.00,38.00,2,31.08,0.76,489.00,47.59,Critical
2026-01-06T10:15:00,server_013,73.00,47.00,195.00,292.00,151.00,1,29.36,0.81,496.00,46.60,Critical
2026-01-06T10:20:00,server_018,59.00,68.00,242.00,312.00,39.00,2,29.05,0.81,485.00,44.63,Warning
2026-01-06T10:25:00,server_007,68.00,55.00,237.00,478.00,29.00,3,30.39,0.83,542.00,47.82,Critical
2026-01-06T10:30:00,server_031,56.00,45.00,105.00,349.00,23.00,3,30.11,0.80,462.00,42.96,Warning
2026-01-06T10:35:00,server_038,57.00,55.00,109.00,242.00,70.00,3,30.32,0.77,483.00,45.20,Critical
2026-01-06T10:40:00,server_029,60.00,49.00,265.00,231.00,67.00,1,29.65,0.76,456.00,43.55,Warning
2026-01-06T10:45:00,server_007,70.00,85.00,194.00,395.00,62.00,3,30.13,0.80,575.00,48.75,Critical
2026-01-06T10:50:00,server_019,68.00,50.00,216.00,428.00,26.00,1,30.36,0.76,483.00,46.30,Critical
2026-01-06T10:55:00,server_019,60.00,47.00,148.00,381.00,66.00,3,30.43,0.73,481.00,45.50,Critical
2026-01-06T11:00:00,server_031,68.00,65.00,233.00,145.00,158.00,3,30.76,0.79,531.00,48.79,Critical
2026-01-06T11:05:00,server_012,70.00,64.00,122.00,322.00,50.00,3,31.23,0.80,539.00,47.48,Critical
2026-01-06T11:10:00,server_008,68.00,58.00,273.00,394.00,240.00,3,31.34,0.83,539.00,47.24,Critical
2026-01-06T11:15:00,server_043,63.00,65.00,185.00,337.00,54.00,3,29.87,0.75,510.00,47.00,Critical
2026-01-06T11:20:00,server_027,54.00,46.00,174.00,202.00,58.00,2,29.99,0.80,431.00,41.55,Warning
2026-01-06T11:25:00,server_030,81.00,54.00,327.00,384.00,29.00,2,31.12,0.82,568.00,50.45,Critical
2026-01-06T11:30:00,server_023,61.00,53.00,152.00,157.00,39.00,3,30.74,0.77,480.00,46.01,Critical
2026-01-06T11:35:00,server_025,57.00,57.00,178.00,351.00,24.00,1,31.17,0.77,449.00,44.62,Warning
2026-01-06T11:40:00,server_046,67.00,47.00,199.00,174.00,44.00,3,29.95,0.70,498.00,46.57,Critical
2026-01-06T11:45:00,server_023,59.00,54.00,175.00,196.00,129.00,3,30.82,0.86,486.00,44.51,Warning
2026-01-06T11:50:00,server_011,65.00,66.00,208.00,218.00,77.00,2,29.80,0.75,510.00,47.93,Critical
2026-01-06T11:55:00,server_026,66.00,64.00,249.00,454.00,68.00,2,31.41,0.78,517.00,47.73,Critical
2026-01-06T12:00:00,server_046,72.00,57.00,258.00,434.00,63.00,1,30.46,0.83,514.00,47.71,Critical
2026-01-06T12:05:00,server_029,78.00,79.00,276.00,299.00,56.00,2,31.10,0.81,587.00,51.15,Critical
2026-01-06T12:10:00,server_029,67.00,71.00,106.00,267.00,25.00,3,31.19,0.74,536.00,48.32,Critical
2026-01-06T12:15:00,server_040,70.00,66.00,214.00,362.00,132.00,3,31.07,0.77,558.00,49.80,Critical
2026-01-06T12:20:00,server_022,71.00,52.00,253.00,488.00,57.00,3,30.87,0.81,534.00,47.37,Critical
2026-01-06T12:25:00,server_015,66.00,53.00,149.00,321.00,141.00,1,30.80,0.81,477.00,46.38,Critical
2026-01-06T12:30:00,server_031,65.00,45.00,152.00,268.00,38.00,2,30.66,0.80,489.00,46.13,Critical
2026-01-06T12:35:00,server_035,60.00,46.00,236.00,254.00,27.00,2,32.06,0.78,463.00,45.15,Critical
2026-01-06T12:40:00,server_015,65.00,61.00,154.00,362.00,44.00,1,31.51,0.75,490.00,45.54,Critical
2026-01-06T12:45:00,server_026,72.00,58.00,249.00,368.00,155.00,2,30.81,0.76,543.00,48.38,Critical
2026-01-06T12:50:00,server_042,69.00,72.00,314.00,430.00,72.00,3,31.32,0.79,549.00,48.01,Critical
2026-01-06T12:55:00,server_021,70.00,63.00,145.00,495.00,52.00,2,32.01,0.85,517.00,46.61,Critical
2026-01-06T13:00:00,server_002,74.00,61.00,248.00,285.00,69.00,3,30.07,0.80,570.00,49.98,Critical
2026-01-06T13:05:00,server_005,61.00,63.00,283.00,286.00,78.00,2,30.03,0.83,495.00,45.36,Critical
2026-01-06T13:10:00,server_004,66.00,74.00,193.00,167.00,124.00,3,29.88,0.77,550.00,49.02,Critical
2026-01-06T13:15:00,server_030,59.00,51.00,113.00,234.00,101.00,2,31.35,0.78,459.00,44.73,Warning
2026-01-06T13:20:00,server_044,58.00,44.00,148.00,389.00,62.00,2,31.81,0.80,449.00,43.37,Warning
2026-01-06T13:25:00,server_040,67.00,54.00,292.00,189.00,63.00,2,30.39,0.74,506.00,46.43,Critical
2026-01-06T13:30:00,server_012,73.00,82.00,202.00,388.00,131.00,3,30.54,0.83,584.00,49.71,Critical
2026-01-06T13:35:00,server_046,65.00,59.00,280.00,488.00,100.00,2,31.34,0.74,511.00,47.47,Critical
2026-01-06T13:40:00,server_048,68.00,62.00,97.00,478.00,38.00,2,30.04,0.74,518.00,48.14,Critical
2026-01-06T13:45:00,server_009,70.00,60.00,320.00,318.00,26.00,3,30.44,0.77,543.00,48.36,Critical
2026-01-06T13:50:00,server_027,67.00,56.00,233.00,296.00,43.00,2,29.83,0.81,514.00,46.57,Critical
2026-01-06T13:55:00,server_031,80.00,75.00,146.00,281.00,29.00,1,31.23,0.80,571.00,50.27,Critical
2026-01-06T14:00:00,server_017,73.00,55.00,339.00,507.00,37.00,3,30.37,0.83,554.00,47.45,Critical
2026-01-06T14:05:00,server_009,68.00,56.00,113.00,222.00,41.00,2,29.81,0.75,492.00,46.00,Critical
2026-01-06T14:10:00,server_033,73.00,59.00,264.00,446.00,69.00,3,30.51,0.74,557.00,48.45,Critical
2026-01-06T14:15:00,server_038,67.00,67.00,99.00,225.00,68.00,3,30.62,0.70,535.00,47.98,Critical
2026-01-06T14:20:00,server_042,76.00,64.00,161.00,570.00,43.00,3,29.52,0.72,575.00,50.76,Critical
2026-01-06T14:25:00,server_026,78.00,71.00,153.00,518.00,35.00,2,29.52,0.76,569.00,49.60,Critical
2026-01-06T14:30:00,server_043,68.00,56.00,195.00,227.00,43.00,2,29.06,0.79,512.00,45.97,Critical
2026-01-06T14:35:00,server_014,66.00,59.00,225.00,464.00,35.00,3,30.58,0.75,524.00,47.04,Critical
2026-01-06T14:40:00,server_017,70.00,57.00,298.00,416.00,26.00,3,30.65,0.73,542.00,49.56,Critical
2026-01-06T14:45:00,server_002,69.00,66.00,292.00,315.00,120.00,2,30.57,0.77,535.00,48.69,Critical
2026-01-06T14:50:00,server_047,68.00,72.00,143.00,377.00,145.00,1,29.56,0.76,511.00,47.37,Critical
2026-01-06T14:55:00,server_004,78.00,65.00,332.00,348.00,32.00,2,27.95,0.80,561.00,48.46,Critical
2026-01-06T15:00:00,server_030,61.00,58.00,209.00,323.00,61.00,2,29.87,0.80,480.00,45.49,Critical
2026-01-06T15:05:00,server_032,72.00,63.00,117.00,431.00,72.00,3,28.42,0.87,538.00,47.08,Critical
2026-01-06T15:10:00,server_023,73.00,63.00,255.00,521.00,38.00,3,28.80,0.82,572.00,48.87,Critical
2026-01-06T15:15:00,server_016,67.00,70.00,200.00,256.00,59.00,2,29.98,0.78,509.00,46.86,Critical
2026-01-06T15:20:00,server_027,65.00,48.00,280.00,479.00,83.00,2,29.79,0.76,484.00,44.71,Warning
2026-01-06T15:25:00,server_002,83.00,60.00,285.00,346.00,67.00,3,28.95,0.79,605.00,51.39,Critical
2026-01-06T15:30:00,server_039,63.00,48.00,127.00,375.00,24.00,1,28.93,0.75,458.00,44.27,Warning
2026-01-06T15:35:00,server_005,79.00,67.00,200.00,544.00,28.00,2,27.74,0.79,584.00,49.37,Critical
2026-01-06T15:40:00,server_037,78.00,57.00,307.00,559.00,45.00,2,29.14,0.77,553.00,48.61,Critical
2026-01-06T15:45:00,server_016,70.00,56.00,120.00,519.00,51.00,3,28.70,0.79,537.00,47.21,Critical
2026-01-06T15:50:00,server_044,69.00,58.00,165.00,201.00,50.00,2,28.10,0.86,500.00,45.81,Critical
2026-01-06T15:55:00,server_047,78.00,54.00,264.00,400.00,47.00,3,30.58,0.84,563.00,50.46,Critical
2026-01-06T16:00:00,server_037,71.00,59.00,244.00,432.00,28.00,1,27.94,0.83,513.00,45.05,Critical
2026-01-06T16:05:00,server_001,67.00,57.00,271.00,266.00,43.00,3,27.84,0.79,531.00,46.69,Critical
2026-01-06T16:10:00,server_034,63.00,46.00,236.00,270.00,72.00,2,27.41,0.83,471.00,44.22,Warning
2026-01-06T16:15:00,server_041,66.00,66.00,285.00,466.00,42.00,2,27.25,0.77,511.00,44.98,Warning
2026-01-06T16:20:00,server_002,75.00,60.00,172.00,443.00,135.00,1,26.90,0.78,521.00,46.84,Critical
2026-01-06T16:25:00,server_035,70.00,82.00,257.00,509.00,64.00,1,28.23,0.79,527.00,46.98,Critical
2026-01-06T16:30:00,server_030,68.00,67.00,258.00,391.00,107.00,1,26.74,0.71,522.00,47.52,Critical
2026-01-06T16:35:00,server_008,67.00,79.00,243.00,380.00,47.00,1,27.78,0.76,505.00,46.27,Critical
2026-01-06T16:40:00,server_030,62.00,57.00,173.00,245.00,96.00,3,26.72,0.79,503.00,44.50,Warning
2026-01-06T16:45:00,server_026,63.00,42.00,124.00,342.00,77.00,2,28.08,0.78,477.00,43.67,Warning
2026-01-06T16:50:00,server_045,63.00,61.00,185.00,243.00,62.00,2,27.50,0.76,501.00,45.91,Critical
2026-01-06T16:55:00,server_012,73.00,56.00,144.00,247.00,40.00,2,27.03,0.83,508.00,45.58,Critical
2026-01-06T17:00:00,server_049,62.00,40.00,241.00,438.00,42.00,2,26.03,0.80,476.00,44.23,Warning
2026-01-06T17:05:00,server_046,61.00,57.00,266.00,299.00,98.00,2,24.91,0.78,481.00,45.22,Critical
2026-01-06T17:10:00,server_008,73.00,87.00,150.00,477.00,48.00,2,26.16,0.84,572.00,47.47,Critical
2026-01-06T17:15:00,server_030,48.00,39.00,121.00,253.00,21.00,1,25.90,0.74,391.00,39.27,Warning
2026-01-06T17:20:00,server_032,69.00,65.00,293.00,257.00,99.00,3,25.70,0.75,536.00,47.28,Critical
2026-01-06T17:25:00,server_013,67.00,63.00,198.00,233.00,178.00,2,25.60,0.80,515.00,45.80,Critical
2026-01-06T17:30:00,server_014,74.00,56.00,267.00,244.00,57.00,1,25.42,0.77,516.00,45.40,Critical
2026-01-06T17:35:00,server_047,69.00,63.00,285.00,250.00,53.00,3,26.48,0.68,547.00,48.26,Critical
2026-01-06T17:40:00,server_027,62.00,63.00,253.00,259.00,52.00,3,24.92,0.79,522.00,44.18,Warning
2026-01-06T17:45:00,server_003,63.00,68.00,92.00,222.00,72.00,2,24.61,0.79,502.00,43.58,Warning
2026-01-06T17:50:00,server_015,74.00,78.00,249.00,394.00,27.00,3,26.28,0.81,583.00,48.50,Critical
2026-01-06T17:55:00,server_043,77.00,65.00,142.00,583.00,121.00,3,25.89,0.86,585.00,47.93,Critical
2026-01-06T18:00:00,server_028,69.00,58.00,132.00,453.00,54.00,2,24.60,0.74,501.00,44.98,Warning
2026-01-06T18:05:00,server_010,72.00,62.00,316.00,430.00,31.00,1,24.33,0.76,515.00,46.94,Critical
2026-01-06T18:10:00,server_016,66.00,69.00,137.00,289.00,34.00,2,24.93,0.77,513.00,45.38,Critical
2026-01-06T18:15:00,server_008,57.00,52.00,176.00,246.00,72.00,1,23.81,0.80,442.00,41.69,Warning
2026-01-06T18:20:00,server_046,58.00,39.00,211.00,345.00,139.00,3,23.72,0.77,452.00,41.66,Warning
2026-01-06T18:25:00,server_040,70.00,55.00,141.00,323.00,36.00,3,24.64,0.83,526.00,45.12,Critical
2026-01-06T18:30:00,server_017,63.00,69.00,153.00,355.00,32.00,3,23.61,0.80,512.00,45.76,Critical
2026-01-06T18:35:00,server_006,61.00,41.00,214.00,307.00,56.00,2,24.44,0.77,457.00,42.89,Warning
2026-01-06T18:40:00,server_014,60.00,60.00,145.00,202.00,34.00,1,24.50,0.82,470.00,43.07,Warning
2026-01-06T18:45:00,server_010,65.00,60.00,183.00,173.00,45.00,2,22.86,0.71,498.00,43.71,Warning
2026-01-06T18:50:00,server_039,54.00,45.00,112.00,330.00,36.00,2,24.64,0.77,436.00,41.12,Warning
2026-01-06T18:55:00,server_007,64.00,60.00,239.00,422.00,88.00,2,23.24,0.78,510.00,44.56,Warning
2026-01-06T19:00:00,server_041,56.00,45.00,203.00,310.00,56.00,2,22.75,0.75,445.00,41.50,Warning
2026-01-06T19:05:00,server_037,64.00,58.00,252.00,407.00,88.00,2,20.63,0.80,498.00,43.76,Warning
2026-01-06T19:10:00,server_001,57.00,57.00,104.00,248.00,64.00,1,21.36,0.74,442.00,41.96,Warning
2026-01-06T19:15:00,server_047,55.00,45.00,122.00,330.00,105.00,2,21.44,0.84,454.00,42.10,Warning
2026-01-06T19:20:00,server_026,64.00,63.00,224.00,381.00,27.00,2,21.65,0.78,501.00,43.50,Warning
2026-01-06T19:25:00,server_017,47.00,42.00,199.00,200.00,146.00,3,22.27,0.84,433.00,39.92,Warning
2026-01-06T19:30:00,server_025,60.00,66.00,115.00,375.00,121.00,3,22.56,0.79,509.00,43.82,Warning
2026-01-06T19:35:00,server_001,62.00,43.00,131.00,312.00,26.00,1,22.49,0.78,456.00,42.08,Warning
2026-01-06T19:40:00,server_006,69.00,80.00,223.00,207.00,202.00,1,22.28,0.79,514.00,45.74,Critical
2026-01-06T19:45:00,server_013,61.00,67.00,160.00,340.00,46.00,2,23.70,0.75,490.00,44.69,Warning
2026-01-06T19:50:00,server_003,53.00,46.00,110.00,213.00,36.00,2,22.27,0.71,426.00,41.18,Warning
2026-01-06T19:55:00,server_021,57.00,53.00,238.00,241.00,32.00,2,21.74,0.80,476.00,42.27,Warning
2026-01-06T20:00:00,server_013,45.00,51.00,99.00,173.00,76.00,3,22.28,0.82,415.00,39.21,Warning
2026-01-06T20:05:00,server_022,54.00,45.00,186.00,218.00,199.00,2,20.24,0.75,430.00,40.61,Warning
2026-01-06T20:10:00,server_020,58.00,60.00,225.00,343.00,81.00,2,19.97,0.79,467.00,42.72,Warning
2026-01-06T20:15:00,server_046,60.00,63.00,284.00,423.00,32.00,2,20.58,0.82,493.00,42.12,Warning
2026-01-06T20:20:00,server_022,58.00,63.00,102.00,227.00,125.00,2,20.86,0.77,487.00,42.45,Warning
2026-01-06T20:25:00,server_005,54.00,48.00,159.00,282.00,39.00,2,20.35,0.80,438.00,39.30,Warning
2026-01-06T20:30:00,server_017,55.00,40.00,209.00,351.00,48.00,3,19.21,0.81,463.00,40.14,Warning
2026-01-06T20:35:00,server_017,56.00,45.00,108.00,154.00,30.00,2,19.97,0.81,435.00,40.40,Warning
2026-01-06T20:40:00,server_036,52.00,55.00,98.00,222.00,29.00,2,19.76,0.81,449.00,40.78,Warning
2026-01-06T20:45:00,server_015,54.00,45.00,179.00,143.00,110.00,1,20.26,0.79,407.00,38.97,Warning
2026-01-06T20:50:00,server_005,52.00,48.00,130.00,328.00,63.00,1,19.75,0.80,403.00,38.57,Warning
2026-01-06T20:55:00,server_023,57.00,44.00,162.00,356.00,137.00,2,20.27,0.79,438.00,40.18,Warning
2026-01-06T21:00:00,server_003,36.00,37.00,135.00,127.00,15.00,1,17.85,0.75,321.00,33.86,Normal
2026-01-06T21:05:00,server_031,48.00,35.00,183.00,179.00,20.00,2,19.56,0.81,403.00,37.86,Warning
2026-01-06T21:10:00,server_019,39.00,40.00,97.00,289.00,19.00,1,19.84,0.76,353.00,36.06,Warning
2026-01-06T21:15:00,server_049,48.00,44.00,198.00,123.00,41.00,1,18.33,0.71,385.00,39.21,Warning
2026-01-06T21:20:00,server_026,51.00,51.00,194.00,210.00,129.00,2,20.02,0.77,447.00,40.98,Warning
2026-01-06T21:25:00,server_031,60.00,65.00,100.00,395.00,47.00,2,19.46,0.76,484.00,42.12,Warning
2026-01-06T21:30:00,server_021,50.00,52.00,186.00,156.00,23.00,2,19.47,0.73,421.00,39.07,Warning
2026-01-06T21:35:00,server_028,46.00,56.00,169.00,251.00,28.00,1,18.64,0.79,414.00,37.98,Warning
2026-01-06T21:40:00,server_050,61.00,52.00,209.00,258.00,53.00,3,19.78,0.78,495.00,42.53,Warning
2026-01-06T21:45:00,server_032,50.00,36.00,104.00,107.00,49.00,2,17.48,0.81,401.00,37.18,Warning
2026-01-06T21:50:00,server_015,39.00,34.00,169.00,240.00,43.00,3,20.22,0.74,379.00,36.25,Warning
2026-01-06T21:55:00,server_001,59.00,48.00,236.00,304.00,21.00,2,18.53,0.79,461.00,40.12,Warning
2026-01-06T22:00:00,server_012,39.00,36.00,143.00,203.00,32.00,2,17.05,0.78,366.00,35.28,Warning
2026-01-06T22:05:00,server_045,50.00,53.00,151.00,169.00,182.00,1,18.69,0.78,407.00,39.39,Warning
2026-01-06T22:10:00,server_013,41.00,44.00,106.00,213.00,26.00,3,18.79,0.77,403.00,38.01,Warning
2026-01-06T22:15:00,server_026,52.00,46.00,202.00,186.00,159.00,2,18.45,0.79,421.00,39.07,Warning
2026-01-06T22:20:00,server_003,46.00,42.00,209.00,192.00,30.00,2,17.25,0.78,405.00,38.40,Warning
2026-01-06T22:25:00,server_022,42.00,42.00,91.00,201.00,53.00,3,18.02,0.77,385.00,36.73,Warning
2026-01-06T22:30:00,server_036,51.00,52.00,130.00,177.00,42.00,3,17.53,0.77,460.00,39.79,Warning
2026-01-06T22:35:00,server_041,38.00,43.00,182.00,175.00,71.00,2,18.38,0.74,361.00,36.73,Warning
2026-01-06T22:40:00,server_047,47.00,53.00,107.00,310.00,46.00,2,18.52,0.79,411.00,37.13,Warning
2026-01-06T22:45:00,server_015,61.00,67.00,257.00,433.00,24.00,3,16.80,0.78,515.00,44.05,Warning
2026-01-06T22:50:00,server_043,51.00,62.00,205.00,339.00,21.00,1,17.79,0.77,443.00,40.13,Warning
2026-01-06T22:55:00,server_027,45.00,38.00,178.00,111.00,41.00,1,16.79,0.80,367.00,34.81,Normal
2026-01-06T23:00:00,server_015,49.00,42.00,169.00,157.00,54.00,2,16.89,0.77,424.00,38.64,Warning
2026-01-06T23:05:00,server_021,56.00,50.00,122.00,122.00,70.00,3,18.37,0.78,465.00,42.44,Warning
2026-01-06T23:10:00,server_020,39.00,32.00,106.00,265.00,27.00,3,16.42,0.77,361.00,35.51,Warning
2026-01-06T23:15:00,server_025,48.00,48.00,185.00,117.00,69.00,1,18.23,0.78,405.00,38.82,Warning
2026-01-06T23:20:00,server_042,41.00,37.00,144.00,170.00,38.00,2,17.01,0.79,372.00,35.90,Warning
2026-01-06T23:25:00,server_024,36.00,39.00,134.00,175.00,17.00,2,16.69,0.74,346.00,35.11,Warning
2026-01-06T23:30:00,server_006,46.00,49.00,70.00,258.00,19.00,1,16.68,0.73,393.00,36.30,Warning
2026-01-06T23:35:00,server_031,44.00,47.00,82.00,276.00,16.00,2,16.43,0.78,396.00,36.99,Warning
2026-01-06T23:40:00,server_034,45.00,40.00,68.00,144.00,21.00,2,17.45,0.77,394.00,38.30,Warning
2026-01-06T23:45:00,server_007,46.00,52.00,112.00,277.00,38.00,2,17.47,0.79,413.00,38.02,Warning
2026-01-06T23:50:00,server_016,51.00,49.00,209.00,214.00,63.00,1,17.45,0.80,413.00,38.47,Warning
2026-01-06T23:55:00,server_037,56.00,60.00,192.00,293.00,36.00,3,16.54,0.80,486.00,41.61,Warning
2026-01-07T00:00:00,server_005,50.00,60.00,143.00,362.00,28.00,1,16.94,0.78,416.00,38.18,Warning
2026-01-07T00:05:00,server_030,48.00,57.00,221.00,202.00,35.00,3,16.14,0.81,444.00,38.02,Warning
2026-01-07T00:10:00,server_025,55.00,49.00,203.00,193.00,31.00,3,16.94,0.74,454.00,39.05,Warning
2026-01-07T00:15:00,server_028,38.00,40.00,107.00,167.00,22.00,1,17.26,0.75,347.00,35.90,Warning
2026-01-07T00:20:00,server_038,40.00,35.00,151.00,290.00,54.00,2,17.13,0.75,363.00,35.52,Warning
2026-01-07T00:25:00,server_003,48.00,55.00,96.00,179.00,46.00,1,17.22,0.74,401.00,37.95,Warning
2026-01-07T00:30:00,server_040,39.00,35.00,73.00,281.00,40.00,3,16.96,0.82,365.00,35.81,Warning
2026-01-07T00:35:00,server_009,44.00,38.00,102.00,172.00,77.00,1,18.09,0.76,375.00,35.46,Warning
2026-01-07T00:40:00,server_014,37.00,32.00,109.00,248.00,30.00,3,15.93,0.82,379.00,35.34,Warning
2026-01-07T00:45:00,server_012,44.00,47.00,192.00,311.00,131.00,3,17.55,0.78,421.00,37.09,Warning
2026-01-07T00:50:00,server_011,57.00,48.00,159.00,403.00,36.00,1,17.20,0.83,433.00,39.52,Warning
2026-01-07T00:55:00,server_046,40.00,41.00,97.00,170.00,32.00,3,16.73,0.72,397.00,37.52,Warning
2026-01-07T01:00:00,server_004,31.00,36.00,60.00,125.00,113.00,1,17.93,0.71,303.00,33.94,Normal
2026-01-07T01:05:00,server_002,41.00,38.00,116.00,234.00,40.00,1,16.28,0.80,356.00,35.87,Warning
2026-01-07T01:10:00,server_017,36.00,40.00,158.00,174.00,95.00,3,17.24,0.81,370.00,34.78,Normal
2026-01-07T01:15:00,server_020,50.00,45.00,177.00,255.00,76.00,2,16.65,0.77,437.00,38.92,Warning
2026-01-07T01:20:00,server_016,44.00,54.00,90.00,184.00,23.00,2,16.51,0.76,395.00,36.63,Warning
2026-01-07T01:25:00,server_044,45.00,50.00,133.00,340.00,81.00,1,16.70,0.82,384.00,36.19,Warning
2026-01-07T01:30:00,server_050,31.00,30.00,114.00,245.00,99.00,1,17.49,0.70,303.00,33.88,Normal
2026-01-07T01:35:00,server_045,33.00,37.00,63.00,117.00,26.00,2,16.37,0.83,341.00,34.42,Normal
2026-01-07T01:40:00,server_021,33.00,34.00,115.00,162.00,112.00,2,17.48,0.79,340.00,35.76,Warning
2026-01-07T01:45:00,server_031,42.00,36.00,160.00,210.00,28.00,3,16.84,0.79,405.00,38.06,Warning
2026-01-07T01:50:00,server_007,38.00,28.00,104.00,254.00,23.00,1,17.36,0.73,337.00,34.14,Normal
2026-01-07T01:55:00,server_020,40.00,34.00,157.00,276.00,45.00,1,17.68,0.80,351.00,34.47,Normal
2026-01-07T02:00:00,server_007,47.00,45.00,184.00,210.00,47.00,2,17.62,0.80,417.00,38.41,Warning
2026-01-07T02:05:00,server_042,35.00,44.00,143.00,110.00,35.00,3,17.83,0.76,382.00,37.24,Warning
2026-01-07T02:10:00,server_009,39.00,37.00,124.00,242.00,46.00,2,18.03,0.82,371.00,34.10,Normal
2026-01-07T02:15:00,server_038,47.00,50.00,154.00,194.00,31.00,1,18.89,0.75,395.00,37.34,Warning
2026-01-07T02:20:00,server_027,41.00,46.00,148.00,204.00,40.00,2,17.94,0.82,384.00,37.27,Warning
2026-01-07T02:25:00,server_040,36.00,33.00,65.00,107.00,66.00,2,17.67,0.76,352.00,34.74,Normal
2026-01-07T02:30:00,server_039,42.00,43.00,182.00,210.00,26.00,3,17.94,0.85,394.00,36.69,Warning
2026-01-07T02:35:00,server_014,43.00,30.00,198.00,213.00,30.00,3,19.88,0.80,397.00,37.82,Warning
2026-01-07T02:40:00,server_020,52.00,54.00,201.00,383.00,40.00,3,17.92,0.76,468.00,39.57,Warning
2026-01-07T02:45:00,server_006,43.00,45.00,136.00,153.00,40.00,3,17.41,0.75,412.00,38.48,Warning
2026-01-07T02:50:00,server_006,38.00,28.00,75.00,316.00,27.00,2,19.48,0.82,343.00,34.53,Normal
2026-01-07T02:55:00,server_046,52.00,52.00,220.00,327.00,40.00,3,17.14,0.69,460.00,41.08,Warning
2026-01-07T03:00:00,server_004,43.00,56.00,91.00,342.00,24.00,1,19.39,0.77,388.00,38.91,Warning
2026-01-07T03:05:00,server_001,34.00,35.00,134.00,180.00,39.00,2,20.38,0.83,325.00,35.22,Warning
2026-01-07T03:10:00,server_004,42.00,30.00,78.00,240.00,44.00,3,19.03,0.75,382.00,37.32,Warning
2026-01-07T03:15:00,server_046,39.00,43.00,107.00,159.00,38.00,2,20.13,0.79,368.00,37.53,Warning
2026-01-07T03:20:00,server_050,49.00,50.00,158.00,246.00,69.00,1,19.05,0.73,396.00,38.41,Warning
2026-01-07T03:25:00,server_005,51.00,55.00,69.00,326.00,47.00,3,19.86,0.79,453.00,39.95,Warning
2026-01-07T03:30:00,server_041,29.00,32.00,119.00,167.00,47.00,2,19.86,0.74,312.00,33.74,Normal
2026-01-07T03:35:00,server_028,42.00,39.00,167.00,245.00,200.00,2,18.76,0.84,382.00,35.02,Warning
2026-01-07T03:40:00,server_024,37.00,46.00,137.00,219.00,149.00,1,17.49,0.73,360.00,34.46,Normal
2026-01-07T03:45:00,server_008,42.00,48.00,106.00,119.00,43.00,2,19.36,0.76,390.00,36.51,Warning
2026-01-07T03:50:00,server_048,34.00,40.00,75.00,157.00,42.00,3,18.86,0.77,353.00,36.55,Warning
2026-01-07T03:55:00,server_011,33.00,25.00,116.00,183.00,28.00,1,18.91,0.84,309.00,33.34,Normal
2026-01-07T04:00:00,server_040,35.00,37.00,169.00,267.00,26.00,2,21.52,0.74,363.00,37.22,Warning
2026-01-07T04:05:00,server_021,37.00,39.00,179.00,269.00,24.00,2,19.93,0.80,357.00,34.94,Normal
2026-01-07T04:10:00,server_028,46.00,41.00,185.00,274.00,68.00,3,20.02,0.83,406.00,37.49,Warning
2026-01-07T04:15:00,server_019,28.00,30.00,103.00,140.00,26.00,2,20.58,0.75,310.00,35.26,Warning
2026-01-07T04:20:00,server_024,45.00,53.00,164.00,243.00,32.00,2,20.07,0.82,418.00,39.19,Warning
2026-01-07T04:25:00,server_022,45.00,42.00,94.00,192.00,80.00,3,20.92,0.76,420.00,40.02,Warning
2026-01-07T04:30:00,server_003,49.00,43.00,188.00,165.00,31.00,1,20.31,0.82,393.00,36.52,Warning
2026-01-07T04:35:00,server_044,44.00,51.00,121.00,208.00,43.00,2,20.47,0.78,391.00,38.68,Warning
2026-01-07T04:40:00,server_024,39.00,40.00,171.00,149.00,32.00,1,20.16,0.75,360.00,36.54,Warning
2026-01-07T04:45:00,server_034,45.00,40.00,112.00,165.00,23.00,2,20.71,0.79,395.00,38.02,Warning
2026-01-07T04:50:00,server_040,46.00,45.00,191.00,335.00,21.00,2,20.05,0.77,401.00,38.24,Warning
2026-01-07T04:55:00,server_005,38.00,39.00,134.00,130.00,31.00,2,21.03,0.77,368.00,36.76,Warning
2026-01-07T05:00:00,server_013,39.00,44.00,172.00,267.00,21.00,2,22.42,0.75,386.00,37.09,Warning
2026-01-07T05:05:00,server_034,49.00,43.00,153.00,335.00,40.00,3,22.35,0.77,431.00,41.47,Warning
2026-01-07T05:10:00,server_013,50.00,41.00,111.00,218.00,24.00,3,20.95,0.80,434.00,40.18,Warning
2026-01-07T05:15:00,server_019,39.00,35.00,141.00,254.00,24.00,3,22.46,0.76,376.00,37.79,Warning
2026-01-07T05:20:00,server_039,55.00,38.00,227.00,220.00,36.00,1,22.19,0.76,414.00,39.34,Warning
2026-01-07T05:25:00,server_048,45.00,52.00,154.00,126.00,39.00,1,22.33,0.82,385.00,37.69,Warning
2026-01-07T05:30:00,server_033,36.00,33.00,92.00,73.00,30.00,2,21.80,0.77,350.00,35.64,Warning
2026-01-07T05:35:00,server_005,36.00,31.00,106.00,214.00,48.00,1,22.15,0.73,335.00,35.51,Warning
2026-01-07T05:40:00,server_014,48.00,41.00,121.00,157.00,60.00,2,22.73,0.76,409.00,39.92,Warning
2026-01-07T05:45:00,server_038,39.00,37.00,145.00,258.00,42.00,2,22.59,0.79,377.00,38.01,Warning
2026-01-07T05:50:00,server_019,35.00,34.00,120.00,176.00,68.00,2,22.72,0.81,348.00,35.56,Warning
2026-01-07T05:55:00,server_044,42.00,39.00,180.00,243.00,19.00,2,22.20,0.78,382.00,36.91,Warning
2026-01-07T06:00:00,server_018,43.00,48.00,89.00,246.00,21.00,2,23.68,0.78,387.00,38.08,Warning
2026-01-07T06:05:00,server_007,45.00,43.00,122.00,269.00,27.00,2,23.59,0.88,390.00,38.42,Warning
2026-01-07T06:10:00,server_041,46.00,40.00,97.00,129.00,49.00,2,23.62,0.72,397.00,38.45,Warning
2026-01-07T06:15:00,server_029,50.00,48.00,210.00,259.00,55.00,2,22.58,0.81,426.00,40.39,Warning
2026-01-07T06:20:00,server_017,33.00,27.00,81.00,126.00,46.00,3,24.79,0.76,346.00,36.57,Warning
2026-01-07T06:25:00,server_043,41.00,42.00,55.00,225.00,63.00,2,23.57,0.84,375.00,37.35,Warning
2026-01-07T06:30:00,server_005,56.00,44.00,192.00,230.00,64.00,2,23.77,0.79,451.00,41.28,Warning
2026-01-07T06:35:00,server_033,45.00,41.00,85.00,147.00,16.00,2,23.33,0.72,387.00,39.19,Warning
2026-01-07T06:40:00,server_038,58.00,59.00,255.00,163.00,24.00,3,24.89,0.79,488.00,44.42,Warning
2026-01-07T06:45:00,server_042,53.00,40.00,213.00,176.00,63.00,2,23.98,0.77,430.00,40.81,Warning
2026-01-07T06:50:00,server_027,47.00,48.00,143.00,145.00,87.00,2,23.19,0.77,410.00,38.21,Warning
2026-01-07T06:55:00,server_024,48.00,44.00,116.00,172.00,35.00,2,23.14,0.81,403.00,38.75,Warning
2026-01-07T07:00:00,server_033,57.00,55.00,87.00,314.00,84.00,2,25.82,0.77,473.00,43.79,Warning
2026-01-07T07:05:00,server_010,59.00,60.00,199.00,182.00,34.00,3,25.18,0.71,478.00,44.68,Warning
2026-01-07T07:10:00,server_015,41.00,44.00,124.00,162.00,59.00,2,25.51,0.73,373.00,38.36,Warning
2026-01-07T07:15:00,server_040,52.00,40.00,241.00,361.00,70.00,2,25.50,0.80,417.00,40.02,Warning
2026-01-07T07:20:00,server_012,44.00,45.00,192.00,163.00,20.00,1,25.36,0.73,383.00,39.45,Warning
2026-01-07T07:25:00,server_048,34.00,36.00,84.00,113.00,97.00,3,26.45,0.76,354.00,36.91,Warning
2026-01-07T07:30:00,server_025,53.00,43.00,189.00,211.00,30.00,2,25.25,0.74,427.00,40.86,Warning
2026-01-07T07:35:00,server_038,63.00,57.00,220.00,424.00,26.00,2,24.84,0.75,505.00,44.23,Warning
2026-01-07T07:40:00,server_013,60.00,56.00,126.00,201.00,38.00,3,24.48,0.77,499.00,43.70,Warning
2026-01-07T07:45:00,server_032,47.00,44.00,146.00,276.00,35.00,2,25.65,0.75,396.00,39.96,Warning
2026-01-07T07:50:00,server_013,53.00,52.00,139.00,349.00,20.00,2,25.05,0.78,437.00,42.10,Warning
2026-01-07T07:55:00,server_021,50.00,45.00,201.00,242.00,59.00,2,25.97,0.79,437.00,41.37,Warning
2026-01-07T08:00:00,server_049,61.00,58.00,169.00,475.00,105.00,1,27.46,0.73,459.00,42.71,Warning
2026-01-07T08:05:00,server_027,60.00,57.00,193.00,392.00,22.00,3,26.72,0.79,504.00,43.66,Warning
2026-01-07T08:10:00,server_035,52.00,52.00,130.00,177.00,32.00,2,27.52,0.85,432.00,42.24,Warning
2026-01-07T08:15:00,server_015,56.00,62.00,126.00,164.00,50.00,2,27.16,0.76,451.00,43.41,Warning
2026-01-07T08:20:00,server_020,63.00,61.00,232.00,230.00,160.00,2,29.17,0.78,493.00,46.21,Critical
2026-01-07T08:25:00,server_036,51.00,48.00,172.00,403.00,22.00,2,27.71,0.77,435.00,42.22,Warning
2026-01-07T08:30:00,server_029,60.00,54.00,105.00,399.00,38.00,3,27.97,0.77,486.00,44.80,Warning
2026-01-07T08:35:00,server_011,44.00,47.00,132.00,201.00,18.00,2,26.95,0.77,403.00,40.70,Warning
2026-01-07T08:40:00,server_002,52.00,55.00,125.00,368.00,25.00,2,27.01,0.83,445.00,42.24,Warning
2026-01-07T08:45:00,server_018,50.00,55.00,96.00,157.00,24.00,3,27.69,0.82,444.00,41.86,Warning
2026-01-07T08:50:00,server_050,53.00,49.00,152.00,374.00,38.00,2,26.80,0.75,440.00,42.81,Warning
2026-01-07T08:55:00,server_038,57.00,54.00,243.00,333.00,58.00,1,27.86,0.74,434.00,43.51,Warning
2026-01-07T09:00:00,server_032,56.00,63.00,197.00,222.00,27.00,2,29.41,0.79,468.00,45.37,Critical
2026-01-07T09:05:00,server_048,56.00,54.00,111.00,327.00,35.00,1,28.82,0.72,424.00,42.49,Warning
2026-01-07T09:10:00,server_022,63.00,53.00,239.00,441.00,31.00,1,28.61,0.73,479.00,45.12,Critical
2026-01-07T09:15:00,server_032,58.00,40.00,237.00,300.00,68.00,2,28.47,0.81,454.00,44.14,Warning
2026-01-07T09:20:00,server_025,49.00,39.00,206.00,365.00,24.00,3,27.80,0.87,431.00,40.25,Warning
2026-01-07T09:25:00,server_037,56.00,48.00,106.00,355.00,31.00,3,29.59,0.82,466.00,43.57,Warning
2026-01-07T09:30:00,server_029,70.00,48.00,175.00,390.00,51.00,2,28.82,0.74,505.00,45.26,Critical
2026-01-07T09:35:00,server_029,61.00,47.00,217.00,303.00,94.00,3,29.01,0.80,485.00,45.77,Critical
2026-01-07T09:40:00,server_037,55.00,44.00,165.00,213.00,24.00,2,28.41,0.82,430.00,42.67,Warning
2026-01-07T09:45:00,server_020,63.00,56.00,82.00,163.00,49.00,2,27.85,0.79,483.00,44.73,Warning
2026-01-07T09:50:00,server_049,62.00,53.00,181.00,159.00,60.00,3,29.19,0.77,485.00,44.72,Warning
2026-01-07T09:55:00,server_036,58.00,48.00,241.00,149.00,41.00,2,29.22,0.79,463.00,43.24,Warning
2026-01-07T10:00:00,server_038,50.00,43.00,191.00,218.00,30.00,2,30.63,0.84,439.00,43.24,Warning
2026-01-07T10:05:00,server_002,64.00,44.00,271.00,400.00,67.00,1,30.55,0.83,462.00,43.64,Warning
2026-01-07T10:10:00,server_036,53.00,48.00,142.00,354.00,34.00,2,30.36,0.75,437.00,44.03,Warning
2026-01-07T10:15:00,server_014,72.00,81.00,233.00,247.00,136.00,2,29.98,0.82,568.00,48.57,Critical
2026-01-07T10:20:00,server_029,53.00,46.00,200.00,258.00,34.00,2,30.15,0.73,436.00,43.93,Warning
2026-01-07T10:25:00,server_041,51.00,58.00,172.00,250.00,26.00,2,30.52,0.75,439.00,42.49,Warning
2026-01-07T10:30:00,server_048,74.00,75.00,294.00,491.00,104.00,2,29.99,0.81,555.00,49.53,Critical
2026-01-07T10:35:00,server_038,72.00,56.00,256.00,272.00,39.00,2,30.33,0.84,521.00,47.26,Critical
2026-01-07T10:40:00,server_019,71.00,67.00,253.00,538.00,100.00,2,29.59,0.81,538.00,47.33,Critical
2026-01-07T10:45:00,server_011,65.00,73.00,245.00,292.00,86.00,1,30.78,0.74,513.00,47.04,Critical
2026-01-07T10:50:00,server_010,59.00,51.00,166.00,228.00,31.00,2,30.37,0.75,462.00,43.75,Warning
2026-01-07T10:55:00,server_033,70.00,51.00,133.00,303.00,35.00,2,30.31,0.78,513.00,46.83,Critical
2026-01-07T11:00:00,server_015,67.00,47.00,233.00,249.00,29.00,3,30.13,0.80,517.00,46.46,Critical
2026-01-07T11:05:00,server_048,64.00,50.00,141.00,217.00,32.00,1,30.19,0.74,476.00,45.39,Critical
2026-01-07T11:10:00,server_012,70.00,62.00,99.00,418.00,29.00,3,30.65,0.80,542.00,47.73,Critical
2026-01-07T11:15:00,server_049,61.00,60.00,154.00,442.00,105.00,2,30.47,0.80,490.00,44.64,Warning
2026-01-07T11:20:00,server_007,55.00,49.00,168.00,298.00,103.00,3,31.12,0.72,469.00,45.35,Critical
2026-01-07T11:25:00,server_004,70.00,56.00,213.00,531.00,28.00,2,31.94,0.82,500.00,47.46,Critical
2026-01-07T11:30:00,server_004,66.00,53.00,256.00,366.00,93.00,2,30.64,0.74,506.00,46.77,Critical
2026-01-07T11:35:00,server_039,63.00,61.00,246.00,308.00,96.00,2,30.75,0.81,488.00,45.85,Critical
2026-01-07T11:40:00,server_012,75.00,76.00,339.00,362.00,31.00,1,29.96,0.79,547.00,48.59,Critical
2026-01-07T11:45:00,server_017,66.00,53.00,120.00,501.00,113.00,3,32.12,0.77,503.00,47.93,Critical
2026-01-07T11:50:00,server_016,60.00,39.00,178.00,346.00,82.00,1,31.32,0.78,434.00,43.15,Warning
2026-01-07T11:55:00,server_039,75.00,54.00,265.00,156.00,36.00,3,31.18,0.87,558.00,48.69,Critical
2026-01-07T12:00:00,server_015,72.00,76.00,158.00,533.00,35.00,3,30.37,0.76,558.00,47.87,Critical
2026-01-07T12:05:00,server_046,66.00,51.00,279.00,230.00,127.00,3,30.83,0.78,530.00,46.93,Critical
2026-01-07T12:10:00,server_033,72.00,80.00,246.00,372.00,121.00,2,30.57,0.77,574.00,49.86,Critical
2026-01-07T12:15:00,server_004,73.00,59.00,224.00,276.00,55.00,2,29.50,0.78,533.00,47.31,Critical
2026-01-07T12:20:00,server_006,75.00,81.00,278.00,529.00,93.00,1,30.86,0.80,547.00,49.29,Critical
2026-01-07T12:25:00,server_031,68.00,53.00,114.00,427.00,119.00,3,31.25,0.76,515.00,45.79,Critical
2026-01-07T12:30:00,server_010,63.00,50.00,233.00,304.00,37.00,2,30.66,0.83,481.00,44.61,Warning
2026-01-07T12:35:00,server_046,66.00,41.00,211.00,389.00,33.00,2,32.56,0.75,483.00,46.13,Critical
2026-01-07T12:40:00,server_028,73.00,69.00,275.00,419.00,105.00,1,29.99,0.78,541.00,47.53,Critical
2026-01-07T12:45:00,server_007,68.00,62.00,265.00,344.00,30.00,2,30.48,0.80,517.00,46.24,Critical
2026-01-07T12:50:00,server_040,73.00,75.00,341.00,214.00,34.00,2,31.64,0.74,546.00,49.47,Critical
2026-01-07T12:55:00,server_032,68.00,76.00,172.00,319.00,71.00,2,32.24,0.77,534.00,49.61,Critical
2026-01-07T13:00:00,server_008,63.00,63.00,276.00,417.00,39.00,1,30.42,0.77,495.00,46.47,Critical
2026-01-07T13:05:00,server_046,63.00,64.00,264.00,353.00,47.00,1,30.49,0.77,482.00,44.77,Warning
2026-01-07T13:10:00,server_010,69.00,46.00,120.00,181.00,27.00,2,32.09,0.79,506.00,46.49,Critical
2026-01-07T13:15:00,server_029,67.00,64.00,269.00,297.00,53.00,2,29.14,0.79,524.00,46.60,Critical
2026-01-07T13:20:00,server_017,61.00,46.00,174.00,153.00,31.00,2,31.45,0.75,457.00,45.29,Critical
2026-01-07T13:25:00,server_037,72.00,69.00,204.00,351.00,69.00,3,31.29,0.77,572.00,50.43,Critical
2026-01-07T13:30:00,server_021,76.00,75.00,112.00,297.00,28.00,3,32.26,0.78,585.00,51.45,Critical
2026-01-07T13:35:00,server_049,79.00,76.00,318.00,512.00,80.00,2,30.38,0.76,601.00,51.94,Critical
2026-01-07T13:40:00,server_047,65.00,74.00,236.00,410.00,45.00,1,30.59,0.76,493.00,46.32,Critical
2026-01-07T13:45:00,server_046,76.00,76.00,186.00,348.00,31.00,3,31.03,0.78,597.00,51.74,Critical
2026-01-07T13:50:00,server_033,71.00,61.00,153.00,427.00,40.00,1,30.94,0.79,516.00,46.67,Critical
2026-01-07T13:55:00,server_014,69.00,59.00,215.00,196.00,32.00,2,30.63,0.75,505.00,47.83,Critical
2026-01-07T14:00:00,server_028,70.00,67.00,193.00,286.00,41.00,2,30.11,0.73,527.00,47.84,Critical
2026-01-07T14:05:00,server_008,63.00,58.00,242.00,399.00,48.00,3,29.63,0.82,512.00,45.73,Critical
2026-01-07T14:10:00,server_020,74.00,76.00,290.00,411.00,89.00,1,29.78,0.76,551.00,49.38,Critical
2026-01-07T14:15:00,server_046,79.00,74.00,244.00,242.00,136.00,2,30.41,0.82,577.00,50.10,Critical
2026-01-07T14:20:00,server_005,76.00,64.00,104.00,530.00,35.00,3,30.68,0.77,569.00,49.06,Critical
2026-01-07T14:25:00,server_032,69.00,49.00,213.00,391.00,42.00,2,31.07,0.79,501.00,45.79,Critical
2026-01-07T14:30:00,server_046,74.00,53.00,208.00,332.00,29.00,2,30.35,0.86,537.00,47.61,Critical
2026-01-07T14:35:00,server_016,79.00,57.00,265.00,357.00,39.00,2,31.51,0.70,553.00,49.82,Critical
2026-01-07T14:40:00,server_015,72.00,74.00,284.00,365.00,34.00,2,28.77,0.86,566.00,48.82,Critical
2026-01-07T14:45:00,server_031,62.00,45.00,176.00,287.00,25.00,3,30.13,0.83,494.00,45.27,Critical
2026-01-07T14:50:00,server_046,74.00,75.00,171.00,308.00,32.00,2,30.45,0.82,561.00,49.52,Critical
2026-01-07T14:55:00,server_049,73.00,59.00,293.00,434.00,28.00,1,30.88,0.72,515.00,49.20,Critical
2026-01-07T15:00:00,server_013,74.00,60.00,124.00,312.00,89.00,2,29.34,0.77,540.00,47.52,Critical
2026-01-07T15:05:00,server_012,59.00,45.00,218.00,271.00,74.00,2,28.08,0.74,471.00,44.52,Warning
2026-01-07T15:10:00,server_036,59.00,65.00,268.00,368.00,52.00,2,30.50,0.79,493.00,45.61,Critical
2026-01-07T15:15:00,server_043,59.00,68.00,134.00,400.00,120.00,3,27.28,0.74,490.00,44.67,Warning
2026-01-07T15:20:00,server_026,67.00,58.00,239.00,191.00,73.00,2,28.77,0.76,512.00,47.09,Critical
2026-01-07T15:25:00,server_014,74.00,62.00,311.00,417.00,70.00,2,28.33,0.79,556.00,48.83,Critical
2026-01-07T15:30:00,server_036,67.00,51.00,277.00,329.00,102.00,2,28.48,0.76,496.00,46.26,Critical
2026-01-07T15:35:00,server_043,68.00,66.00,310.00,401.00,35.00,2,29.12,0.80,522.00,46.35,Critical
2026-01-07T15:40:00,server_034,63.00,55.00,248.00,379.00,22.00,2,28.06,0.76,493.00,45.04,Critical
2026-01-07T15:45:00,server_045,62.00,47.00,145.00,352.00,149.00,2,27.79,0.82,473.00,44.27,Warning
2026-01-07T15:50:00,server_029,75.00,73.00,157.00,508.00,60.00,1,28.58,0.76,539.00,47.35,Critical
2026-01-07T15:55:00,server_048,70.00,49.00,201.00,246.00,26.00,1,28.93,0.79,491.00,45.09,Critical
2026-01-07T16:00:00,server_042,69.00,53.00,231.00,242.00,38.00,1,27.73,0.81,496.00,45.13,Critical
2026-01-07T16:05:00,server_011,73.00,76.00,114.00,518.00,44.00,2,26.69,0.81,558.00,48.85,Critical
2026-01-07T16:10:00,server_047,67.00,62.00,200.00,432.00,136.00,2,26.11,0.77,515.00,45.72,Critical
2026-01-07T16:15:00,server_038,75.00,79.00,286.00,347.00,91.00,3,27.19,0.79,590.00,50.91,Critical
2026-01-07T16:20:00,server_019,64.00,47.00,293.00,337.00,53.00,2,27.56,0.74,498.00,44.49,Warning
2026-01-07T16:25:00,server_026,73.00,70.00,298.00,426.00,67.00,2,26.98,0.81,556.00,47.05,Critical
2026-01-07T16:30:00,server_019,65.00,47.00,190.00,458.00,95.00,2,27.72,0.77,491.00,44.84,Warning
2026-01-07T16:35:00,server_038,62.00,57.00,101.00,355.00,52.00,3,27.51,0.86,490.00,43.55,Warning
2026-01-07T16:40:00,server_011,67.00,58.00,188.00,212.00,58.00,3,29.05,0.79,526.00,46.39,Critical
2026-01-07T16:45:00,server_003,63.00,49.00,293.00,359.00,44.00,2,27.45,0.71,488.00,44.18,Warning
2026-01-07T16:50:00,server_022,73.00,67.00,247.00,443.00,35.00,3,27.22,0.78,573.00,48.86,Critical
2026-01-07T16:55:00,server_031,68.00,70.00,141.00,522.00,71.00,2,27.93,0.74,536.00,47.79,Critical
2026-01-07T17:00:00,server_002,64.00,63.00,224.00,457.00,31.00,1,26.76,0.86,474.00,44.79,Warning
2026-01-07T17:05:00,server_008,66.00,48.00,194.00,414.00,48.00,2,23.98,0.78,481.00,43.59,Warning
2026-01-07T17:10:00,server_002,58.00,56.00,142.00,417.00,40.00,3,25.53,0.75,485.00,43.32,Warning
2026-01-07T17:15:00,server_042,70.00,63.00,297.00,335.00,49.00,1,24.98,0.80,514.00,44.83,Warning
2026-01-07T17:20:00,server_016,62.00,52.00,179.00,228.00,24.00,2,24.95,0.79,475.00,42.99,Warning
2026-01-07T17:25:00,server_033,66.00,52.00,277.00,404.00,33.00,2,26.15,0.75,492.00,45.32,Critical
2026-01-07T17:30:00,server_012,68.00,52.00,119.00,198.00,31.00,3,25.88,0.81,513.00,45.84,Critical
2026-01-07T17:35:00,server_041,66.00,70.00,123.00,276.00,70.00,2,25.90,0.81,529.00,46.13,Critical
2026-01-07T17:40:00,server_007,68.00,66.00,146.00,231.00,90.00,2,25.78,0.77,526.00,46.75,Critical
2026-01-07T17:45:00,server_047,65.00,59.00,269.00,420.00,55.00,3,25.55,0.76,531.00,46.38,Critical
2026-01-07T17:50:00,server_032,58.00,53.00,178.00,443.00,71.00,3,25.51,0.77,497.00,43.95,Warning
2026-01-07T17:55:00,server_028,67.00,57.00,129.00,405.00,89.00,2,26.26,0.82,505.00,45.04,Critical
2026-01-07T18:00:00,server_032,56.00,54.00,93.00,194.00,22.00,3,24.29,0.79,473.00,43.78,Warning
2026-01-07T18:05:00,server_003,66.00,70.00,278.00,476.00,24.00,2,24.08,0.73,516.00,44.35,Warning
2026-01-07T18:10:00,server_021,64.00,70.00,193.00,392.00,54.00,2,24.80,0.72,511.00,45.67,Critical
2026-01-07T18:15:00,server_036,66.00,60.00,214.00,441.00,41.00,3,24.66,0.72,531.00,46.14,Critical
2026-01-07T18:20:00,server_013,77.00,79.00,278.00,490.00,38.00,2,24.04,0.73,582.00,48.75,Critical
2026-01-07T18:25:00,server_017,78.00,60.00,162.00,280.00,88.00,1,24.40,0.80,527.00,45.78,Critical
2026-01-07T18:30:00,server_022,58.00,45.00,197.00,347.00,61.00,1,23.04,0.77,443.00,42.26,Warning
2026-01-07T18:35:00,server_035,64.00,43.00,142.00,308.00,71.00,2,24.03,0.70,463.00,43.04,Warning
2026-01-07T18:40:00,server_036,65.00,55.00,208.00,338.00,29.00,1,22.77,0.82,478.00,42.76,Warning
2026-01-07T18:45:00,server_022,59.00,56.00,126.00,196.00,61.00,2,23.39,0.79,471.00,41.42,Warning
2026-01-07T18:50:00,server_001,63.00,56.00,152.00,442.00,58.00,2,24.21,0.83,472.00,42.36,Warning
2026-01-07T18:55:00,server_022,74.00,58.00,164.00,423.00,68.00,1,24.11,0.81,506.00,43.99,Warning
2026-01-07T19:00:00,server_027,55.00,57.00,207.00,399.00,40.00,1,21.66,0.79,444.00,40.76,Warning
2026-01-07T19:05:00,server_034,51.00,51.00,133.00,241.00,34.00,2,22.97,0.79,425.00,39.36,Warning
2026-01-07T19:10:00,server_050,57.00,47.00,146.00,261.00,28.00,3,21.64,0.76,465.00,41.24,Warning
2026-01-07T19:15:00,server_010,54.00,57.00,101.00,231.00,22.00,1,22.30,0.78,440.00,41.35,Warning
2026-01-07T19:20:00,server_021,47.00,54.00,87.00,280.00,36.00,2,21.64,0.84,424.00,39.34,Warning
2026-01-07T19:25:00,server_036,62.00,69.00,109.00,379.00,55.00,2,21.67,0.76,504.00,45.44,Critical
2026-01-07T19:30:00,server_050,66.00,49.00,185.00,260.00,86.00,2,22.40,0.79,471.00,43.23,Warning
2026-01-07T19:35:00,server_010,53.00,46.00,182.00,277.00,46.00,2,21.33,0.79,443.00,39.86,Warning
2026-01-07T19:40:00,server_001,63.00,72.00,275.00,268.00,69.00,1,21.76,0.82,488.00,43.32,Warning
2026-01-07T19:45:00,server_030,67.00,67.00,282.00,452.00,183.00,3,22.67,0.77,548.00,46.06,Critical
2026-01-07T19:50:00,server_031,66.00,64.00,282.00,413.00,50.00,2,20.71,0.82,523.00,45.01,Critical
2026-01-07T19:55:00,server_042,57.00,42.00,96.00,471.00,20.00,2,21.67,0.81,439.00,41.02,Warning
2026-01-07T20:00:00,server_018,52.00,45.00,96.00,263.00,24.00,3,20.55,0.82,446.00,40.25,Warning
2026-01-07T20:05:00,server_025,51.00,52.00,158.00,213.00,33.00,3,19.27,0.82,467.00,40.01,Warning
2026-01-07T20:10:00,server_047,47.00,34.00,209.00,240.00,93.00,3,21.30,0.81,401.00,38.54,Warning
2026-01-07T20:15:00,server_016,69.00,65.00,213.00,334.00,40.00,3,20.64,0.74,540.00,44.84,Warning
2026-01-07T20:20:00,server_005,56.00,41.00,205.00,283.00,46.00,1,22.01,0.79,419.00,39.14,Warning
2026-01-07T20:25:00,server_016,53.00,44.00,180.00,175.00,82.00,2,21.48,0.78,419.00,39.76,Warning
2026-01-07T20:30:00,server_019,53.00,33.00,193.00,339.00,60.00,3,20.08,0.82,441.00,39.78,Warning
2026-01-07T20:35:00,server_032,57.00,45.00,205.00,385.00,26.00,1,19.42,0.79,436.00,38.87,Warning
2026-01-07T20:40:00,server_004,58.00,54.00,99.00,150.00,43.00,2,20.81,0.78,458.00,41.93,Warning
2026-01-07T20:45:00,server_032,62.00,63.00,166.00,463.00,61.00,3,20.50,0.78,512.00,43.78,Warning
2026-01-07T20:50:00,server_015,54.00,57.00,229.00,401.00,23.00,1,20.84,0.75,425.00,40.93,Warning
2026-01-07T20:55:00,server_026,60.00,39.00,203.00,281.00,34.00,1,21.12,0.78,433.00,40.54,Warning
2026-01-07T21:00:00,server_011,53.00,52.00,105.00,345.00,83.00,2,19.07,0.82,448.00,39.49,Warning
2026-01-07T21:05:00,server_009,41.00,42.00,106.00,133.00,16.00,2,18.93,0.73,388.00,37.00,Warning
2026-01-07T21:10:00,server_017,42.00,46.00,120.00,286.00,113.00,3,20.42,0.79,417.00,39.41,Warning
2026-01-07T21:15:00,server_035,58.00,56.00,219.00,264.00,28.00,1,19.07,0.78,445.00,40.04,Warning
2026-01-07T21:20:00,server_001,53.00,39.00,82.00,297.00,42.00,3,19.76,0.80,436.00,40.31,Warning
2026-01-07T21:25:00,server_025,43.00,44.00,169.00,275.00,121.00,2,18.12,0.73,381.00,36.96,Warning
2026-01-07T21:30:00,server_006,47.00,37.00,102.00,293.00,84.00,2,18.84,0.73,397.00,37.57,Warning
2026-01-07T21:35:00,server_026,49.00,51.00,146.00,144.00,19.00,2,20.16,0.84,409.00,39.12,Warning
2026-01-07T21:40:00,server_035,59.00,69.00,194.00,371.00,82.00,1,19.86,0.75,479.00,42.54,Warning
2026-01-07T21:45:00,server_048,62.00,48.00,282.00,338.00,31.00,2,18.98,0.72,466.00,42.27,Warning
2026-01-07T21:50:00,server_024,41.00,43.00,191.00,208.00,16.00,2,19.08,0.79,382.00,36.28,Warning
2026-01-07T21:55:00,server_029,52.00,50.00,218.00,351.00,48.00,2,18.22,0.78,434.00,38.82,Warning
2026-01-07T22:00:00,server_006,56.00,57.00,205.00,161.00,38.00,3,19.05,0.75,461.00,42.86,Warning
2026-01-07T22:05:00,server_048,46.00,50.00,114.00,381.00,45.00,2,19.41,0.83,411.00,38.70,Warning
2026-01-07T22:10:00,server_007,37.00,39.00,158.00,251.00,81.00,1,17.82,0.81,346.00,34.65,Normal
2026-01-07T22:15:00,server_029,42.00,41.00,190.00,235.00,28.00,2,17.91,0.77,399.00,38.09,Warning
2026-01-07T22:20:00,server_048,52.00,49.00,184.00,266.00,22.00,1,17.16,0.73,418.00,39.88,Warning
2026-01-07T22:25:00,server_002,53.00,66.00,88.00,349.00,37.00,2,17.70,0.74,465.00,41.48,Warning
2026-01-07T22:30:00,server_009,31.00,46.00,93.00,242.00,35.00,2,19.23,0.77,335.00,35.46,Warning
2026-01-07T22:35:00,server_050,43.00,33.00,167.00,192.00,42.00,3,18.90,0.78,393.00,37.69,Warning
2026-01-07T22:40:00,server_024,43.00,45.00,68.00,293.00,41.00,2,16.89,0.79,404.00,38.16,Warning
2026-01-07T22:45:00,server_034,41.00,30.00,139.00,162.00,18.00,2,17.92,0.78,358.00,36.33,Warning
2026-01-07T22:50:00,server_046,47.00,47.00,144.00,191.00,43.00,2,18.04,0.72,419.00,38.72,Warning
2026-01-07T22:55:00,server_032,47.00,37.00,168.00,321.00,85.00,2,17.37,0.80,386.00,37.72,Warning
2026-01-07T23:00:00,server_014,47.00,40.00,130.00,260.00,20.00,2,17.92,0.76,399.00,37.89,Warning
2026-01-07T23:05:00,server_031,51.00,50.00,207.00,242.00,30.00,3,16.62,0.78,460.00,41.08,Warning
2026-01-07T23:10:00,server_035,49.00,35.00,140.00,302.00,18.00,2,16.86,0.80,400.00,37.37,Warning
2026-01-07T23:15:00,server_039,41.00,28.00,175.00,280.00,15.00,1,17.70,0.76,338.00,34.62,Normal
2026-01-07T23:20:00,server_023,48.00,54.00,144.00,267.00,44.00,3,17.24,0.81,452.00,39.54,Warning
2026-01-07T23:25:00,server_004,43.00,51.00,189.00,164.00,118.00,1,17.01,0.79,374.00,35.55,Warning
2026-01-07T23:30:00,server_013,45.00,28.00,149.00,167.00,36.00,2,17.33,0.73,398.00,37.48,Warning
2026-01-07T23:35:00,server_029,51.00,42.00,244.00,109.00,66.00,2,17.08,0.74,409.00,37.84,Warning
2026-01-07T23:40:00,server_011,39.00,28.00,96.00,270.00,17.00,3,17.19,0.78,382.00,35.14,Warning
2026-01-07T23:45:00,server_021,40.00,43.00,165.00,257.00,44.00,2,18.41,0.79,379.00,36.54,Warning
2026-01-07T23:50:00,server_036,45.00,55.00,161.00,139.00,88.00,1,18.30,0.82,384.00,37.10,Warning
2026-01-07T23:55:00,server_026,45.00,47.00,120.00,182.00,21.00,2,17.10,0.87,406.00,37.35,Warning
2026-01-08T00:00:00,server_012,41.00,41.00,103.00,235.00,55.00,2,17.55,0.78,376.00,36.39,Warning
2026-01-08T00:05:00,server_032,40.00,42.00,129.00,207.00,87.00,3,16.03,0.75,415.00,37.08,Warning
2026-01-08T00:10:00,server_025,31.00,36.00,144.00,147.00,48.00,1,18.10,0.79,314.00,33.37,Normal
2026-01-08T00:15:00,server_009,34.00,30.00,147.00,138.00,38.00,2,16.53,0.74,328.00,33.09,Normal
2026-01-08T00:20:00,server_018,43.00,40.00,159.00,150.00,24.00,1,15.77,0.82,360.00,34.85,Normal
2026-01-08T00:25:00,server_020,46.00,32.00,99.00,215.00,42.00,2,17.22,0.79,395.00,36.88,Warning
2026-01-08T00:30:00,server_044,51.00,41.00,123.00,247.00,32.00,1,17.27,0.71,401.00,37.94,Warning
2026-01-08T00:35:00,server_030,55.00,41.00,154.00,323.00,23.00,3,17.47,0.76,460.00,39.44,Warning
2026-01-08T00:40:00,server_015,42.00,40.00,79.00,147.00,21.00,1,17.47,0.76,357.00,35.08,Warning
2026-01-08T00:45:00,server_030,46.00,35.00,212.00,365.00,26.00,2,18.23,0.82,405.00,37.08,Warning
2026-01-08T00:50:00,server_043,51.00,52.00,200.00,273.00,39.00,1,18.55,0.78,407.00,38.79,Warning
2026-01-08T00:55:00,server_035,39.00,42.00,80.00,252.00,26.00,2,16.74,0.83,367.00,35.59,Warning
2026-01-08T01:00:00,server_005,32.00,35.00,99.00,148.00,18.00,2,16.03,0.80,323.00,33.76,Normal
2026-01-08T01:05:00,server_033,49.00,43.00,139.00,250.00,187.00,1,15.98,0.78,393.00,37.56,Warning
2026-01-08T01:10:00,server_022,40.00,37.00,169.00,234.00,41.00,2,16.87,0.79,381.00,35.44,Warning
2026-01-08T01:15:00,server_014,31.00,32.00,135.00,63.00,37.00,2,16.77,0.73,313.00,33.71,Normal
2026-01-08T01:20:00,server_034,49.00,40.00,234.00,290.00,23.00,1,17.13,0.81,394.00,38.27,Warning
2026-01-08T01:25:00,server_042,42.00,31.00,116.00,210.00,62.00,1,17.16,0.83,354.00,34.46,Normal
2026-01-08T01:30:00,server_029,47.00,53.00,78.00,265.00,28.00,2,16.49,0.78,402.00,37.22,Warning
2026-01-08T01:35:00,server_044,37.00,46.00,157.00,92.00,65.00,2,17.07,0.77,367.00,35.25,Warning
2026-01-08T01:40:00,server_008,51.00,54.00,244.00,370.00,61.00,2,17.16,0.74,456.00,40.22,Warning
2026-01-08T01:45:00,server_001,44.00,43.00,73.00,272.00,67.00,3,16.09,0.80,399.00,38.17,Warning
2026-01-08T01:50:00,server_013,41.00,39.00,115.00,211.00,54.00,2,17.41,0.77,372.00,36.92,Warning
2026-01-08T01:55:00,server_043,54.00,37.00,154.00,333.00,70.00,2,16.28,0.78,430.00,39.09,Warning
2026-01-08T02:00:00,server_020,46.00,53.00,123.00,166.00,88.00,2,17.82,0.74,418.00,38.87,Warning
2026-01-08T02:05:00,server_045,44.00,34.00,68.00,225.00,17.00,1,18.79,0.84,352.00,34.64,Normal
2026-01-08T02:10:00,server_034,38.00,32.00,117.00,176.00,19.00,2,17.44,0.80,339.00,34.62,Normal
2026-01-08T02:15:00,server_034,40.00,37.00,156.00,196.00,58.00,1,17.79,0.78,348.00,35.25,Warning
2026-01-08T02:20:00,server_047,45.00,35.00,91.00,197.00,18.00,2,17.51,0.77,382.00,36.29,Warning
2026-01-08T02:25:00,server_011,46.00,35.00,75.00,263.00,17.00,3,18.56,0.75,404.00,37.98,Warning
2026-01-08T02:30:00,server_032,38.00,35.00,180.00,120.00,204.00,2,16.69,0.78,357.00,35.17,Warning
2026-01-08T02:35:00,server_041,46.00,41.00,49.00,281.00,34.00,2,17.85,0.78,393.00,37.54,Warning
2026-01-08T02:40:00,server_023,39.00,36.00,171.00,80.00,26.00,1,19.29,0.82,352.00,34.90,Normal
2026-01-08T02:45:00,server_046,31.00,37.00,71.00,183.00,71.00,2,19.25,0.78,343.00,34.97,Normal
2026-01-08T02:50:00,server_035,33.00,29.00,120.00,143.00,21.00,1,16.86,0.75,313.00,32.31,Normal
2026-01-08T02:55:00,server_042,42.00,36.00,144.00,294.00,23.00,1,19.23,0.78,350.00,36.09,Warning
2026-01-08T03:00:00,server_016,45.00,40.00,185.00,307.00,123.00,1,20.04,0.79,385.00,38.03,Warning
2026-01-08T03:05:00,server_008,41.00,38.00,182.00,312.00,96.00,2,18.56,0.74,384.00,37.03,Warning
2026-01-08T03:10:00,server_007,48.00,45.00,129.00,203.00,75.00,3,20.48,0.71,437.00,39.70,Warning
2026-01-08T03:15:00,server_038,38.00,34.00,146.00,123.00,50.00,3,18.83,0.74,376.00,36.87,Warning
2026-01-08T03:20:00,server_010,41.00,43.00,138.00,169.00,29.00,3,18.88,0.76,414.00,37.52,Warning
2026-01-08T03:25:00,server_030,48.00,53.00,73.00,306.00,53.00,1,18.59,0.77,389.00,37.97,Warning
2026-01-08T03:30:00,server_024,38.00,45.00,162.00,196.00,32.00,2,18.89,0.82,363.00,35.19,Warning
2026-01-08T03:35:00,server_016,40.00,38.00,68.00,284.00,78.00,1,18.84,0.79,353.00,35.83,Warning
2026-01-08T03:40:00,server_046,42.00,43.00,148.00,152.00,40.00,2,19.71,0.81,376.00,37.22,Warning
2026-01-08T03:45:00,server_027,48.00,53.00,155.00,172.00,32.00,2,19.23,0.80,427.00,40.02,Warning
2026-01-08T03:50:00,server_023,39.00,34.00,107.00,197.00,24.00,3,19.28,0.77,371.00,37.95,Warning
2026-01-08T03:55:00,server_015,33.00,37.00,95.00,117.00,64.00,2,18.40,0.79,338.00,35.45,Warning
2026-01-08T04:00:00,server_011,52.00,56.00,176.00,328.00,50.00,1,21.10,0.80,441.00,40.12,Warning
2026-01-08T04:05:00,server_017,36.00,36.00,137.00,264.00,62.00,2,20.80,0.80,352.00,35.39,Warning
2026-01-08T04:10:00,server_001,43.00,52.00,60.00,110.00,39.00,3,20.27,0.78,413.00,38.11,Warning
2026-01-08T04:15:00,server_029,50.00,42.00,80.00,211.00,21.00,2,20.43,0.80,412.00,39.53,Warning
2026-01-08T04:20:00,server_025,49.00,35.00,209.00,379.00,18.00,2,20.76,0.75,415.00,38.99,Warning
2026-01-08T04:25:00,server_048,36.00,31.00,158.00,192.00,37.00,2,18.94,0.82,350.00,35.73,Warning
2026-01-08T04:30:00,server_021,40.00,48.00,107.00,211.00,25.00,2,19.32,0.77,378.00,38.57,Warning
2026-01-08T04:35:00,server_007,39.00,36.00,133.00,215.00,38.00,2,20.61,0.73,374.00,37.55,Warning
2026-01-08T04:40:00,server_044,41.00,52.00,171.00,275.00,16.00,1,18.96,0.79,392.00,37.16,Warning
2026-01-08T04:45:00,server_018,45.00,53.00,139.00,215.00,20.00,2,21.01,0.79,415.00,39.93,Warning
2026-01-08T04:50:00,server_001,42.00,44.00,172.00,193.00,41.00,1,19.97,0.82,375.00,35.73,Warning
2026-01-08T04:55:00,server_025,48.00,47.00,108.00,163.00,70.00,2,21.08,0.77,395.00,36.68,Warning
2026-01-08T05:00:00,server_027,47.00,42.00,69.00,146.00,22.00,1,22.04,0.69,367.00,37.02,Warning
2026-01-08T05:05:00,server_040,37.00,38.00,83.00,115.00,34.00,1,21.30,0.73,330.00,35.65,Warning
2026-01-08T05:10:00,server_008,44.00,50.00,91.00,172.00,98.00,2,24.01,0.74,411.00,40.13,Warning
2026-01-08T05:15:00,server_026,36.00,47.00,131.00,262.00,28.00,2,21.84,0.81,373.00,37.36,Warning
2026-01-08T05:20:00,server_037,45.00,46.00,214.00,303.00,68.00,1,22.52,0.84,387.00,39.82,Warning
2026-01-08T05:25:00,server_024,50.00,55.00,83.00,315.00,28.00,2,23.24,0.83,432.00,39.81,Warning
2026-01-08T05:30:00,server_038,48.00,48.00,81.00,156.00,26.00,2,21.18,0.78,396.00,38.52,Warning
2026-01-08T05:35:00,server_003,40.00,47.00,173.00,240.00,68.00,3,22.92,0.78,415.00,39.95,Warning
2026-01-08T05:40:00,server_031,43.00,47.00,89.00,302.00,105.00,2,22.71,0.77,402.00,38.90,Warning
2026-01-08T05:45:00,server_023,48.00,42.00,195.00,118.00,40.00,2,21.24,0.79,400.00,39.87,Warning
2026-01-08T05:50:00,server_032,46.00,44.00,165.00,183.00,35.00,2,23.15,0.78,405.00,38.42,Warning
2026-01-08T05:55:00,server_022,53.00,53.00,202.00,285.00,19.00,1,21.67,0.78,428.00,40.76,Warning
2026-01-08T06:00:00,server_001,51.00,57.00,163.00,308.00,35.00,2,23.68,0.81,448.00,41.09,Warning
2026-01-08T06:05:00,server_048,51.00,58.00,163.00,181.00,106.00,2,24.52,0.75,429.00,41.91,Warning
2026-01-08T06:10:00,server_017,53.00,46.00,214.00,366.00,79.00,2,24.06,0.84,435.00,41.28,Warning
2026-01-08T06:15:00,server_026,42.00,41.00,169.00,121.00,30.00,1,23.87,0.75,357.00,37.67,Warning
2026-01-08T06:20:00,server_005,43.00,41.00,77.00,237.00,65.00,2,22.97,0.77,389.00,37.41,Warning
2026-01-08T06:25:00,server_050,47.00,45.00,124.00,347.00,33.00,3,24.23,0.73,428.00,41.27,Warning
2026-01-08T06:30:00,server_036,56.00,38.00,189.00,149.00,54.00,1,24.23,0.80,398.00,39.94,Warning
2026-01-08T06:35:00,server_026,56.00,55.00,94.00,252.00,33.00,3,23.91,0.78,479.00,43.77,Warning
2026-01-08T06:40:00,server_023,52.00,43.00,119.00,348.00,41.00,2,24.57,0.74,429.00,40.80,Warning
2026-01-08T06:45:00,server_008,37.00,35.00,176.00,214.00,103.00,1,25.42,0.77,339.00,35.81,Warning
2026-01-08T06:50:00,server_030,36.00,40.00,75.00,113.00,38.00,2,23.94,0.80,346.00,37.44,Warning
2026-01-08T06:55:00,server_034,45.00,50.00,153.00,171.00,23.00,2,23.37,0.76,400.00,38.99,Warning
2026-01-08T07:00:00,server_028,56.00,55.00,160.00,313.00,24.00,2,26.71,0.79,450.00,42.13,Warning
2026-01-08T07:05:00,server_025,46.00,47.00,199.00,261.00,63.00,3,24.74,0.81,421.00,39.84,Warning
2026-01-08T07:10:00,server_035,62.00,56.00,246.00,233.00,23.00,2,25.04,0.76,474.00,44.26,Warning
2026-01-08T07:15:00,server_007,50.00,44.00,143.00,195.00,38.00,1,26.47,0.76,419.00,41.79,Warning
2026-01-08T07:20:00,server_014,48.00,40.00,148.00,229.00,130.00,2,25.73,0.79,415.00,41.21,Warning
2026-01-08T07:25:00,server_042,58.00,50.00,123.00,273.00,77.00,2,25.92,0.79,462.00,43.25,Warning
2026-01-08T07:30:00,server_034,55.00,67.00,121.00,222.00,47.00,2,26.21,0.78,459.00,44.33,Warning
2026-01-08T07:35:00,server_042,64.00,51.00,172.00,258.00,68.00,1,26.53,0.74,467.00,44.27,Warning
2026-01-08T07:40:00,server_033,43.00,46.00,75.00,193.00,29.00,3,25.65,0.77,404.00,40.55,Warning
2026-01-08T07:45:00,server_006,64.00,55.00,161.00,475.00,92.00,1,25.44,0.82,479.00,44.01,Warning
2026-01-08T07:50:00,server_008,51.00,47.00,202.00,171.00,127.00,1,25.66,0.74,416.00,41.65,Warning
2026-01-08T07:55:00,server_003,55.00,47.00,87.00,423.00,39.00,3,25.24,0.73,456.00,43.19,Warning
2026-01-08T08:00:00,server_021,56.00,63.00,126.00,208.00,23.00,2,27.52,0.77,468.00,42.93,Warning
2026-01-08T08:05:00,server_042,56.00,55.00,145.00,239.00,93.00,1,27.83,0.77,431.00,42.52,Warning
2026-01-08T08:10:00,server_037,56.00,60.00,198.00,207.00,47.00,2,26.97,0.83,464.00,42.62,Warning
2026-01-08T08:15:00,server_015,48.00,40.00,186.00,290.00,68.00,2,27.09,0.74,404.00,41.12,Warning
2026-01-08T08:20:00,server_008,61.00,46.00,167.00,276.00,67.00,2,28.26,0.81,451.00,43.05,Warning
2026-01-08T08:25:00,server_022,51.00,46.00,215.00,306.00,18.00,1,27.36,0.81,413.00,40.08,Warning
2026-01-08T08:30:00,server_033,47.00,41.00,171.00,183.00,67.00,3,26.53,0.72,425.00,41.74,Warning
2026-01-08T08:35:00,server_011,50.00,53.00,105.00,162.00,71.00,3,26.46,0.77,440.00,40.66,Warning
2026-01-08T08:40:00,server_025,64.00,63.00,287.00,305.00,36.00,2,28.55,0.79,502.00,45.52,Critical
2026-01-08T08:45:00,server_017,51.00,43.00,130.00,228.00,21.00,2,27.84,0.76,411.00,40.31,Warning
2026-01-08T08:50:00,server_006,51.00,46.00,187.00,284.00,27.00,3,27.25,0.76,458.00,42.79,Warning
2026-01-08T08:55:00,server_016,47.00,43.00,173.00,271.00,28.00,1,27.52,0.78,378.00,39.19,Warning
2026-01-08T09:00:00,server_040,68.00,75.00,113.00,227.00,80.00,2,27.76,0.79,516.00,45.32,Critical
2026-01-08T09:05:00,server_030,65.00,62.00,183.00,208.00,30.00,3,29.33,0.73,516.00,46.61,Critical
2026-01-08T09:10:00,server_037,69.00,70.00,282.00,501.00,28.00,2,28.91,0.78,531.00,48.12,Critical
2026-01-08T09:15:00,server_018,50.00,36.00,224.00,254.00,35.00,2,28.60,0.79,406.00,41.26,Warning
2026-01-08T09:20:00,server_001,55.00,57.00,218.00,166.00,26.00,3,28.65,0.73,474.00,44.53,Warning
2026-01-08T09:25:00,server_001,53.00,58.00,149.00,177.00,54.00,2,29.46,0.78,446.00,42.84,Warning
2026-01-08T09:30:00,server_035,56.00,61.00,198.00,294.00,128.00,2,30.69,0.79,464.00,44.03,Warning
2026-01-08T09:35:00,server_014,60.00,63.00,195.00,276.00,40.00,2,28.98,0.83,490.00,45.29,Critical
2026-01-08T09:40:00,server_027,61.00,63.00,173.00,235.00,65.00,2,28.53,0.79,490.00,45.47,Critical
2026-01-08T09:45:00,server_046,52.00,46.00,94.00,416.00,24.00,2,28.47,0.83,425.00,41.44,Warning
2026-01-08T09:50:00,server_029,47.00,42.00,145.00,298.00,31.00,2,29.88,0.75,410.00,42.35,Warning
2026-01-08T09:55:00,server_043,76.00,56.00,184.00,380.00,34.00,2,29.23,0.72,545.00,48.58,Critical
2026-01-08T10:00:00,server_024,71.00,51.00,301.00,253.00,93.00,2,30.22,0.73,511.00,46.07,Critical
2026-01-08T10:05:00,server_024,60.00,58.00,217.00,253.00,56.00,2,30.43,0.83,482.00,43.96,Warning
2026-01-08T10:10:00,server_011,70.00,46.00,166.00,395.00,25.00,2,31.14,0.80,522.00,47.19,Critical
2026-01-08T10:15:00,server_015,64.00,66.00,147.00,268.00,34.00,3,29.28,0.74,520.00,47.02,Critical
2026-01-08T10:20:00,server_008,66.00,66.00,212.00,492.00,60.00,2,30.01,0.70,512.00,47.32,Critical
2026-01-08T10:25:00,server_017,60.00,60.00,217.00,251.00,66.00,1,29.32,0.81,476.00,45.23,Critical
2026-01-08T10:30:00,server_044,64.00,58.00,265.00,454.00,26.00,2,29.68,0.77,506.00,45.62,Critical
2026-01-08T10:35:00,server_007,64.00,72.00,163.00,372.00,71.00,2,30.41,0.81,511.00,46.80,Critical
2026-01-08T10:40:00,server_023,61.00,60.00,130.00,265.00,59.00,2,28.82,0.77,462.00,45.05,Critical
2026-01-08T10:45:00,server_041,60.00,71.00,203.00,281.00,43.00,2,30.96,0.76,491.00,45.73,Critical
2026-01-08T10:50:00,server_046,61.00,57.00,156.00,374.00,31.00,2,28.58,0.80,495.00,45.45,Critical
2026-01-08T10:55:00,server_048,64.00,51.00,129.00,181.00,38.00,1,30.83,0.82,457.00,44.77,Warning
2026-01-08T11:00:00,server_018,64.00,72.00,250.00,401.00,29.00,3,29.58,0.77,555.00,47.47,Critical
2026-01-08T11:05:00,server_031,61.00,51.00,219.00,403.00,22.00,1,31.43,0.78,468.00,45.08,Critical
2026-01-08T11:10:00,server_001,61.00,45.00,175.00,391.00,33.00,2,29.73,0.79,471.00,45.07,Critical
2026-01-08T11:15:00,server_043,67.00,68.00,296.00,360.00,135.00,3,30.23,0.76,536.00,49.22,Critical
2026-01-08T11:20:00,server_013,69.00,63.00,167.00,324.00,43.00,2,31.39,0.77,527.00,48.00,Critical
2026-01-08T11:25:00,server_006,69.00,66.00,248.00,237.00,27.00,2,31.43,0.74,524.00,47.24,Critical
2026-01-08T11:30:00,server_030,68.00,65.00,197.00,206.00,33.00,2,30.69,0.78,524.00,46.49,Critical
2026-01-08T11:35:00,server_023,62.00,67.00,261.00,404.00,104.00,2,31.53,0.80,498.00,46.43,Critical
2026-01-08T11:40:00,server_007,69.00,52.00,226.00,403.00,34.00,2,30.55,0.75,499.00,46.73,Critical
2026-01-08T11:45:00,server_026,57.00,46.00,198.00,419.00,32.00,3,31.49,0.80,477.00,45.33,Critical
2026-01-08T11:50:00,server_036,78.00,73.00,111.00,332.00,78.00,2,31.73,0.76,564.00,50.03,Critical
2026-01-08T11:55:00,server_042,70.00,54.00,140.00,244.00,77.00,3,31.79,0.80,528.00,48.32,Critical
2026-01-08T12:00:00,server_003,69.00,65.00,102.00,470.00,83.00,2,29.71,0.76,524.00,46.98,Critical
2026-01-08T12:05:00,server_021,60.00,63.00,106.00,193.00,45.00,3,31.64,0.77,498.00,46.49,Critical
2026-01-08T12:10:00,server_047,65.00,52.00,263.00,146.00,57.00,1,31.70,0.80,474.00,45.45,Critical
2026-01-08T12:15:00,server_014,64.00,64.00,179.00,459.00,86.00,1,30.85,0.79,501.00,46.80,Critical
2026-01-08T12:20:00,server_015,76.00,65.00,121.00,276.00,71.00,1,31.64,0.78,521.00,47.70,Critical
2026-01-08T12:25:00,server_032,68.00,64.00,184.00,363.00,36.00,2,32.30,0.78,520.00,47.15,Critical
2026-01-08T12:30:00,server_014,68.00,50.00,207.00,224.00,26.00,3,29.80,0.85,510.00,46.60,Critical
2026-01-08T12:35:00,server_048,69.00,69.00,161.00,435.00,68.00,2,31.25,0.81,510.00,47.21,Critical
2026-01-08T12:40:00,server_032,72.00,65.00,276.00,303.00,34.00,3,29.62,0.77,561.00,49.86,Critical
2026-01-08T12:45:00,server_030,64.00,57.00,155.00,153.00,29.00,2,31.74,0.78,488.00,45.49,Critical
2026-01-08T12:50:00,server_012,80.00,74.00,201.00,323.00,72.00,1,31.09,0.75,569.00,50.74,Critical
2026-01-08T12:55:00,server_032,74.00,55.00,271.00,450.00,44.00,2,32.04,0.77,537.00,48.10,Critical
2026-01-08T13:00:00,server_006,62.00,50.00,142.00,305.00,75.00,3,29.88,0.72,491.00,46.02,Critical
2026-01-08T13:05:00,server_012,64.00,47.00,178.00,275.00,26.00,2,31.22,0.81,475.00,44.11,Warning
2026-01-08T13:10:00,server_044,77.00,64.00,180.00,536.00,95.00,3,30.16,0.82,586.00,49.87,Critical
2026-01-08T13:15:00,server_036,67.00,67.00,128.00,333.00,85.00,1,31.47,0.77,507.00,47.57,Critical
2026-01-08T13:20:00,server_044,77.00,66.00,262.00,307.00,43.00,3,30.83,0.76,590.00,49.87,Critical
2026-01-08T13:25:00,server_039,69.00,58.00,118.00,295.00,35.00,2,32.01,0.77,524.00,48.62,Critical
2026-01-08T13:30:00,server_050,76.00,71.00,196.00,542.00,42.00,2,31.51,0.77,560.00,50.24,Critical
2026-01-08T13:35:00,server_040,61.00,44.00,165.00,167.00,29.00,3,30.38,0.76,468.00,44.56,Warning
2026-01-08T13:40:00,server_016,73.00,53.00,295.00,287.00,58.00,3,30.37,0.81,531.00,48.02,Critical
2026-01-08T13:45:00,server_017,77.00,55.00,269.00,338.00,39.00,3,31.37,0.82,567.00,49.31,Critical
2026-01-08T13:50:00,server_028,68.00,64.00,171.00,199.00,32.00,2,31.35,0.77,529.00,47.18,Critical
2026-01-08T13:55:00,server_011,70.00,52.00,225.00,237.00,35.00,2,31.87,0.75,510.00,47.22,Critical
2026-01-08T14:00:00,server_040,60.00,64.00,226.00,380.00,52.00,2,29.94,0.78,482.00,45.15,Critical
2026-01-08T14:05:00,server_012,63.00,67.00,208.00,384.00,28.00,3,30.99,0.75,523.00,49.27,Critical
2026-01-08T14:10:00,server_002,75.00,62.00,268.00,434.00,43.00,3,27.96,0.76,574.00,49.36,Critical
2026-01-08T14:15:00,server_031,74.00,53.00,220.00,544.00,44.00,2,29.79,0.82,532.00,47.15,Critical
2026-01-08T14:20:00,server_002,62.00,66.00,225.00,184.00,38.00,2,30.68,0.82,498.00,45.60,Critical
2026-01-08T14:25:00,server_013,68.00,59.00,234.00,338.00,25.00,1,29.77,0.79,510.00,46.74,Critical
2026-01-08T14:30:00,server_012,71.00,70.00,191.00,364.00,57.00,2,29.63,0.76,537.00,47.96,Critical
2026-01-08T14:35:00,server_032,57.00,60.00,209.00,454.00,82.00,1,28.95,0.79,453.00,43.91,Warning
2026-01-08T14:40:00,server_047,73.00,67.00,317.00,175.00,100.00,2,29.36,0.76,551.00,47.96,Critical
2026-01-08T14:45:00,server_034,71.00,55.00,177.00,397.00,149.00,2,28.92,0.79,521.00,46.15,Critical
2026-01-08T14:50:00,server_046,76.00,74.00,278.00,364.00,33.00,3,29.72,0.81,586.00,49.29,Critical
2026-01-08T14:55:00,server_020,65.00,61.00,103.00,320.00,86.00,3,30.12,0.72,517.00,46.09,Critical
2026-01-08T15:00:00,server_031,68.00,57.00,122.00,476.00,29.00,1,29.58,0.78,480.00,44.62,Warning
2026-01-08T15:05:00,server_027,66.00,51.00,144.00,412.00,73.00,2,30.09,0.72,501.00,47.39,Critical
2026-01-08T15:10:00,server_035,71.00,77.00,123.00,450.00,34.00,3,29.86,0.82,555.00,47.95,Critical
2026-01-08T15:15:00,server_030,64.00,62.00,271.00,395.00,70.00,2,28.13,0.80,502.00,44.84,Warning
2026-01-08T15:20:00,server_031,68.00,59.00,184.00,429.00,33.00,1,29.35,0.76,497.00,45.80,Critical
2026-01-08T15:25:00,server_008,57.00,49.00,266.00,393.00,52.00,2,29.26,0.83,465.00,44.62,Warning
2026-01-08T15:30:00,server_022,62.00,58.00,159.00,317.00,71.00,1,28.06,0.75,471.00,43.13,Warning
2026-01-08T15:35:00,server_024,55.00,56.00,234.00,247.00,58.00,2,29.34,0.78,463.00,44.52,Warning
2026-01-08T15:40:00,server_034,71.00,64.00,263.00,366.00,27.00,2,29.44,0.80,551.00,48.59,Critical
2026-01-08T15:45:00,server_037,79.00,87.00,105.00,153.00,72.00,2,28.97,0.76,586.00,49.47,Critical
2026-01-08T15:50:00,server_009,69.00,71.00,216.00,344.00,35.00,3,29.09,0.84,561.00,49.53,Critical
2026-01-08T15:55:00,server_034,67.00,50.00,122.00,258.00,155.00,1,30.00,0.86,485.00,44.90,Warning
2026-01-08T16:00:00,server_020,66.00,46.00,225.00,474.00,51.00,1,27.67,0.78,474.00,44.28,Warning
2026-01-08T16:05:00,server_006,67.00,70.00,251.00,200.00,83.00,2,26.96,0.82,529.00,46.81,Critical
2026-01-08T16:10:00,server_016,70.00,73.00,250.00,217.00,158.00,3,28.49,0.79,557.00,48.88,Critical
2026-01-08T16:15:00,server_030,66.00,56.00,273.00,484.00,24.00,2,28.15,0.76,507.00,47.33,Critical
2026-01-08T16:20:00,server_032,74.00,74.00,181.00,406.00,62.00,2,28.06,0.83,556.00,47.56,Critical
2026-01-08T16:25:00,server_036,71.00,73.00,255.00,368.00,72.00,3,29.07,0.84,575.00,48.42,Critical
2026-01-08T16:30:00,server_047,71.00,63.00,113.00,261.00,150.00,2,27.17,0.75,529.00,47.17,Critical
2026-01-08T16:35:00,server_010,69.00,76.00,314.00,351.00,110.00,1,28.21,0.81,527.00,46.93,Critical
2026-01-08T16:40:00,server_001,60.00,55.00,267.00,156.00,114.00,1,27.51,0.79,456.00,44.25,Warning
2026-01-08T16:45:00,server_018,76.00,73.00,314.00,236.00,32.00,1,28.55,0.78,553.00,48.84,Critical
2026-01-08T16:50:00,server_025,67.00,62.00,192.00,405.00,36.00,3,27.12,0.80,530.00,46.30,Critical
2026-01-08T16:55:00,server_032,63.00,65.00,113.00,247.00,23.00,2,27.56,0.79,499.00,44.48,Warning
2026-01-08T17:00:00,server_028,67.00,49.00,228.00,164.00,45.00,2,26.24,0.85,495.00,43.29,Warning
2026-01-08T17:05:00,server_008,70.00,53.00,154.00,336.00,34.00,2,24.92,0.73,525.00,46.75,Critical
2026-01-08T17:10:00,server_038,69.00,55.00,136.00,163.00,77.00,1,26.11,0.76,479.00,45.30,Critical
2026-01-08T17:15:00,server_034,70.00,63.00,172.00,332.00,85.00,2,25.70,0.75,515.00,45.75,Critical
2026-01-08T17:20:00,server_035,61.00,45.00,119.00,402.00,46.00,2,25.73,0.80,472.00,43.93,Warning
2026-01-08T17:25:00,server_020,57.00,55.00,107.00,159.00,36.00,1,27.34,0.79,439.00,41.76,Warning
2026-01-08T17:30:00,server_035,57.00,54.00,125.00,175.00,99.00,2,26.05,0.84,447.00,42.00,Warning
2026-01-08T17:35:00,server_040,75.00,77.00,279.00,543.00,36.00,1,26.64,0.76,561.00,48.90,Critical
2026-01-08T17:40:00,server_005,69.00,73.00,205.00,446.00,68.00,2,25.13,0.77,534.00,46.03,Critical
2026-01-08T17:45:00,server_038,70.00,65.00,157.00,281.00,43.00,2,25.01,0.86,532.00,46.44,Critical
2026-01-08T17:50:00,server_007,61.00,68.00,138.00,417.00,57.00,1,25.38,0.78,481.00,43.76,Warning
2026-01-08T17:55:00,server_007,57.00,44.00,142.00,302.00,61.00,2,26.20,0.84,448.00,41.09,Warning
2026-01-08T18:00:00,server_045,71.00,60.00,226.00,427.00,44.00,2,23.51,0.82,512.00,44.11,Warning
2026-01-08T18:05:00,server_007,61.00,51.00,117.00,148.00,31.00,2,23.66,0.79,475.00,42.93,Warning
2026-01-08T18:10:00,server_039,63.00,59.00,195.00,190.00,23.00,2,22.91,0.74,496.00,43.81,Warning
2026-01-08T18:15:00,server_039,50.00,35.00,196.00,315.00,27.00,2,23.08,0.80,423.00,40.75,Warning
2026-01-08T18:20:00,server_034,63.00,50.00,238.00,340.00,105.00,3,23.80,0.77,507.00,43.52,Warning
2026-01-08T18:25:00,server_040,47.00,36.00,179.00,323.00,18.00,2,24.01,0.76,396.00,39.91,Warning
2026-01-08T18:30:00,server_007,65.00,69.00,224.00,493.00,23.00,2,25.17,0.77,518.00,46.58,Critical
2026-01-08T18:35:00,server_036,72.00,65.00,230.00,525.00,34.00,2,24.32,0.78,544.00,47.20,Critical
2026-01-08T18:40:00,server_042,66.00,58.00,135.00,287.00,89.00,2,24.71,0.74,479.00,42.46,Warning
2026-01-08T18:45:00,server_043,60.00,63.00,97.00,245.00,31.00,1,25.35,0.80,464.00,42.63,Warning
2026-01-08T18:50:00,server_038,71.00,66.00,149.00,302.00,65.00,1,22.33,0.74,521.00,44.81,Warning
2026-01-08T18:55:00,server_040,48.00,45.00,216.00,276.00,166.00,2,24.46,0.81,405.00,38.70,Warning
2026-01-08T19:00:00,server_043,62.00,46.00,272.00,191.00,24.00,3,22.65,0.79,485.00,41.96,Warning
2026-01-08T19:05:00,server_033,58.00,60.00,159.00,371.00,61.00,3,22.82,0.79,487.00,43.62,Warning
2026-01-08T19:10:00,server_050,53.00,58.00,196.00,222.00,105.00,2,22.63,0.75,435.00,41.00,Warning
2026-01-08T19:15:00,server_012,70.00,59.00,155.00,417.00,86.00,2,22.14,0.85,518.00,45.39,Critical
2026-01-08T19:20:00,server_026,60.00,64.00,105.00,402.00,154.00,2,21.48,0.75,491.00,43.33,Warning
2026-01-08T19:25:00,server_022,65.00,57.00,244.00,391.00,57.00,2,21.35,0.77,508.00,43.10,Warning
2026-01-08T19:30:00,server_016,62.00,49.00,146.00,197.00,37.00,2,21.27,0.80,474.00,40.54,Warning
2026-01-08T19:35:00,server_013,57.00,49.00,112.00,314.00,45.00,1,21.60,0.76,422.00,40.21,Warning
2026-01-08T19:40:00,server_032,70.00,65.00,329.00,225.00,97.00,1,22.57,0.78,510.00,44.27,Warning
2026-01-08T19:45:00,server_017,69.00,48.00,262.00,412.00,72.00,1,23.71,0.79,497.00,43.30,Warning
2026-01-08T19:50:00,server_043,53.00,48.00,122.00,146.00,64.00,2,20.78,0.79,432.00,39.65,Warning
2026-01-08T19:55:00,server_044,61.00,63.00,174.00,172.00,39.00,2,21.39,0.81,483.00,42.46,Warning
2026-01-08T20:00:00,server_011,48.00,40.00,169.00,227.00,83.00,3,19.99,0.78,442.00,39.44,Warning
2026-01-08T20:05:00,server_038,47.00,42.00,176.00,262.00,28.00,2,21.10,0.77,411.00,39.59,Warning
2026-01-08T20:10:00,server_005,71.00,62.00,320.00,481.00,100.00,2,19.07,0.82,536.00,45.12,Critical
2026-01-08T20:15:00,server_007,65.00,71.00,243.00,238.00,69.00,2,20.82,0.74,506.00,44.51,Warning
2026-01-08T20:20:00,server_032,57.00,46.00,258.00,219.00,39.00,1,20.72,0.79,429.00,39.58,Warning
2026-01-08T20:25:00,server_007,46.00,57.00,150.00,210.00,64.00,2,20.51,0.74,426.00,39.75,Warning
2026-01-08T20:30:00,server_020,56.00,54.00,208.00,344.00,28.00,2,21.63,0.84,464.00,41.34,Warning
2026-01-08T20:35:00,server_017,58.00,51.00,122.00,436.00,53.00,2,21.88,0.75,461.00,41.81,Warning
2026-01-08T20:40:00,server_022,57.00,50.00,184.00,380.00,26.00,2,20.74,0.76,455.00,41.67,Warning
2026-01-08T20:45:00,server_010,54.00,46.00,87.00,262.00,48.00,2,21.56,0.77,426.00,40.49,Warning
2026-01-08T20:50:00,server_044,63.00,75.00,245.00,405.00,46.00,2,20.11,0.73,533.00,44.90,Warning
2026-01-08T20:55:00,server_018,57.00,39.00,159.00,295.00,62.00,3,19.71,0.82,459.00,39.17,Warning
2026-01-08T21:00:00,server_013,54.00,57.00,92.00,259.00,29.00,1,19.30,0.82,428.00,39.22,Warning
2026-01-08T21:05:00,server_007,59.00,48.00,247.00,178.00,33.00,1,18.56,0.81,435.00,38.33,Warning
2026-01-08T21:10:00,server_043,41.00,30.00,123.00,235.00,84.00,2,20.26,0.76,360.00,37.82,Warning
2026-01-08T21:15:00,server_029,47.00,36.00,128.00,295.00,30.00,3,19.63,0.79,409.00,38.97,Warning
2026-01-08T21:20:00,server_045,52.00,54.00,223.00,383.00,27.00,3,19.50,0.85,463.00,41.11,Warning
2026-01-08T21:25:00,server_017,46.00,32.00,117.00,178.00,17.00,1,18.73,0.81,367.00,35.95,Warning
2026-01-08T21:30:00,server_029,59.00,69.00,137.00,470.00,81.00,1,19.38,0.78,474.00,42.57,Warning
2026-01-08T21:35:00,server_048,62.00,44.00,196.00,142.00,38.00,2,19.49,0.75,471.00,40.75,Warning
2026-01-08T21:40:00,server_015,48.00,52.00,118.00,281.00,59.00,3,18.69,0.80,448.00,39.20,Warning
2026-01-08T21:45:00,server_026,57.00,64.00,180.00,409.00,46.00,2,19.58,0.85,474.00,41.29,Warning
2026-01-08T21:50:00,server_043,46.00,42.00,112.00,209.00,23.00,3,19.43,0.75,417.00,38.67,Warning
2026-01-08T21:55:00,server_044,49.00,58.00,206.00,359.00,61.00,3,19.12,0.75,448.00,40.48,Warning
2026-01-08T22:00:00,server_012,51.00,51.00,159.00,311.00,29.00,1,18.50,0.79,417.00,39.67,Warning
2026-01-08T22:05:00,server_049,50.00,45.00,130.00,335.00,48.00,3,19.22,0.83,455.00,41.34,Warning
2026-01-08T22:10:00,server_020,52.00,57.00,190.00,145.00,58.00,2,17.90,0.82,430.00,40.31,Warning
2026-01-08T22:15:00,server_011,46.00,50.00,126.00,220.00,19.00,2,18.28,0.78,417.00,38.99,Warning
2026-01-08T22:20:00,server_038,38.00,41.00,118.00,234.00,28.00,2,17.70,0.81,368.00,36.64,Warning
2026-01-08T22:25:00,server_049,37.00,35.00,123.00,230.00,52.00,2,17.75,0.76,337.00,35.45,Warning
2026-01-08T22:30:00,server_033,46.00,58.00,170.00,231.00,89.00,1,18.31,0.82,407.00,38.68,Warning
2026-01-08T22:35:00,server_014,47.00,39.00,148.00,161.00,91.00,2,17.85,0.83,403.00,37.79,Warning
2026-01-08T22:40:00,server_043,50.00,51.00,177.00,123.00,26.00,1,17.42,0.84,413.00,37.56,Warning
2026-01-08T22:45:00,server_027,52.00,43.00,94.00,361.00,81.00,1,17.73,0.80,411.00,38.80,Warning
2026-01-08T22:50:00,server_016,40.00,46.00,129.00,239.00,28.00,2,16.14,0.76,381.00,35.04,Warning
2026-01-08T22:55:00,server_035,47.00,38.00,168.00,286.00,31.00,2,18.22,0.76,402.00,38.01,Warning
2026-01-08T23:00:00,server_026,45.00,38.00,177.00,337.00,23.00,1,18.52,0.78,384.00,36.85,Warning
2026-01-08T23:05:00,server_036,53.00,55.00,174.00,248.00,28.00,2,16.59,0.77,448.00,40.58,Warning
2026-01-08T23:10:00,server_025,53.00,45.00,225.00,271.00,32.00,2,17.58,0.74,440.00,39.69,Warning
2026-01-08T23:15:00,server_015,40.00,38.00,124.00,137.00,91.00,1,17.46,0.76,346.00,35.70,Warning
2026-01-08T23:20:00,server_016,48.00,46.00,82.00,179.00,57.00,2,17.45,0.70,411.00,38.87,Warning
2026-01-08T23:25:00,server_021,38.00,53.00,154.00,196.00,17.00,1,18.00,0.71,361.00,35.96,Warning
2026-01-08T23:30:00,server_048,38.00,38.00,68.00,140.00,113.00,3,17.95,0.73,374.00,36.78,Warning
2026-01-08T23:35:00,server_007,49.00,41.00,166.00,180.00,37.00,2,17.46,0.76,420.00,37.62,Warning
2026-01-08T23:40:00,server_032,51.00,51.00,173.00,285.00,25.00,3,16.31,0.78,457.00,40.24,Warning
2026-01-08T23:45:00,server_040,52.00,53.00,123.00,179.00,27.00,2,16.27,0.79,444.00,38.73,Warning
2026-01-08T23:50:00,server_016,45.00,43.00,101.00,168.00,22.00,2,18.22,0.74,386.00,37.57,Warning
2026-01-08T23:55:00,server_012,48.00,52.00,160.00,319.00,72.00,1,17.53,0.75,396.00,37.98,Warning
2026-01-09T00:00:00,server_012,57.00,58.00,264.00,199.00,27.00,3,16.70,0.77,472.00,40.18,Warning
2026-01-09T00:05:00,server_014,37.00,37.00,114.00,263.00,22.00,1,16.65,0.79,347.00,33.66,Normal
2026-01-09T00:10:00,server_050,47.00,44.00,120.00,201.00,81.00,3,18.17,0.81,438.00,39.51,Warning
2026-01-09T00:15:00,server_014,32.00,28.00,124.00,123.00,34.00,2,16.56,0.76,326.00,33.80,Normal
2026-01-09T00:20:00,server_012,39.00,37.00,61.00,220.00,69.00,3,17.46,0.74,372.00,36.21,Warning
2026-01-09T00:25:00,server_020,42.00,43.00,176.00,269.00,27.00,2,17.25,0.77,391.00,37.43,Warning
2026-01-09T00:30:00,server_029,45.00,43.00,93.00,137.00,30.00,1,16.95,0.73,379.00,36.30,Warning
2026-01-09T00:35:00,server_042,43.00,37.00,142.00,309.00,170.00,2,17.80,0.80,388.00,35.58,Warning
2026-01-09T00:40:00,server_044,52.00,45.00,147.00,333.00,32.00,1,17.48,0.77,433.00,39.64,Warning
2026-01-09T00:45:00,server_011,42.00,43.00,153.00,291.00,15.00,3,17.73,0.80,389.00,36.65,Warning
2026-01-09T00:50:00,server_006,45.00,36.00,134.00,229.00,23.00,2,16.42,0.76,388.00,36.39,Warning
2026-01-09T00:55:00,server_022,37.00,33.00,139.00,226.00,51.00,1,18.03,0.78,339.00,34.71,Normal
2026-01-09T01:00:00,server_050,33.00,33.00,112.00,225.00,48.00,3,17.89,0.77,343.00,34.36,Normal
2026-01-09T01:05:00,server_047,33.00,35.00,99.00,187.00,25.00,3,17.08,0.73,361.00,36.87,Warning
2026-01-09T01:10:00,server_028,42.00,41.00,174.00,288.00,31.00,2,18.24,0.84,384.00,36.21,Warning
2026-01-09T01:15:00,server_048,52.00,38.00,92.00,316.00,111.00,2,16.28,0.73,419.00,38.65,Warning
2026-01-09T01:20:00,server_001,42.00,47.00,179.00,245.00,28.00,2,17.06,0.75,383.00,36.85,Warning
2026-01-09T01:25:00,server_015,38.00,43.00,70.00,178.00,76.00,2,16.79,0.71,352.00,36.01,Warning
2026-01-09T01:30:00,server_019,24.00,28.00,125.00,199.00,25.00,2,16.37,0.80,295.00,31.88,Normal
2026-01-09T01:35:00,server_009,34.00,35.00,81.00,141.00,52.00,1,17.32,0.76,307.00,33.62,Normal
2026-01-09T01:40:00,server_018,42.00,42.00,168.00,143.00,20.00,2,16.26,0.81,376.00,34.81,Normal
2026-01-09T01:45:00,server_014,43.00,40.00,168.00,80.00,61.00,2,15.59,0.81,388.00,35.70,Warning
2026-01-09T01:50:00,server_044,45.00,38.00,138.00,122.00,51.00,1,17.31,0.77,364.00,34.99,Normal
2026-01-09T01:55:00,server_050,45.00,41.00,196.00,224.00,25.00,2,18.26,0.75,403.00,36.97,Warning
2026-01-09T02:00:00,server_034,41.00,46.00,178.00,177.00,21.00,1,18.17,0.76,369.00,36.85,Warning
2026-01-09T02:05:00,server_021,40.00,36.00,110.00,166.00,28.00,1,17.72,0.80,356.00,36.53,Warning
2026-01-09T02:10:00,server_018,35.00,30.00,110.00,108.00,92.00,1,17.50,0.79,304.00,32.18,Normal
2026-01-09T02:15:00,server_007,47.00,40.00,164.00,157.00,56.00,2,18.42,0.75,405.00,39.33,Warning
2026-01-09T02:20:00,server_028,40.00,41.00,67.00,190.00,17.00,3,17.81,0.78,383.00,37.47,Warning
2026-01-09T02:25:00,server_010,34.00,31.00,164.00,159.00,57.00,2,18.64,0.77,342.00,35.01,Warning
2026-01-09T02:30:00,server_047,40.00,45.00,60.00,111.00,17.00,3,17.03,0.81,402.00,36.21,Warning
2026-01-09T02:35:00,server_042,34.00,27.00,76.00,237.00,16.00,1,17.36,0.76,321.00,33.76,Normal
2026-01-09T02:40:00,server_042,37.00,29.00,124.00,198.00,66.00,2,17.54,0.79,351.00,35.52,Warning
2026-01-09T02:45:00,server_039,31.00,23.00,90.00,97.00,52.00,2,18.75,0.78,317.00,32.99,Normal
2026-01-09T02:50:00,server_034,36.00,37.00,82.00,238.00,131.00,2,18.55,0.75,354.00,35.04,Warning
2026-01-09T02:55:00,server_020,43.00,33.00,170.00,294.00,56.00,2,18.40,0.82,371.00,36.00,Warning
2026-01-09T03:00:00,server_030,29.00,33.00,139.00,148.00,22.00,1,18.15,0.75,310.00,33.01,Normal
2026-01-09T03:05:00,server_044,35.00,33.00,102.00,271.00,42.00,2,19.89,0.76,352.00,36.30,Warning
2026-01-09T03:10:00,server_029,44.00,32.00,121.00,272.00,47.00,3,18.53,0.78,391.00,38.75,Warning
2026-01-09T03:15:00,server_041,42.00,41.00,72.00,236.00,69.00,2,18.27,0.83,378.00,36.63,Warning
2026-01-09T03:20:00,server_042,43.00,52.00,185.00,186.00,34.00,2,19.60,0.71,406.00,39.58,Warning
2026-01-09T03:25:00,server_028,31.00,34.00,93.00,116.00,115.00,3,19.18,0.81,365.00,35.06,Warning
2026-01-09T03:30:00,server_049,38.00,47.00,106.00,151.00,73.00,2,19.63,0.73,376.00,36.55,Warning
2026-01-09T03:35:00,server_029,35.00,35.00,78.00,285.00,52.00,2,19.39,0.77,354.00,35.49,Warning
2026-01-09T03:40:00,server_029,41.00,33.00,189.00,278.00,33.00,3,19.82,0.76,375.00,37.05,Warning
2026-01-09T03:45:00,server_027,33.00,33.00,109.00,115.00,47.00,1,18.90,0.69,308.00,33.63,Normal
2026-01-09T03:50:00,server_045,32.00,31.00,148.00,112.00,28.00,3,19.98,0.82,351.00,35.43,Warning
2026-01-09T03:55:00,server_016,43.00,39.00,105.00,202.00,25.00,2,19.99,0.76,369.00,38.16,Warning
2026-01-09T04:00:00,server_045,41.00,44.00,88.00,295.00,58.00,2,19.80,0.74,367.00,37.04,Warning
2026-01-09T04:05:00,server_036,34.00,31.00,139.00,168.00,27.00,2,20.61,0.76,341.00,35.69,Warning
2026-01-09T04:10:00,server_001,37.00,44.00,125.00,172.00,14.00,2,19.98,0.85,361.00,36.63,Warning
2026-01-09T04:15:00,server_043,35.00,31.00,92.00,156.00,25.00,1,20.78,0.75,318.00,34.83,Normal
2026-01-09T04:20:00,server_029,55.00,43.00,213.00,365.00,50.00,1,20.74,0.79,420.00,39.73,Warning
2026-01-09T04:25:00,server_016,41.00,42.00,119.00,272.00,23.00,3,20.16,0.76,394.00,36.87,Warning
2026-01-09T04:30:00,server_046,31.00,36.00,84.00,207.00,14.00,2,20.47,0.86,343.00,36.12,Warning
2026-01-09T04:35:00,server_031,53.00,48.00,230.00,393.00,32.00,2,20.54,0.81,451.00,40.68,Warning
2026-01-09T04:40:00,server_021,50.00,50.00,115.00,144.00,45.00,2,19.93,0.75,423.00,39.90,Warning
2026-01-09T04:45:00,server_046,46.00,40.00,162.00,162.00,57.00,2,19.66,0.76,388.00,37.53,Warning
2026-01-09T04:50:00,server_043,43.00,42.00,60.00,157.00,60.00,1,20.75,0.80,365.00,37.17,Warning
2026-01-09T04:55:00,server_026,29.00,36.00,124.00,124.00,31.00,3,20.69,0.73,344.00,35.26,Warning
2026-01-09T05:00:00,server_038,47.00,50.00,135.00,122.00,95.00,2,22.87,0.81,407.00,39.27,Warning
2026-01-09T05:05:00,server_025,41.00,45.00,105.00,118.00,54.00,2,21.71,0.75,391.00,38.47,Warning
2026-01-09T05:10:00,server_042,32.00,34.00,89.00,134.00,29.00,3,21.43,0.76,332.00,35.02,Warning
2026-01-09T05:15:00,server_036,35.00,39.00,94.00,157.00,31.00,2,22.30,0.80,360.00,36.00,Warning
2026-01-09T05:20:00,server_038,47.00,43.00,156.00,127.00,31.00,2,22.47,0.70,386.00,38.78,Warning
2026-01-09T05:25:00,server_043,43.00,36.00,191.00,205.00,20.00,2,22.18,0.78,378.00,37.60,Warning
2026-01-09T05:30:00,server_007,43.00,34.00,200.00,314.00,41.00,3,23.17,0.78,403.00,37.63,Warning
2026-01-09T05:35:00,server_040,38.00,34.00,125.00,191.00,43.00,3,21.67,0.75,376.00,36.71,Warning
2026-01-09T05:40:00,server_007,43.00,46.00,167.00,222.00,16.00,2,21.64,0.86,409.00,37.75,Warning
2026-01-09T05:45:00,server_029,46.00,47.00,95.00,308.00,51.00,2,21.65,0.84,408.00,38.52,Warning
2026-01-09T05:50:00,server_016,37.00,37.00,88.00,102.00,51.00,1,21.86,0.78,330.00,34.86,Normal
2026-01-09T05:55:00,server_015,51.00,46.00,212.00,187.00,72.00,3,21.56,0.74,446.00,40.23,Warning
2026-01-09T06:00:00,server_007,45.00,43.00,154.00,220.00,22.00,1,22.89,0.84,374.00,37.45,Warning
2026-01-09T06:05:00,server_042,52.00,48.00,133.00,258.00,46.00,3,24.18,0.79,447.00,41.13,Warning
2026-01-09T06:10:00,server_021,48.00,56.00,152.00,145.00,64.00,2,25.50,0.72,427.00,41.85,Warning
2026-01-09T06:15:00,server_046,48.00,53.00,172.00,243.00,59.00,2,24.21,0.77,420.00,40.48,Warning
2026-01-09T06:20:00,server_006,50.00,42.00,114.00,226.00,59.00,2,24.45,0.78,404.00,39.75,Warning
2026-01-09T06:25:00,server_024,49.00,39.00,136.00,154.00,17.00,1,23.65,0.74,396.00,39.66,Warning
2026-01-09T06:30:00,server_031,47.00,38.00,84.00,287.00,47.00,2,22.53,0.79,396.00,39.34,Warning
2026-01-09T06:35:00,server_028,46.00,37.00,81.00,169.00,40.00,2,23.46,0.75,407.00,38.90,Warning
2026-01-09T06:40:00,server_007,41.00,41.00,126.00,215.00,43.00,3,24.47,0.72,399.00,39.12,Warning
2026-01-09T06:45:00,server_046,65.00,52.00,231.00,163.00,76.00,1,24.13,0.79,471.00,43.30,Warning
2026-01-09T06:50:00,server_032,36.00,49.00,144.00,254.00,20.00,1,23.55,0.87,345.00,37.84,Warning
2026-01-09T06:55:00,server_023,34.00,32.00,83.00,89.00,124.00,2,24.43,0.79,332.00,35.92,Warning
2026-01-09T07:00:00,server_002,51.00,50.00,101.00,297.00,20.00,1,27.15,0.76,402.00,41.23,Warning
2026-01-09T07:05:00,server_040,44.00,38.00,175.00,307.00,48.00,3,25.69,0.83,406.00,40.80,Warning
2026-01-09T07:10:00,server_039,50.00,44.00,126.00,179.00,44.00,3,26.23,0.75,428.00,39.91,Warning
2026-01-09T07:15:00,server_036,52.00,38.00,133.00,255.00,45.00,2,26.25,0.80,415.00,40.39,Warning
2026-01-09T07:20:00,server_009,56.00,49.00,115.00,224.00,30.00,2,26.35,0.83,463.00,42.86,Warning
2026-01-09T07:25:00,server_041,50.00,44.00,168.00,276.00,135.00,2,25.83,0.74,432.00,41.78,Warning
2026-01-09T07:30:00,server_047,56.00,39.00,139.00,197.00,73.00,2,26.94,0.80,426.00,41.72,Warning
2026-01-09T07:35:00,server_035,58.00,44.00,197.00,344.00,21.00,2,26.31,0.77,446.00,41.22,Warning
2026-01-09T07:40:00,server_004,53.00,46.00,196.00,139.00,23.00,2,26.95,0.80,431.00,40.55,Warning
2026-01-09T07:45:00,server_019,56.00,46.00,128.00,354.00,35.00,1,24.98,0.74,434.00,41.26,Warning
2026-01-09T07:50:00,server_018,39.00,51.00,120.00,231.00,53.00,2,26.76,0.81,375.00,38.71,Warning
2026-01-09T07:55:00,server_044,45.00,44.00,168.00,140.00,34.00,3,25.24,0.76,414.00,40.98,Warning
2026-01-09T08:00:00,server_030,64.00,50.00,286.00,284.00,42.00,1,27.83,0.76,482.00,45.66,Critical
2026-01-09T08:05:00,server_016,67.00,63.00,209.00,458.00,32.00,2,28.13,0.73,519.00,47.99,Critical
2026-01-09T08:10:00,server_032,63.00,46.00,124.00,248.00,45.00,3,28.09,0.85,496.00,44.14,Warning
2026-01-09T08:15:00,server_025,70.00,61.00,278.00,509.00,37.00,3,26.43,0.78,561.00,47.60,Critical
2026-01-09T08:20:00,server_042,53.00,45.00,125.00,197.00,52.00,2,27.69,0.82,439.00,40.81,Warning
2026-01-09T08:25:00,server_009,54.00,55.00,211.00,399.00,48.00,2,25.88,0.83,472.00,42.63,Warning
2026-01-09T08:30:00,server_045,63.00,60.00,213.00,412.00,67.00,1,28.16,0.81,479.00,44.06,Warning
2026-01-09T08:35:00,server_028,58.00,46.00,128.00,198.00,22.00,2,27.72,0.84,462.00,42.75,Warning
2026-01-09T08:40:00,server_043,55.00,60.00,213.00,246.00,50.00,2,26.96,0.77,473.00,44.06,Warning
2026-01-09T08:45:00,server_020,50.00,44.00,147.00,151.00,61.00,1,27.41,0.82,394.00,40.75,Warning
2026-01-09T08:50:00,server_013,47.00,45.00,173.00,266.00,46.00,1,28.43,0.74,384.00,40.10,Warning
2026-01-09T08:55:00,server_035,65.00,44.00,229.00,131.00,37.00,2,28.22,0.80,481.00,44.04,Warning
2026-01-09T09:00:00,server_047,63.00,56.00,220.00,259.00,34.00,3,30.01,0.76,505.00,45.90,Critical
2026-01-09T09:05:00,server_034,63.00,52.00,111.00,440.00,82.00,2,28.75,0.73,478.00,45.11,Critical
2026-01-09T09:10:00,server_022,54.00,51.00,131.00,372.00,20.00,1,29.62,0.69,423.00,44.11,Warning
2026-01-09T09:15:00,server_048,58.00,51.00,256.00,197.00,37.00,1,27.88,0.77,452.00,43.87,Warning
2026-01-09T09:20:00,server_045,51.00,44.00,173.00,202.00,21.00,3,29.27,0.82,442.00,41.76,Warning
2026-01-09T09:25:00,server_004,64.00,71.00,196.00,362.00,60.00,3,30.30,0.87,528.00,46.70,Critical
2026-01-09T09:30:00,server_014,69.00,52.00,211.00,476.00,33.00,2,29.95,0.75,510.00,47.07,Critical
2026-01-09T09:35:00,server_037,64.00,53.00,190.00,335.00,59.00,2,28.97,0.74,487.00,45.15,Critical
2026-01-09T09:40:00,server_021,55.00,41.00,233.00,355.00,24.00,2,29.51,0.76,430.00,42.24,Warning
2026-01-09T09:45:00,server_006,52.00,44.00,107.00,315.00,109.00,3,29.36,0.78,445.00,43.72,Warning
2026-01-09T09:50:00,server_031,64.00,54.00,131.00,249.00,25.00,2,28.27,0.74,490.00,44.47,Warning
2026-01-09T09:55:00,server_028,67.00,58.00,238.00,320.00,29.00,1,29.24,0.70,493.00,47.20,Critical
2026-01-09T10:00:00,server_032,68.00,71.00,235.00,402.00,28.00,2,30.31,0.80,539.00,48.81,Critical
2026-01-09T10:05:00,server_013,62.00,51.00,228.00,191.00,52.00,3,30.17,0.72,483.00,44.50,Warning
2026-01-09T10:10:00,server_045,56.00,49.00,168.00,187.00,20.00,2,31.48,0.74,440.00,43.02,Warning
2026-01-09T10:15:00,server_023,61.00,71.00,229.00,168.00,25.00,2,30.28,0.75,489.00,46.10,Critical
2026-01-09T10:20:00,server_033,64.00,61.00,224.00,333.00,93.00,2,30.06,0.83,498.00,45.43,Critical
2026-01-09T10:25:00,server_016,64.00,71.00,153.00,384.00,107.00,2,30.86,0.80,507.00,48.01,Critical
2026-01-09T10:30:00,server_037,62.00,54.00,106.00,449.00,64.00,2,29.16,0.77,478.00,45.38,Critical
2026-01-09T10:35:00,server_008,54.00,46.00,189.00,341.00,44.00,2,29.43,0.81,443.00,42.67,Warning
2026-01-09T10:40:00,server_028,75.00,46.00,96.00,427.00,63.00,2,29.02,0.77,522.00,46.79,Critical
2026-01-09T10:45:00,server_038,63.00,44.00,242.00,226.00,27.00,2,29.49,0.71,473.00,45.60,Critical
2026-01-09T10:50:00,server_004,61.00,45.00,206.00,230.00,94.00,3,28.90,0.75,485.00,45.37,Critical
2026-01-09T10:55:00,server_040,67.00,73.00,152.00,135.00,25.00,3,29.71,0.81,535.00,48.52,Critical
2026-01-09T11:00:00,server_035,56.00,51.00,205.00,239.00,65.00,1,30.54,0.79,434.00,42.65,Warning
2026-01-09T11:05:00,server_004,67.00,63.00,194.00,309.00,66.00,3,30.29,0.78,540.00,47.36,Critical
2026-01-09T11:10:00,server_021,72.00,56.00,285.00,359.00,98.00,1,30.48,0.80,512.00,46.44,Critical
2026-01-09T11:15:00,server_021,56.00,49.00,229.00,183.00,48.00,3,32.00,0.78,462.00,44.25,Warning
2026-01-09T11:20:00,server_036,72.00,80.00,225.00,186.00,94.00,3,30.81,0.77,579.00,49.13,Critical
2026-01-09T11:25:00,server_038,64.00,47.00,158.00,234.00,185.00,2,31.53,0.72,482.00,46.43,Critical
2026-01-09T11:30:00,server_014,55.00,48.00,164.00,222.00,27.00,1,31.01,0.82,436.00,42.15,Warning
2026-01-09T11:35:00,server_024,56.00,47.00,108.00,425.00,68.00,3,30.99,0.80,456.00,43.40,Warning
2026-01-09T11:40:00,server_028,63.00,57.00,181.00,163.00,74.00,1,30.07,0.81,464.00,44.35,Warning
2026-01-09T11:45:00,server_013,64.00,65.00,272.00,340.00,23.00,3,30.77,0.74,521.00,48.64,Critical
2026-01-09T11:50:00,server_038,59.00,36.00,229.00,326.00,44.00,3,29.89,0.73,472.00,46.08,Critical
2026-01-09T11:55:00,server_021,57.00,63.00,145.00,257.00,53.00,3,31.17,0.80,484.00,44.24,Warning
2026-01-09T12:00:00,server_036,81.00,74.00,152.00,403.00,40.00,2,32.65,0.79,593.00,52.94,Critical
2026-01-09T12:05:00,server_004,74.00,61.00,311.00,490.00,83.00,1,31.92,0.75,525.00,47.45,Critical
2026-01-09T12:10:00,server_029,78.00,81.00,269.00,412.00,66.00,1,31.48,0.77,559.00,49.82,Critical
2026-01-09T12:15:00,server_017,60.00,61.00,237.00,217.00,49.00,3,30.30,0.80,487.00,45.07,Critical
2026-01-09T12:20:00,server_011,65.00,70.00,145.00,286.00,35.00,2,31.09,0.79,521.00,47.45,Critical
2026-01-09T12:25:00,server_028,70.00,72.00,249.00,336.00,31.00,2,30.04,0.79,542.00,49.44,Critical
2026-01-09T12:30:00,server_031,67.00,55.00,269.00,361.00,41.00,2,31.49,0.78,504.00,46.33,Critical
2026-01-09T12:35:00,server_039,74.00,60.00,145.00,188.00,47.00,2,31.16,0.73,524.00,48.11,Critical
2026-01-09T12:40:00,server_013,74.00,64.00,159.00,318.00,95.00,1,30.20,0.84,526.00,47.30,Critical
2026-01-09T12:45:00,server_023,73.00,53.00,199.00,348.00,106.00,2,29.89,0.88,535.00,46.67,Critical
2026-01-09T12:50:00,server_006,73.00,61.00,223.00,416.00,39.00,2,30.91,0.74,528.00,47.93,Critical
2026-01-09T12:55:00,server_038,62.00,62.00,102.00,334.00,35.00,3,31.62,0.81,506.00,47.15,Critical
2026-01-09T13:00:00,server_001,70.00,65.00,166.00,510.00,89.00,2,31.45,0.85,527.00,47.93,Critical
2026-01-09T13:05:00,server_031,66.00,54.00,226.00,442.00,85.00,2,30.64,0.79,499.00,45.57,Critical
2026-01-09T13:10:00,server_004,65.00,52.00,274.00,237.00,174.00,3,30.19,0.75,521.00,47.84,Critical
2026-01-09T13:15:00,server_006,71.00,48.00,181.00,450.00,25.00,2,30.17,0.81,506.00,45.76,Critical
2026-01-09T13:20:00,server_016,66.00,62.00,278.00,510.00,46.00,1,30.40,0.81,498.00,45.06,Critical
2026-01-09T13:25:00,server_018,73.00,60.00,149.00,525.00,29.00,3,31.77,0.76,553.00,48.26,Critical
2026-01-09T13:30:00,server_025,62.00,65.00,205.00,351.00,120.00,1,30.76,0.85,477.00,45.20,Critical
2026-01-09T13:35:00,server_003,70.00,49.00,207.00,186.00,27.00,2,30.43,0.74,507.00,47.62,Critical
2026-01-09T13:40:00,server_018,69.00,65.00,134.00,428.00,181.00,2,30.61,0.84,523.00,46.67,Critical
2026-01-09T13:45:00,server_037,69.00,53.00,204.00,218.00,73.00,2,30.99,0.74,513.00,47.13,Critical
2026-01-09T13:50:00,server_027,61.00,58.00,127.00,215.00,23.00,2,30.83,0.80,490.00,45.19,Critical
2026-01-09T13:55:00,server_006,62.00,50.00,231.00,432.00,82.00,2,30.36,0.73,490.00,46.96,Critical
2026-01-09T14:00:00,server_014,67.00,68.00,107.00,187.00,93.00,1,30.11,0.79,492.00,46.36,Critical
2026-01-09T14:05:00,server_001,64.00,50.00,203.00,204.00,93.00,3,30.65,0.80,512.00,45.75,Critical
2026-01-09T14:10:00,server_009,73.00,68.00,324.00,315.00,36.00,2,30.92,0.75,551.00,48.72,Critical
2026-01-09T14:15:00,server_011,68.00,63.00,211.00,365.00,49.00,1,30.19,0.79,503.00,45.69,Critical
2026-01-09T14:20:00,server_016,63.00,54.00,191.00,209.00,60.00,1,30.53,0.80,466.00,43.81,Warning
2026-01-09T14:25:00,server_035,68.00,60.00,226.00,334.00,31.00,1,29.58,0.81,478.00,45.30,Critical
2026-01-09T14:30:00,server_048,68.00,71.00,221.00,384.00,52.00,1,29.36,0.78,506.00,47.08,Critical
2026-01-09T14:35:00,server_027,69.00,56.00,276.00,290.00,32.00,3,30.22,0.78,536.00,48.58,Critical
2026-01-09T14:40:00,server_002,70.00,56.00,263.00,202.00,51.00,2,30.29,0.75,512.00,47.91,Critical
2026-01-09T14:45:00,server_023,79.00,66.00,301.00,369.00,70.00,3,31.09,0.77,578.00,49.21,Critical
2026-01-09T14:50:00,server_026,73.00,62.00,261.00,517.00,96.00,1,30.18,0.74,521.00,48.11,Critical
2026-01-09T14:55:00,server_007,72.00,56.00,124.00,468.00,31.00,2,31.08,0.81,521.00,46.66,Critical
2026-01-09T15:00:00,server_044,74.00,58.00,165.00,421.00,37.00,3,29.19,0.83,548.00,48.70,Critical
2026-01-09T15:05:00,server_021,73.00,77.00,150.00,426.00,72.00,1,27.84,0.84,545.00,47.72,Critical
2026-01-09T15:10:00,server_007,71.00,59.00,276.00,540.00,46.00,2,28.42,0.81,532.00,47.62,Critical
2026-01-09T15:15:00,server_020,73.00,67.00,254.00,477.00,29.00,3,28.76,0.79,560.00,48.20,Critical
2026-01-09T15:20:00,server_032,72.00,66.00,257.00,513.00,37.00,1,29.73,0.79,520.00,46.45,Critical
2026-01-09T15:25:00,server_047,64.00,66.00,233.00,150.00,74.00,3,27.69,0.75,515.00,45.65,Critical
2026-01-09T15:30:00,server_047,82.00,76.00,221.00,472.00,122.00,1,29.38,0.71,570.00,50.44,Critical
2026-01-09T15:35:00,server_015,66.00,75.00,179.00,286.00,48.00,3,29.96,0.78,538.00,47.04,Critical
2026-01-09T15:40:00,server_038,74.00,65.00,294.00,347.00,131.00,2,28.99,0.77,547.00,48.45,Critical
2026-01-09T15:45:00,server_041,70.00,72.00,194.00,295.00,46.00,3,28.31,0.81,549.00,47.66,Critical
2026-01-09T15:50:00,server_025,83.00,67.00,339.00,236.00,35.00,2,30.12,0.78,592.00,51.31,Critical
2026-01-09T15:55:00,server_015,66.00,62.00,164.00,254.00,168.00,2,28.21,0.78,498.00,45.96,Critical
2026-01-09T16:00:00,server_033,71.00,69.00,180.00,434.00,41.00,2,26.49,0.81,529.00,45.53,Critical
2026-01-09T16:05:00,server_028,69.00,47.00,238.00,428.00,61.00,3,26.42,0.80,528.00,45.97,Critical
2026-01-09T16:10:00,server_003,74.00,65.00,160.00,362.00,60.00,2,26.55,0.77,535.00,48.52,Critical
2026-01-09T16:15:00,server_050,79.00,75.00,220.00,245.00,84.00,1,27.23,0.78,564.00,49.05,Critical
2026-01-09T16:20:00,server_013,76.00,58.00,315.00,436.00,29.00,1,26.78,0.77,526.00,48.13,Critical
2026-01-09T16:25:00,server_011,76.00,69.00,330.00,440.00,38.00,1,27.40,0.77,542.00,48.07,Critical
2026-01-09T16:30:00,server_043,63.00,67.00,106.00,290.00,35.00,2,28.53,0.81,499.00,45.66,Critical
2026-01-09T16:35:00,server_003,65.00,66.00,95.00,181.00,172.00,3,26.99,0.78,507.00,45.58,Critical
2026-01-09T16:40:00,server_032,62.00,69.00,157.00,443.00,24.00,2,27.58,0.73,510.00,46.88,Critical
2026-01-09T16:45:00,server_048,56.00,54.00,173.00,128.00,62.00,2,26.07,0.78,441.00,42.66,Warning
2026-01-09T16:50:00,server_044,74.00,68.00,217.00,270.00,53.00,2,27.94,0.81,544.00,48.95,Critical
2026-01-09T16:55:00,server_019,64.00,56.00,233.00,250.00,63.00,3,27.95,0.75,509.00,47.05,Critical
2026-01-09T17:00:00,server_006,59.00,46.00,227.00,239.00,21.00,2,24.25,0.85,463.00,42.28,Warning
2026-01-09T17:05:00,server_035,53.00,49.00,178.00,132.00,39.00,3,25.59,0.75,455.00,42.97,Warning
2026-01-09T17:10:00,server_032,72.00,52.00,152.00,324.00,37.00,2,25.80,0.73,525.00,46.10,Critical
2026-01-09T17:15:00,server_047,61.00,51.00,255.00,180.00,24.00,2,26.90,0.75,484.00,44.09,Warning
2026-01-09T17:20:00,server_025,62.00,49.00,125.00,308.00,54.00,2,25.75,0.82,466.00,43.34,Warning
2026-01-09T17:25:00,server_031,69.00,63.00,144.00,376.00,75.00,2,26.34,0.83,500.00,45.98,Critical
2026-01-09T17:30:00,server_032,55.00,65.00,94.00,250.00,52.00,1,26.60,0.79,456.00,43.74,Warning
2026-01-09T17:35:00,server_049,67.00,49.00,192.00,522.00,63.00,1,25.31,0.80,489.00,43.92,Warning
2026-01-09T17:40:00,server_036,63.00,46.00,92.00,380.00,75.00,1,25.75,0.76,456.00,42.83,Warning
2026-01-09T17:45:00,server_023,64.00,57.00,125.00,366.00,43.00,1,26.07,0.69,482.00,45.57,Critical
2026-01-09T17:50:00,server_023,66.00,63.00,131.00,370.00,35.00,1,26.37,0.76,494.00,44.79,Warning
2026-01-09T17:55:00,server_017,66.00,62.00,120.00,260.00,29.00,2,27.38,0.76,477.00,43.63,Warning
2026-01-09T18:00:00,server_035,59.00,51.00,242.00,377.00,71.00,3,23.77,0.80,487.00,44.22,Warning
2026-01-09T18:05:00,server_028,58.00,50.00,212.00,170.00,64.00,1,23.86,0.83,448.00,40.40,Warning
2026-01-09T18:10:00,server_035,65.00,57.00,267.00,456.00,103.00,1,23.52,0.79,479.00,43.97,Warning
2026-01-09T18:15:00,server_008,64.00,46.00,193.00,303.00,52.00,2,24.21,0.77,464.00,42.91,Warning
2026-01-09T18:20:00,server_019,68.00,63.00,204.00,495.00,40.00,2,23.01,0.79,513.00,45.44,Critical
2026-01-09T18:25:00,server_025,69.00,54.00,258.00,295.00,46.00,1,23.45,0.79,487.00,43.78,Warning
2026-01-09T18:30:00,server_026,72.00,68.00,195.00,427.00,69.00,2,23.88,0.80,553.00,47.05,Critical
2026-01-09T18:35:00,server_019,56.00,61.00,83.00,321.00,24.00,1,24.26,0.80,436.00,41.34,Warning
2026-01-09T18:40:00,server_016,66.00,73.00,137.00,293.00,38.00,2,23.58,0.84,514.00,44.15,Warning
2026-01-09T18:45:00,server_039,67.00,67.00,186.00,234.00,34.00,2,25.84,0.77,502.00,46.87,Critical
2026-01-09T18:50:00,server_010,60.00,50.00,227.00,312.00,66.00,2,23.92,0.76,465.00,42.78,Warning
2026-01-09T18:55:00,server_036,69.00,72.00,142.00,225.00,80.00,1,24.54,0.75,498.00,45.43,Critical
2026-01-09T19:00:00,server_050,56.00,43.00,257.00,225.00,34.00,2,23.23,0.70,437.00,42.48,Warning
2026-01-09T19:05:00,server_035,62.00,42.00,88.00,156.00,142.00,3,23.02,0.79,468.00,43.04,Warning
2026-01-09T19:10:00,server_038,66.00,55.00,246.00,178.00,30.00,3,22.21,0.74,509.00,44.82,Warning
2026-01-09T19:15:00,server_014,56.00,43.00,170.00,240.00,25.00,3,22.79,0.77,457.00,41.01,Warning
2026-01-09T19:20:00,server_017,59.00,54.00,133.00,313.00,37.00,1,21.95,0.74,445.00,42.10,Warning
2026-01-09T19:25:00,server_039,53.00,61.00,171.00,210.00,123.00,1,22.90,0.79,426.00,39.77,Warning
2026-01-09T19:30:00,server_018,66.00,71.00,180.00,253.00,48.00,2,21.56,0.79,529.00,45.11,Critical
2026-01-09T19:35:00,server_035,57.00,69.00,126.00,120.00,98.00,3,21.82,0.75,479.00,42.98,Warning
2026-01-09T19:40:00,server_024,69.00,70.00,279.00,432.00,66.00,2,22.83,0.81,525.00,44.59,Warning
2026-01-09T19:45:00,server_022,76.00,68.00,315.00,523.00,37.00,1,22.80,0.82,561.00,46.93,Critical
2026-01-09T19:50:00,server_025,60.00,61.00,133.00,309.00,83.00,1,20.84,0.77,465.00,41.63,Warning
2026-01-09T19:55:00,server_048,55.00,49.00,237.00,316.00,29.00,2,21.65,0.73,453.00,41.84,Warning
2026-01-09T20:00:00,server_031,55.00,52.00,69.00,287.00,43.00,2,19.92,0.76,453.00,40.44,Warning
2026-01-09T20:05:00,server_023,61.00,55.00,106.00,221.00,39.00,3,20.01,0.77,509.00,44.20,Warning
2026-01-09T20:10:00,server_038,59.00,54.00,103.00,285.00,57.00,1,20.72,0.74,456.00,41.38,Warning
2026-01-09T20:15:00,server_003,59.00,62.00,244.00,264.00,55.00,3,19.76,0.72,498.00,43.08,Warning
2026-01-09T20:20:00,server_035,54.00,44.00,127.00,233.00,25.00,2,19.63,0.86,442.00,39.81,Warning
2026-01-09T20:25:00,server_006,53.00,49.00,134.00,372.00,48.00,2,21.52,0.77,434.00,39.68,Warning
2026-01-09T20:30:00,server_036,51.00,54.00,118.00,337.00,59.00,2,21.81,0.72,426.00,40.10,Warning
2026-01-09T20:35:00,server_008,53.00,50.00,180.00,122.00,35.00,3,18.72,0.71,446.00,40.88,Warning
2026-01-09T20:40:00,server_026,51.00,58.00,214.00,314.00,39.00,1,20.91,0.81,442.00,40.82,Warning
2026-01-09T20:45:00,server_009,58.00,47.00,160.00,308.00,88.00,2,21.41,0.79,468.00,41.20,Warning
2026-01-09T20:50:00,server_027,55.00,39.00,134.00,279.00,37.00,1,20.28,0.84,415.00,39.47,Warning
2026-01-09T20:55:00,server_031,48.00,37.00,129.00,172.00,26.00,2,19.91,0.77,394.00,38.78,Warning
2026-01-09T21:00:00,server_012,49.00,39.00,119.00,190.00,110.00,2,19.32,0.72,413.00,38.01,Warning
2026-01-09T21:05:00,server_050,52.00,49.00,163.00,312.00,93.00,1,20.00,0.73,405.00,40.15,Warning
2026-01-09T21:10:00,server_029,47.00,40.00,64.00,255.00,43.00,1,19.69,0.80,388.00,38.20,Warning
2026-01-09T21:15:00,server_022,47.00,39.00,111.00,307.00,100.00,1,18.91,0.82,395.00,38.10,Warning
2026-01-09T21:20:00,server_027,49.00,36.00,173.00,185.00,32.00,2,17.83,0.73,403.00,37.20,Warning
2026-01-09T21:25:00,server_039,47.00,46.00,222.00,133.00,40.00,3,19.03,0.74,427.00,39.76,Warning
2026-01-09T21:30:00,server_012,47.00,55.00,215.00,169.00,45.00,2,19.77,0.77,422.00,39.78,Warning
2026-01-09T21:35:00,server_014,52.00,63.00,98.00,174.00,34.00,2,18.08,0.77,444.00,40.57,Warning
2026-01-09T21:40:00,server_020,50.00,37.00,87.00,289.00,22.00,2,19.65,0.84,410.00,38.70,Warning
2026-01-09T21:45:00,server_003,58.00,45.00,140.00,303.00,36.00,3,19.33,0.80,469.00,42.08,Warning
2026-01-09T21:50:00,server_002,53.00,46.00,84.00,391.00,34.00,2,19.62,0.82,434.00,39.45,Warning
2026-01-09T21:55:00,server_035,55.00,48.00,248.00,145.00,33.00,1,17.85,0.77,422.00,40.18,Warning
2026-01-09T22:00:00,server_019,44.00,43.00,120.00,186.00,29.00,3,17.82,0.79,401.00,36.95,Warning
2026-01-09T22:05:00,server_016,53.00,48.00,257.00,142.00,27.00,3,17.87,0.79,455.00,39.18,Warning
2026-01-09T22:10:00,server_020,48.00,45.00,201.00,337.00,37.00,2,17.95,0.79,416.00,38.69,Warning
2026-01-09T22:15:00,server_033,38.00,51.00,107.00,108.00,17.00,2,18.68,0.83,368.00,35.20,Warning
2026-01-09T22:20:00,server_004,60.00,62.00,142.00,288.00,26.00,2,17.54,0.72,484.00,42.01,Warning
2026-01-09T22:25:00,server_018,48.00,46.00,99.00,241.00,45.00,3,18.36,0.76,423.00,38.62,Warning
2026-01-09T22:30:00,server_027,56.00,47.00,241.00,231.00,57.00,2,19.16,0.76,437.00,40.77,Warning
2026-01-09T22:35:00,server_043,39.00,53.00,153.00,210.00,101.00,1,17.64,0.80,369.00,35.95,Warning
2026-01-09T22:40:00,server_020,54.00,53.00,119.00,281.00,35.00,3,16.82,0.79,455.00,39.83,Warning
2026-01-09T22:45:00,server_037,43.00,47.00,173.00,219.00,24.00,2,17.79,0.76,396.00,37.43,Warning
2026-01-09T22:50:00,server_046,56.00,66.00,194.00,351.00,68.00,2,17.69,0.78,485.00,42.07,Warning
2026-01-09T22:55:00,server_029,50.00,56.00,134.00,254.00,67.00,1,18.67,0.70,417.00,40.14,Warning
2026-01-09T23:00:00,server_046,36.00,45.00,117.00,231.00,43.00,2,17.57,0.73,363.00,35.32,Warning
2026-01-09T23:05:00,server_031,44.00,33.00,62.00,296.00,86.00,2,16.42,0.75,385.00,36.01,Warning
2026-01-09T23:10:00,server_049,38.00,33.00,82.00,259.00,47.00,2,15.77,0.70,358.00,36.35,Warning
2026-01-09T23:15:00,server_020,46.00,49.00,101.00,223.00,23.00,1,16.16,0.76,383.00,36.27,Warning
2026-01-09T23:20:00,server_033,51.00,45.00,133.00,339.00,79.00,2,17.66,0.78,422.00,38.76,Warning
2026-01-09T23:25:00,server_020,34.00,40.00,58.00,159.00,27.00,3,17.98,0.73,358.00,34.58,Normal
2026-01-09T23:30:00,server_010,38.00,34.00,112.00,188.00,24.00,2,16.56,0.72,340.00,34.60,Normal
2026-01-09T23:35:00,server_006,40.00,46.00,153.00,135.00,21.00,1,17.93,0.86,344.00,35.02,Warning
2026-01-09T23:40:00,server_031,48.00,37.00,137.00,331.00,75.00,3,16.75,0.78,429.00,38.61,Warning
2026-01-09T23:45:00,server_030,38.00,33.00,148.00,193.00,15.00,3,18.12,0.77,385.00,35.70,Warning
2026-01-09T23:50:00,server_007,43.00,48.00,199.00,237.00,29.00,2,18.45,0.80,403.00,38.33,Warning
2026-01-09T23:55:00,server_042,41.00,44.00,157.00,173.00,38.00,3,18.31,0.80,388.00,36.44,Warning
2026-01-10T00:00:00,server_025,41.00,38.00,192.00,138.00,37.00,1,16.87,0.80,361.00,35.07,Warning
2026-01-10T00:05:00,server_043,40.00,40.00,104.00,296.00,39.00,2,18.27,0.80,383.00,36.48,Warning
2026-01-10T00:10:00,server_025,39.00,42.00,78.00,164.00,19.00,3,16.73,0.80,404.00,36.27,Warning
2026-01-10T00:15:00,server_008,25.00,29.00,140.00,219.00,16.00,2,17.26,0.80,312.00,32.27,Normal
2026-01-10T00:20:00,server_004,42.00,45.00,165.00,292.00,31.00,1,17.56,0.77,385.00,36.43,Warning
2026-01-10T00:25:00,server_001,39.00,43.00,128.00,254.00,23.00,1,18.16,0.81,356.00,35.28,Warning
2026-01-10T00:30:00,server_020,44.00,37.00,164.00,320.00,78.00,2,16.93,0.74,375.00,36.92,Warning
2026-01-10T00:35:00,server_031,42.00,30.00,113.00,144.00,17.00,3,17.45,0.76,377.00,35.62,Warning
2026-01-10T00:40:00,server_033,35.00,40.00,124.00,194.00,87.00,2,18.03,0.77,336.00,35.76,Warning
2026-01-10T00:45:00,server_025,40.00,36.00,137.00,183.00,28.00,1,17.10,0.80,357.00,35.89,Warning
2026-01-10T00:50:00,server_036,37.00,27.00,132.00,215.00,36.00,2,17.61,0.75,355.00,35.47,Warning
2026-01-10T00:55:00,server_012,47.00,38.00,117.00,230.00,40.00,1,17.41,0.83,366.00,35.62,Warning
2026-01-10T01:00:00,server_024,36.00,34.00,106.00,243.00,33.00,2,16.98,0.83,343.00,34.72,Normal
2026-01-10T01:05:00,server_026,36.00,38.00,164.00,179.00,28.00,3,15.97,0.79,369.00,34.78,Normal
2026-01-10T01:10:00,server_015,49.00,38.00,122.00,298.00,47.00,2,17.18,0.77,396.00,37.18,Warning
2026-01-10T01:15:00,server_036,52.00,47.00,94.00,244.00,110.00,2,17.23,0.80,427.00,38.75,Warning
2026-01-10T01:20:00,server_023,42.00,36.00,175.00,198.00,78.00,1,16.53,0.78,346.00,34.67,Normal
2026-01-10T01:25:00,server_002,34.00,37.00,85.00,177.00,54.00,2,16.64,0.76,338.00,34.42,Normal
2026-01-10T01:30:00,server_042,52.00,60.00,134.00,185.00,59.00,1,18.17,0.82,416.00,38.36,Warning
2026-01-10T01:35:00,server_013,38.00,39.00,143.00,203.00,75.00,1,17.79,0.77,347.00,36.20,Warning
2026-01-10T01:40:00,server_037,36.00,34.00,99.00,240.00,52.00,2,17.39,0.81,347.00,35.01,Warning
2026-01-10T01:45:00,server_046,36.00,25.00,89.00,192.00,46.00,3,17.89,0.78,349.00,34.49,Normal
2026-01-10T01:50:00,server_047,43.00,44.00,128.00,215.00,15.00,2,18.52,0.75,373.00,35.33,Warning
2026-01-10T01:55:00,server_039,30.00,37.00,83.00,227.00,22.00,2,16.78,0.81,318.00,33.52,Normal
2026-01-10T02:00:00,server_035,40.00,37.00,137.00,223.00,70.00,3,18.11,0.73,381.00,36.50,Warning
2026-01-10T02:05:00,server_026,34.00,33.00,142.00,151.00,35.00,3,16.56,0.77,367.00,35.18,Warning
2026-01-10T02:10:00,server_003,40.00,39.00,163.00,283.00,102.00,1,17.83,0.78,359.00,34.71,Normal
2026-01-10T02:15:00,server_037,35.00,34.00,123.00,242.00,103.00,2,17.00,0.78,340.00,34.42,Normal
2026-01-10T02:20:00,server_013,43.00,38.00,103.00,176.00,58.00,2,17.39,0.85,386.00,35.97,Warning
2026-01-10T02:25:00,server_044,48.00,50.00,91.00,127.00,32.00,2,19.83,0.80,418.00,38.76,Warning
2026-01-10T02:30:00,server_042,42.00,36.00,160.00,231.00,48.00,1,18.32,0.79,343.00,35.30,Warning
2026-01-10T02:35:00,server_034,37.00,47.00,184.00,153.00,64.00,2,18.04,0.78,364.00,36.03,Warning
2026-01-10T02:40:00,server_036,44.00,50.00,116.00,144.00,53.00,3,18.51,0.80,419.00,37.76,Warning
2026-01-10T02:45:00,server_014,42.00,48.00,95.00,261.00,48.00,3,18.94,0.79,396.00,37.10,Warning
2026-01-10T02:50:00,server_037,40.00,42.00,114.00,115.00,57.00,2,17.87,0.74,364.00,36.66,Warning
2026-01-10T02:55:00,server_018,43.00,31.00,175.00,288.00,18.00,1,18.94,0.78,355.00,36.16,Warning
2026-01-10T03:00:00,server_043,39.00,49.00,74.00,173.00,14.00,1,20.26,0.87,360.00,36.40,Warning
2026-01-10T03:05:00,server_008,39.00,35.00,90.00,146.00,16.00,2,18.72,0.79,363.00,36.49,Warning
2026-01-10T03:10:00,server_003,38.00,28.00,100.00,124.00,19.00,2,18.48,0.77,345.00,34.87,Normal
2026-01-10T03:15:00,server_044,41.00,37.00,119.00,224.00,30.00,2,18.14,0.83,374.00,35.82,Warning
2026-01-10T03:20:00,server_013,30.00,29.00,83.00,196.00,58.00,1,18.40,0.81,313.00,32.24,Normal
2026-01-10T03:25:00,server_037,35.00,28.00,79.00,263.00,76.00,3,18.53,0.76,357.00,36.16,Warning
2026-01-10T03:30:00,server_022,36.00,41.00,89.00,107.00,37.00,1,19.84,0.73,341.00,35.00,Warning
2026-01-10T03:35:00,server_020,30.00,25.00,73.00,103.00,22.00,3,17.86,0.73,340.00,34.29,Normal
2026-01-10T03:40:00,server_021,32.00,25.00,63.00,209.00,84.00,2,18.80,0.79,326.00,35.29,Warning
2026-01-10T03:45:00,server_008,25.00,37.00,68.00,175.00,95.00,2,18.88,0.75,300.00,33.45,Normal
2026-01-10T03:50:00,server_041,24.00,34.00,58.00,172.00,32.00,1,18.95,0.81,282.00,32.33,Normal
2026-01-10T03:55:00,server_050,45.00,42.00,103.00,93.00,141.00,1,17.91,0.74,361.00,36.28,Warning
2026-01-10T04:00:00,server_005,42.00,46.00,168.00,251.00,140.00,2,19.27,0.87,383.00,36.50,Warning
2026-01-10T04:05:00,server_038,42.00,45.00,157.00,283.00,40.00,3,21.19,0.81,401.00,39.19,Warning
2026-01-10T04:10:00,server_032,38.00,49.00,135.00,204.00,69.00,1,20.54,0.79,375.00,37.15,Warning
2026-01-10T04:15:00,server_031,50.00,49.00,172.00,126.00,105.00,1,21.06,0.79,400.00,40.08,Warning
2026-01-10T04:20:00,server_010,37.00,38.00,110.00,174.00,28.00,2,21.30,0.73,356.00,36.31,Warning
2026-01-10T04:25:00,server_040,43.00,45.00,131.00,218.00,46.00,2,21.15,0.85,387.00,37.74,Warning
2026-01-10T04:30:00,server_047,52.00,52.00,246.00,139.00,88.00,3,21.13,0.83,446.00,40.28,Warning
2026-01-10T04:35:00,server_038,42.00,35.00,189.00,130.00,16.00,2,20.02,0.81,383.00,37.53,Warning
2026-01-10T04:40:00,server_041,43.00,44.00,116.00,156.00,25.00,3,19.25,0.78,419.00,39.09,Warning
2026-01-10T04:45:00,server_034,46.00,33.00,158.00,209.00,52.00,2,19.70,0.75,385.00,38.25,Warning
2026-01-10T04:50:00,server_015,54.00,46.00,90.00,185.00,27.00,2,22.11,0.75,431.00,42.14,Warning
2026-01-10T04:55:00,server_040,44.00,40.00,174.00,301.00,28.00,2,21.35,0.75,382.00,38.71,Warning
2026-01-10T05:00:00,server_026,51.00,38.00,182.00,145.00,118.00,1,21.30,0.76,392.00,38.56,Warning
2026-01-10T05:05:00,server_003,40.00,35.00,178.00,291.00,88.00,2,22.78,0.80,373.00,36.96,Warning
2026-01-10T05:10:00,server_005,34.00,38.00,140.00,198.00,24.00,1,21.25,0.78,332.00,35.00,Warning
2026-01-10T05:15:00,server_020,47.00,44.00,161.00,376.00,46.00,3,23.40,0.77,431.00,40.70,Warning
2026-01-10T05:20:00,server_007,45.00,43.00,162.00,312.00,16.00,2,21.74,0.78,408.00,38.35,Warning
2026-01-10T05:25:00,server_030,41.00,36.00,185.00,154.00,32.00,1,22.15,0.83,365.00,36.84,Warning
2026-01-10T05:30:00,server_017,50.00,48.00,127.00,223.00,126.00,2,21.92,0.80,423.00,39.67,Warning
2026-01-10T05:35:00,server_029,56.00,52.00,245.00,268.00,44.00,3,22.65,0.78,483.00,41.87,Warning
2026-01-10T05:40:00,server_035,47.00,50.00,128.00,361.00,37.00,2,21.95,0.75,422.00,39.20,Warning
2026-01-10T05:45:00,server_014,40.00,32.00,121.00,282.00,66.00,2,22.15,0.81,373.00,36.87,Warning
2026-01-10T05:50:00,server_016,49.00,46.00,230.00,213.00,35.00,3,23.17,0.82,439.00,39.90,Warning
2026-01-10T05:55:00,server_037,38.00,41.00,55.00,300.00,19.00,3,23.23,0.83,383.00,37.47,Warning
2026-01-10T06:00:00,server_034,58.00,50.00,249.00,272.00,62.00,3,23.72,0.70,496.00,43.46,Warning
2026-01-10T06:05:00,server_037,48.00,51.00,137.00,283.00,17.00,2,23.77,0.77,422.00,40.73,Warning
2026-01-10T06:10:00,server_019,46.00,44.00,94.00,210.00,29.00,3,23.46,0.76,420.00,39.19,Warning
2026-01-10T06:15:00,server_029,45.00,42.00,118.00,213.00,22.00,2,23.34,0.73,388.00,37.47,Warning
2026-01-10T06:20:00,server_017,39.00,41.00,103.00,257.00,23.00,3,22.38,0.69,384.00,37.93,Warning
2026-01-10T06:25:00,server_041,45.00,55.00,115.00,213.00,36.00,2,23.82,0.77,395.00,40.19,Warning
2026-01-10T06:30:00,server_021,44.00,38.00,98.00,219.00,78.00,1,23.59,0.77,378.00,37.57,Warning
2026-01-10T06:35:00,server_005,48.00,41.00,180.00,225.00,27.00,3,23.94,0.75,422.00,40.47,Warning
2026-01-10T06:40:00,server_044,48.00,44.00,137.00,326.00,55.00,2,23.75,0.73,400.00,39.54,Warning
2026-01-10T06:45:00,server_046,54.00,63.00,84.00,156.00,28.00,2,23.07,0.79,464.00,42.13,Warning
2026-01-10T06:50:00,server_012,38.00,41.00,184.00,257.00,81.00,1,23.92,0.77,360.00,36.96,Warning
2026-01-10T06:55:00,server_045,48.00,54.00,128.00,345.00,19.00,2,23.48,0.79,436.00,40.54,Warning
2026-01-10T07:00:00,server_035,49.00,37.00,228.00,357.00,25.00,2,25.38,0.78,412.00,41.38,Warning
2026-01-10T07:05:00,server_038,54.00,49.00,136.00,344.00,61.00,1,26.30,0.76,420.00,41.97,Warning
2026-01-10T07:10:00,server_031,58.00,54.00,127.00,169.00,51.00,3,25.11,0.85,482.00,42.34,Warning
2026-01-10T07:15:00,server_049,45.00,37.00,161.00,153.00,19.00,2,26.44,0.74,381.00,38.91,Warning
2026-01-10T07:20:00,server_027,42.00,42.00,111.00,276.00,35.00,3,25.34,0.84,393.00,38.26,Warning
2026-01-10T07:25:00,server_028,48.00,41.00,94.00,210.00,26.00,2,25.69,0.75,415.00,40.31,Warning
2026-01-10T07:30:00,server_027,47.00,44.00,123.00,291.00,143.00,1,25.42,0.77,379.00,38.43,Warning
2026-01-10T07:35:00,server_030,47.00,54.00,110.00,158.00,32.00,2,25.58,0.82,427.00,40.72,Warning
2026-01-10T07:40:00,server_016,64.00,52.00,178.00,410.00,35.00,3,25.15,0.74,496.00,44.50,Warning
2026-01-10T07:45:00,server_021,60.00,48.00,180.00,463.00,21.00,2,25.54,0.81,472.00,42.71,Warning
2026-01-10T07:50:00,server_018,58.00,58.00,141.00,321.00,27.00,3,25.50,0.84,484.00,43.91,Warning
2026-01-10T07:55:00,server_027,63.00,61.00,110.00,341.00,27.00,2,25.59,0.85,491.00,43.92,Warning
2026-01-10T08:00:00,server_032,67.00,57.00,216.00,496.00,62.00,2,28.92,0.80,509.00,45.66,Critical
2026-01-10T08:05:00,server_016,57.00,57.00,192.00,179.00,59.00,3,26.97,0.76,471.00,43.84,Warning
2026-01-10T08:10:00,server_003,60.00,52.00,166.00,452.00,192.00,3,28.66,0.78,496.00,44.76,Warning
2026-01-10T08:15:00,server_024,56.00,43.00,104.00,380.00,55.00,1,27.03,0.77,413.00,41.14,Warning
2026-01-10T08:20:00,server_042,63.00,61.00,264.00,379.00,68.00,1,27.42,0.78,476.00,45.01,Critical
2026-01-10T08:25:00,server_048,52.00,52.00,207.00,371.00,88.00,1,27.62,0.81,419.00,41.43,Warning
2026-01-10T08:30:00,server_005,64.00,66.00,135.00,219.00,43.00,2,27.13,0.76,512.00,46.10,Critical
2026-01-10T08:35:00,server_022,60.00,59.00,97.00,150.00,26.00,2,28.77,0.78,478.00,44.56,Warning
2026-01-10T08:40:00,server_043,68.00,74.00,172.00,441.00,78.00,2,26.41,0.80,534.00,46.18,Critical
2026-01-10T08:45:00,server_042,54.00,61.00,75.00,217.00,31.00,2,28.07,0.84,451.00,43.51,Warning
2026-01-10T08:50:00,server_041,52.00,38.00,173.00,242.00,26.00,2,28.95,0.71,426.00,41.89,Warning
2026-01-10T08:55:00,server_050,59.00,67.00,217.00,284.00,126.00,1,28.47,0.82,473.00,43.74,Warning
2026-01-10T09:00:00,server_030,64.00,55.00,195.00,400.00,240.00,3,28.43,0.79,505.00,45.39,Critical
2026-01-10T09:05:00,server_002,66.00,68.00,201.00,214.00,56.00,2,29.66,0.73,513.00,48.31,Critical
2026-01-10T09:10:00,server_034,61.00,67.00,255.00,147.00,37.00,1,29.07,0.79,469.00,43.80,Warning
2026-01-10T09:15:00,server_048,74.00,81.00,289.00,181.00,36.00,2,29.54,0.78,547.00,48.52,Critical
2026-01-10T09:20:00,server_019,63.00,63.00,255.00,297.00,24.00,2,29.46,0.75,511.00,46.23,Critical
2026-01-10T09:25:00,server_002,63.00,49.00,242.00,304.00,46.00,2,29.76,0.80,482.00,43.94,Warning
2026-01-10T09:30:00,server_041,65.00,76.00,224.00,453.00,66.00,1,28.84,0.77,507.00,46.69,Critical
2026-01-10T09:35:00,server_015,56.00,40.00,227.00,358.00,43.00,2,28.50,0.76,442.00,42.40,Warning
2026-01-10T09:40:00,server_048,71.00,60.00,234.00,372.00,49.00,1,29.87,0.82,513.00,46.97,Critical
2026-01-10T09:45:00,server_041,63.00,49.00,109.00,434.00,70.00,2,28.37,0.75,478.00,44.87,Warning
2026-01-10T09:50:00,server_028,62.00,46.00,259.00,355.00,98.00,1,29.36,0.81,455.00,44.33,Warning
2026-01-10T09:55:00,server_021,67.00,49.00,231.00,268.00,31.00,1,28.27,0.79,480.00,44.21,Warning
2026-01-10T10:00:00,server_041,63.00,67.00,162.00,347.00,47.00,2,30.21,0.82,504.00,46.94,Critical
2026-01-10T10:05:00,server_001,62.00,69.00,120.00,135.00,35.00,2,30.09,0.76,490.00,46.86,Critical
2026-01-10T10:10:00,server_016,57.00,53.00,144.00,350.00,39.00,3,30.26,0.77,482.00,45.66,Critical
2026-01-10T10:15:00,server_043,76.00,79.00,294.00,452.00,88.00,2,28.71,0.72,561.00,49.89,Critical
2026-01-10T10:20:00,server_048,66.00,63.00,227.00,181.00,74.00,2,30.97,0.79,511.00,46.94,Critical
2026-01-10T10:25:00,server_035,52.00,55.00,148.00,230.00,81.00,2,31.52,0.78,447.00,43.50,Warning
2026-01-10T10:30:00,server_039,70.00,73.00,115.00,399.00,60.00,2,31.70,0.83,531.00,48.54,Critical
2026-01-10T10:35:00,server_044,73.00,59.00,247.00,194.00,34.00,2,30.86,0.75,516.00,49.09,Critical
2026-01-10T10:40:00,server_031,62.00,60.00,268.00,362.00,32.00,2,30.95,0.83,493.00,45.88,Critical
2026-01-10T10:45:00,server_032,53.00,58.00,128.00,398.00,70.00,1,29.73,0.78,430.00,42.28,Warning
2026-01-10T10:50:00,server_036,57.00,49.00,165.00,361.00,48.00,1,29.87,0.80,443.00,43.09,Warning
2026-01-10T10:55:00,server_020,56.00,47.00,175.00,321.00,43.00,1,29.46,0.79,436.00,43.75,Warning
2026-01-10T11:00:00,server_037,74.00,60.00,162.00,425.00,94.00,2,31.09,0.78,520.00,47.40,Critical
2026-01-10T11:05:00,server_049,72.00,62.00,278.00,286.00,45.00,2,31.31,0.80,539.00,47.93,Critical
2026-01-10T11:10:00,server_033,57.00,55.00,132.00,210.00,36.00,2,30.85,0.78,467.00,43.90,Warning
2026-01-10T11:15:00,server_024,63.00,58.00,176.00,375.00,33.00,2,31.48,0.74,481.00,45.98,Critical
2026-01-10T11:20:00,server_049,61.00,43.00,202.00,454.00,63.00,3,31.15,0.74,494.00,46.21,Critical
2026-01-10T11:25:00,server_034,67.00,66.00,269.00,457.00,62.00,3,29.53,0.78,542.00,47.73,Critical
2026-01-10T11:30:00,server_042,71.00,56.00,208.00,417.00,52.00,1,30.19,0.72,489.00,45.18,Critical
2026-01-10T11:35:00,server_028,61.00,47.00,160.00,391.00,41.00,1,31.55,0.81,456.00,44.44,Warning
2026-01-10T11:40:00,server_013,65.00,50.00,138.00,272.00,49.00,1,31.05,0.80,458.00,44.49,Warning
2026-01-10T11:45:00,server_039,69.00,66.00,111.00,399.00,61.00,2,31.68,0.81,513.00,47.45,Critical
2026-01-10T11:50:00,server_004,65.00,62.00,264.00,347.00,29.00,2,30.47,0.75,509.00,46.64,Critical
2026-01-10T11:55:00,server_019,55.00,36.00,105.00,293.00,29.00,1,31.76,0.78,403.00,42.08,Warning
2026-01-10T12:00:00,server_045,72.00,80.00,119.00,483.00,32.00,2,30.24,0.75,563.00,49.67,Critical
2026-01-10T12:05:00,server_028,59.00,58.00,96.00,275.00,140.00,3,29.96,0.83,478.00,44.93,Warning
2026-01-10T12:10:00,server_006,73.00,73.00,136.00,256.00,29.00,2,30.95,0.80,542.00,48.73,Critical
2026-01-10T12:15:00,server_028,64.00,68.00,253.00,167.00,54.00,2,31.19,0.72,489.00,47.12,Critical
2026-01-10T12:20:00,server_006,70.00,58.00,168.00,259.00,39.00,2,30.67,0.77,513.00,46.03,Critical
2026-01-10T12:25:00,server_016,65.00,65.00,202.00,322.00,87.00,1,32.25,0.76,499.00,45.90,Critical
2026-01-10T12:30:00,server_005,74.00,81.00,183.00,247.00,50.00,3,31.02,0.75,580.00,51.66,Critical
2026-01-10T12:35:00,server_020,73.00,71.00,291.00,213.00,89.00,3,30.82,0.77,559.00,49.83,Critical
2026-01-10T12:40:00,server_031,58.00,45.00,180.00,378.00,63.00,1,31.13,0.79,432.00,44.54,Warning
2026-01-10T12:45:00,server_045,72.00,66.00,251.00,302.00,46.00,3,30.62,0.70,546.00,48.37,Critical
2026-01-10T12:50:00,server_040,63.00,61.00,230.00,284.00,47.00,3,31.64,0.81,518.00,47.72,Critical
2026-01-10T12:55:00,server_021,70.00,63.00,299.00,414.00,103.00,1,31.41,0.79,521.00,47.88,Critical
2026-01-10T13:00:00,server_005,78.00,75.00,217.00,279.00,63.00,3,30.76,0.77,584.00,50.12,Critical
2026-01-10T13:05:00,server_007,67.00,59.00,158.00,416.00,33.00,1,31.51,0.80,481.00,45.56,Critical
2026-01-10T13:10:00,server_027,75.00,53.00,137.00,421.00,50.00,2,31.11,0.81,532.00,47.74,Critical
2026-01-10T13:15:00,server_011,72.00,61.00,299.00,496.00,65.00,2,29.87,0.76,545.00,47.61,Critical
2026-01-10T13:20:00,server_043,61.00,54.00,125.00,193.00,59.00,1,31.08,0.78,458.00,44.68,Warning
2026-01-10T13:25:00,server_024,58.00,57.00,241.00,286.00,58.00,2,31.41,0.78,492.00,47.49,Critical
2026-01-10T13:30:00,server_028,58.00,51.00,234.00,319.00,48.00,3,31.03,0.81,494.00,44.84,Warning
2026-01-10T13:35:00,server_045,65.00,43.00,243.00,333.00,71.00,3,31.77,0.77,497.00,45.46,Critical
2026-01-10T13:40:00,server_037,71.00,69.00,151.00,302.00,42.00,3,31.39,0.86,556.00,47.92,Critical
2026-01-10T13:45:00,server_002,69.00,71.00,152.00,516.00,76.00,2,29.47,0.75,518.00,47.44,Critical
2026-01-10T13:50:00,server_037,69.00,60.00,232.00,413.00,34.00,2,31.16,0.73,510.00,47.25,Critical
2026-01-10T13:55:00,server_041,73.00,58.00,183.00,266.00,26.00,2,30.98,0.73,525.00,48.72,Critical
2026-01-10T14:00:00,server_016,64.00,53.00,242.00,367.00,127.00,2,30.40,0.79,495.00,46.18,Critical
2026-01-10T14:05:00,server_010,60.00,58.00,169.00,367.00,54.00,3,30.49,0.70,495.00,46.42,Critical
2026-01-10T14:10:00,server_003,60.00,53.00,222.00,407.00,23.00,2,30.51,0.85,463.00,42.98,Warning
2026-01-10T14:15:00,server_002,71.00,67.00,268.00,349.00,41.00,1,30.44,0.73,523.00,48.76,Critical
2026-01-10T14:20:00,server_047,63.00,57.00,278.00,244.00,39.00,1,29.27,0.81,466.00,45.37,Critical
2026-01-10T14:25:00,server_014,62.00,55.00,272.00,489.00,36.00,3,29.63,0.72,510.00,46.01,Critical
2026-01-10T14:30:00,server_010,73.00,80.00,190.00,480.00,36.00,2,30.50,0.81,578.00,49.60,Critical
2026-01-10T14:35:00,server_040,66.00,61.00,192.00,358.00,26.00,1,30.01,0.74,495.00,46.13,Critical
2026-01-10T14:40:00,server_021,83.00,65.00,298.00,308.00,48.00,2,30.88,0.75,577.00,50.71,Critical
2026-01-10T14:45:00,server_020,74.00,55.00,256.00,494.00,44.00,3,28.89,0.76,568.00,48.37,Critical
2026-01-10T14:50:00,server_013,66.00,58.00,226.00,348.00,31.00,2,29.52,0.76,508.00,46.27,Critical
2026-01-10T14:55:00,server_040,78.00,85.00,115.00,249.00,34.00,2,31.23,0.78,562.00,51.03,Critical
2026-01-10T15:00:00,server_043,70.00,64.00,232.00,514.00,64.00,2,29.26,0.78,519.00,48.07,Critical
2026-01-10T15:05:00,server_019,63.00,59.00,286.00,300.00,150.00,2,30.22,0.76,513.00,47.43,Critical
2026-01-10T15:10:00,server_021,69.00,64.00,273.00,479.00,32.00,2,27.92,0.75,522.00,47.14,Critical
2026-01-10T15:15:00,server_018,68.00,68.00,116.00,223.00,53.00,2,28.60,0.76,521.00,46.26,Critical
2026-01-10T15:20:00,server_004,63.00,55.00,282.00,186.00,50.00,3,29.67,0.78,511.00,45.35,Critical
2026-01-10T15:25:00,server_009,73.00,75.00,125.00,409.00,59.00,2,28.33,0.76,551.00,49.12,Critical
2026-01-10T15:30:00,server_048,64.00,61.00,189.00,367.00,48.00,2,28.99,0.81,512.00,47.04,Critical
2026-01-10T15:35:00,server_038,67.00,59.00,218.00,204.00,124.00,2,29.21,0.77,507.00,46.41,Critical
2026-01-10T15:40:00,server_012,66.00,53.00,177.00,308.00,53.00,1,29.01,0.77,483.00,45.33,Critical
2026-01-10T15:45:00,server_016,77.00,74.00,211.00,483.00,28.00,2,28.62,0.83,576.00,50.78,Critical
2026-01-10T15:50:00,server_018,72.00,55.00,180.00,256.00,27.00,2,28.42,0.77,514.00,47.49,Critical
2026-01-10T15:55:00,server_043,87.00,69.00,281.00,389.00,76.00,2,28.69,0.80,602.00,50.39,Critical
2026-01-10T16:00:00,server_023,75.00,45.00,245.00,261.00,77.00,1,28.57,0.76,508.00,45.82,Critical
2026-01-10T16:05:00,server_042,61.00,61.00,227.00,355.00,39.00,2,26.66,0.78,491.00,43.87,Warning
2026-01-10T16:10:00,server_010,74.00,60.00,141.00,189.00,36.00,2,26.66,0.77,538.00,47.94,Critical
2026-01-10T16:15:00,server_041,68.00,51.00,297.00,532.00,33.00,1,28.06,0.81,485.00,45.16,Critical
2026-01-10T16:20:00,server_016,74.00,66.00,141.00,466.00,40.00,3,27.24,0.84,563.00,48.13,Critical
2026-01-10T16:25:00,server_020,72.00,68.00,241.00,296.00,103.00,3,27.63,0.81,550.00,47.94,Critical
2026-01-10T16:30:00,server_028,71.00,69.00,313.00,305.00,26.00,2,27.75,0.81,558.00,48.62,Critical
2026-01-10T16:35:00,server_047,67.00,62.00,265.00,275.00,34.00,2,28.04,0.80,519.00,45.93,Critical
2026-01-10T16:40:00,server_044,65.00,46.00,210.00,411.00,36.00,1,27.79,0.83,462.00,44.44,Warning
2026-01-10T16:45:00,server_040,74.00,55.00,168.00,462.00,50.00,1,26.63,0.81,515.00,45.13,Critical
2026-01-10T16:50:00,server_039,68.00,67.00,148.00,369.00,28.00,3,28.39,0.77,548.00,48.94,Critical
2026-01-10T16:55:00,server_048,64.00,68.00,283.00,348.00,29.00,3,28.14,0.81,530.00,46.94,Critical
2026-01-10T17:00:00,server_035,72.00,73.00,127.00,350.00,48.00,1,26.38,0.76,540.00,46.93,Critical
2026-01-10T17:05:00,server_022,73.00,73.00,128.00,305.00,40.00,2,25.46,0.75,554.00,47.32,Critical
2026-01-10T17:10:00,server_008,65.00,53.00,129.00,442.00,62.00,2,25.03,0.81,503.00,44.69,Warning
2026-01-10T17:15:00,server_029,74.00,63.00,188.00,422.00,57.00,2,26.18,0.77,547.00,47.46,Critical
2026-01-10T17:20:00,server_024,70.00,64.00,118.00,449.00,57.00,3,27.13,0.82,542.00,47.22,Critical
2026-01-10T17:25:00,server_023,69.00,53.00,241.00,247.00,45.00,2,25.87,0.80,502.00,46.32,Critical
2026-01-10T17:30:00,server_009,56.00,54.00,213.00,395.00,86.00,2,25.56,0.82,457.00,42.04,Warning
2026-01-10T17:35:00,server_047,76.00,73.00,134.00,263.00,27.00,3,25.22,0.79,578.00,47.91,Critical
2026-01-10T17:40:00,server_004,67.00,71.00,171.00,481.00,44.00,1,24.91,0.78,516.00,46.10,Critical
2026-01-10T17:45:00,server_005,74.00,67.00,301.00,185.00,39.00,1,25.75,0.76,523.00,47.80,Critical
2026-01-10T17:50:00,server_015,68.00,71.00,242.00,394.00,146.00,2,26.26,0.82,515.00,45.97,Critical
2026-01-10T17:55:00,server_011,76.00,56.00,309.00,221.00,138.00,2,25.02,0.71,534.00,47.97,Critical
2026-01-10T18:00:00,server_049,67.00,65.00,129.00,238.00,31.00,1,24.41,0.80,491.00,44.38,Warning
2026-01-10T18:05:00,server_008,64.00,46.00,220.00,418.00,38.00,1,23.51,0.74,465.00,42.98,Warning
2026-01-10T18:10:00,server_013,65.00,56.00,147.00,497.00,137.00,1,24.72,0.79,487.00,43.22,Warning
2026-01-10T18:15:00,server_050,69.00,61.00,239.00,166.00,63.00,2,24.41,0.80,527.00,45.47,Critical
2026-01-10T18:20:00,server_022,66.00,60.00,289.00,168.00,107.00,3,23.60,0.76,516.00,45.63,Critical
2026-01-10T18:25:00,server_048,67.00,47.00,244.00,465.00,26.00,2,24.72,0.79,494.00,44.72,Warning
2026-01-10T18:30:00,server_012,47.00,48.00,149.00,227.00,91.00,3,22.64,0.83,428.00,40.34,Warning
2026-01-10T18:35:00,server_043,63.00,63.00,235.00,193.00,32.00,3,23.83,0.75,515.00,45.42,Critical
2026-01-10T18:40:00,server_027,56.00,56.00,129.00,220.00,35.00,2,24.54,0.80,450.00,42.05,Warning
2026-01-10T18:45:00,server_009,73.00,75.00,194.00,217.00,28.00,3,23.73,0.73,571.00,47.77,Critical
2026-01-10T18:50:00,server_047,71.00,51.00,112.00,205.00,37.00,1,24.14,0.85,489.00,44.48,Warning
2026-01-10T18:55:00,server_027,63.00,71.00,113.00,281.00,27.00,3,25.03,0.78,529.00,45.21,Critical
2026-01-10T19:00:00,server_034,55.00,51.00,142.00,318.00,58.00,3,23.45,0.79,486.00,43.06,Warning
2026-01-10T19:05:00,server_019,63.00,53.00,137.00,234.00,49.00,1,21.27,0.77,467.00,42.85,Warning
2026-01-10T19:10:00,server_047,55.00,64.00,197.00,354.00,58.00,2,22.76,0.81,463.00,42.97,Warning
2026-01-10T19:15:00,server_042,54.00,46.00,130.00,252.00,21.00,3,22.02,0.75,461.00,42.41,Warning
2026-01-10T19:20:00,server_019,59.00,64.00,108.00,179.00,84.00,2,22.58,0.79,478.00,43.44,Warning
2026-01-10T19:25:00,server_010,68.00,62.00,165.00,199.00,42.00,2,22.40,0.80,517.00,44.77,Warning
2026-01-10T19:30:00,server_008,52.00,40.00,143.00,218.00,87.00,2,22.89,0.77,422.00,39.85,Warning
2026-01-10T19:35:00,server_007,59.00,45.00,130.00,393.00,212.00,2,21.75,0.74,454.00,41.76,Warning
2026-01-10T19:40:00,server_028,58.00,53.00,178.00,264.00,32.00,2,21.86,0.74,452.00,43.59,Warning
2026-01-10T19:45:00,server_037,66.00,62.00,160.00,208.00,144.00,2,21.38,0.79,493.00,45.01,Critical
2026-01-10T19:50:00,server_005,63.00,52.00,231.00,285.00,25.00,1,21.99,0.74,457.00,42.58,Warning
2026-01-10T19:55:00,server_033,67.00,75.00,241.00,221.00,76.00,3,22.23,0.82,558.00,46.81,Critical
2026-01-10T20:00:00,server_019,58.00,51.00,98.00,119.00,25.00,2,21.17,0.73,439.00,40.86,Warning
2026-01-10T20:05:00,server_022,62.00,53.00,212.00,418.00,32.00,1,21.20,0.76,471.00,42.70,Warning
2026-01-10T20:10:00,server_005,50.00,40.00,102.00,275.00,67.00,1,20.54,0.76,385.00,38.38,Warning
2026-01-10T20:15:00,server_005,56.00,57.00,121.00,281.00,61.00,3,20.80,0.80,471.00,41.72,Warning
2026-01-10T20:20:00,server_009,63.00,61.00,190.00,400.00,135.00,3,19.72,0.74,515.00,43.69,Warning
2026-01-10T20:25:00,server_009,48.00,42.00,242.00,262.00,54.00,3,21.46,0.78,433.00,40.73,Warning
2026-01-10T20:30:00,server_049,52.00,48.00,120.00,128.00,48.00,2,21.10,0.75,427.00,40.96,Warning
2026-01-10T20:35:00,server_035,52.00,57.00,99.00,327.00,35.00,2,21.62,0.78,439.00,41.05,Warning
2026-01-10T20:40:00,server_024,48.00,55.00,73.00,263.00,31.00,2,20.97,0.82,427.00,39.91,Warning
2026-01-10T20:45:00,server_048,61.00,54.00,135.00,232.00,37.00,2,20.78,0.75,468.00,42.53,Warning
2026-01-10T20:50:00,server_003,60.00,59.00,119.00,298.00,35.00,2,20.56,0.79,476.00,41.50,Warning
2026-01-10T20:55:00,server_001,51.00,39.00,107.00,248.00,18.00,1,19.31,0.81,397.00,38.22,Warning
2026-01-10T21:00:00,server_031,56.00,37.00,225.00,252.00,100.00,1,18.49,0.73,430.00,39.87,Warning
2026-01-10T21:05:00,server_037,48.00,44.00,112.00,283.00,25.00,2,18.43,0.77,423.00,38.92,Warning
2026-01-10T21:10:00,server_012,44.00,49.00,148.00,102.00,17.00,2,17.55,0.73,389.00,37.60,Warning
2026-01-10T21:15:00,server_007,60.00,55.00,145.00,299.00,102.00,2,18.91,0.73,483.00,42.57,Warning
2026-01-10T21:20:00,server_026,58.00,49.00,138.00,242.00,31.00,1,18.85,0.79,441.00,39.38,Warning
2026-01-10T21:25:00,server_041,41.00,27.00,140.00,141.00,214.00,2,19.97,0.81,369.00,36.04,Warning
2026-01-10T21:30:00,server_021,51.00,48.00,188.00,221.00,53.00,2,18.75,0.74,417.00,39.40,Warning
2026-01-10T21:35:00,server_006,52.00,41.00,196.00,242.00,41.00,2,17.87,0.78,429.00,40.68,Warning
2026-01-10T21:40:00,server_024,47.00,44.00,200.00,164.00,48.00,2,19.06,0.84,415.00,38.21,Warning
2026-01-10T21:45:00,server_039,53.00,47.00,185.00,223.00,53.00,2,18.73,0.78,431.00,39.73,Warning
2026-01-10T21:50:00,server_050,37.00,30.00,144.00,248.00,60.00,1,19.02,0.75,339.00,35.53,Warning
2026-01-10T21:55:00,server_019,37.00,27.00,123.00,163.00,43.00,3,17.48,0.73,363.00,35.93,Warning
2026-01-10T22:00:00,server_045,45.00,49.00,93.00,187.00,49.00,1,17.56,0.81,388.00,35.87,Warning
2026-01-10T22:05:00,server_008,46.00,42.00,166.00,392.00,19.00,2,17.59,0.79,403.00,37.87,Warning
2026-01-10T22:10:00,server_029,40.00,38.00,86.00,274.00,65.00,3,17.96,0.72,373.00,36.64,Warning
2026-01-10T22:15:00,server_002,48.00,48.00,175.00,227.00,182.00,3,18.41,0.78,438.00,39.62,Warning
2026-01-10T22:20:00,server_031,50.00,46.00,90.00,245.00,37.00,2,17.93,0.79,407.00,37.70,Warning
2026-01-10T22:25:00,server_026,45.00,44.00,172.00,163.00,18.00,3,17.84,0.77,418.00,38.93,Warning
2026-01-10T22:30:00,server_030,46.00,48.00,155.00,317.00,16.00,2,17.45,0.78,411.00,38.20,Warning
2026-01-10T22:35:00,server_037,45.00,54.00,90.00,367.00,116.00,2,17.19,0.85,400.00,38.42,Warning
2026-01-10T22:40:00,server_036,60.00,61.00,217.00,148.00,38.00,2,17.96,0.74,491.00,41.51,Warning
2026-01-10T22:45:00,server_009,33.00,35.00,91.00,96.00,15.00,2,17.90,0.76,326.00,35.07,Warning
2026-01-10T22:50:00,server_028,51.00,54.00,136.00,287.00,19.00,1,18.91,0.78,420.00,38.70,Warning
2026-01-10T22:55:00,server_038,48.00,50.00,88.00,158.00,27.00,2,18.05,0.85,424.00,38.35,Warning
2026-01-10T23:00:00,server_022,48.00,43.00,158.00,283.00,59.00,2,16.80,0.77,407.00,38.53,Warning
2026-01-10T23:05:00,server_026,50.00,38.00,191.00,393.00,35.00,2,17.41,0.80,429.00,39.17,Warning
2026-01-10T23:10:00,server_047,54.00,47.00,114.00,167.00,31.00,2,18.14,0.78,430.00,38.94,Warning
2026-01-10T23:15:00,server_048,40.00,46.00,178.00,112.00,24.00,1,16.14,0.80,372.00,35.90,Warning
2026-01-10T23:20:00,server_026,46.00,38.00,156.00,329.00,126.00,1,17.24,0.77,377.00,36.60,Warning
2026-01-10T23:25:00,server_034,41.00,42.00,150.00,114.00,30.00,2,17.37,0.74,380.00,35.86,Warning
2026-01-10T23:30:00,server_023,47.00,48.00,186.00,230.00,65.00,2,17.31,0.77,423.00,38.77,Warning
2026-01-10T23:35:00,server_044,51.00,54.00,106.00,151.00,58.00,2,17.87,0.80,428.00,39.03,Warning
2026-01-10T23:40:00,server_019,45.00,40.00,114.00,189.00,70.00,3,17.79,0.78,401.00,37.72,Warning
2026-01-10T23:45:00,server_017,45.00,51.00,184.00,146.00,70.00,2,18.66,0.73,412.00,37.41,Warning
2026-01-10T23:50:00,server_044,50.00,43.00,153.00,215.00,69.00,2,17.58,0.71,413.00,38.18,Warning
2026-01-10T23:55:00,server_005,43.00,41.00,113.00,191.00,67.00,2,16.95,0.78,389.00,35.90,Warning
2026-01-11T00:00:00,server_027,38.00,31.00,86.00,168.00,117.00,1,16.99,0.73,327.00,35.98,Warning
2026-01-11T00:05:00,server_046,42.00,49.00,118.00,177.00,90.00,2,17.80,0.78,395.00,36.98,Warning
2026-01-11T00:10:00,server_024,49.00,50.00,183.00,119.00,46.00,3,16.24,0.84,435.00,38.48,Warning
2026-01-11T00:15:00,server_007,42.00,39.00,172.00,287.00,16.00,2,15.61,0.74,380.00,36.20,Warning
2026-01-11T00:20:00,server_024,53.00,36.00,130.00,398.00,37.00,3,16.96,0.77,438.00,38.26,Warning
2026-01-11T00:25:00,server_027,50.00,49.00,164.00,410.00,67.00,3,17.80,0.83,438.00,39.85,Warning
2026-01-11T00:30:00,server_024,47.00,38.00,108.00,385.00,33.00,3,16.76,0.77,421.00,37.35,Warning
2026-01-11T00:35:00,server_002,38.00,33.00,144.00,201.00,17.00,2,17.71,0.78,371.00,36.32,Warning
2026-01-11T00:40:00,server_024,37.00,41.00,128.00,180.00,16.00,1,18.42,0.77,346.00,35.71,Warning
2026-01-11T00:45:00,server_025,44.00,40.00,86.00,121.00,55.00,2,16.94,0.84,384.00,36.83,Warning
2026-01-11T00:50:00,server_016,47.00,51.00,152.00,273.00,71.00,2,17.84,0.79,412.00,37.69,Warning
2026-01-11T00:55:00,server_017,37.00,33.00,95.00,136.00,73.00,2,15.96,0.79,343.00,34.22,Normal
2026-01-11T01:00:00,server_025,36.00,33.00,90.00,180.00,91.00,2,17.35,0.81,343.00,35.08,Warning
2026-01-11T01:05:00,server_045,45.00,41.00,192.00,281.00,18.00,2,15.72,0.79,390.00,37.07,Warning
2026-01-11T01:10:00,server_046,35.00,37.00,106.00,179.00,14.00,1,17.83,0.84,327.00,33.91,Normal
2026-01-11T01:15:00,server_025,42.00,46.00,79.00,149.00,83.00,2,17.60,0.80,386.00,35.95,Warning
2026-01-11T01:20:00,server_007,36.00,33.00,66.00,273.00,14.00,1,17.48,0.81,335.00,35.04,Warning
2026-01-11T01:25:00,server_039,39.00,48.00,138.00,124.00,71.00,2,17.44,0.73,374.00,36.01,Warning
2026-01-11T01:30:00,server_004,40.00,51.00,159.00,209.00,53.00,2,17.33,0.79,378.00,36.30,Warning
2026-01-11T01:35:00,server_017,50.00,36.00,146.00,349.00,26.00,1,17.10,0.75,395.00,37.25,Warning
2026-01-11T01:40:00,server_034,36.00,47.00,101.00,207.00,170.00,1,17.35,0.74,358.00,35.27,Warning
2026-01-11T01:45:00,server_050,32.00,31.00,64.00,254.00,67.00,2,17.24,0.79,319.00,32.41,Normal
2026-01-11T01:50:00,server_033,33.00,27.00,84.00,212.00,23.00,3,18.53,0.81,343.00,34.01,Normal
2026-01-11T01:55:00,server_006,49.00,49.00,96.00,265.00,18.00,3,17.66,0.82,428.00,38.57,Warning
2026-01-11T02:00:00,server_037,39.00,45.00,121.00,182.00,42.00,3,18.57,0.80,394.00,37.36,Warning
2026-01-11T02:05:00,server_010,38.00,40.00,149.00,171.00,26.00,2,18.03,0.82,372.00,36.02,Warning
2026-01-11T02:10:00,server_027,51.00,58.00,94.00,210.00,58.00,3,16.53,0.87,449.00,39.60,Warning
2026-01-11T02:15:00,server_016,36.00,30.00,127.00,138.00,20.00,2,18.95,0.81,353.00,35.63,Warning
2026-01-11T02:20:00,server_016,40.00,44.00,145.00,153.00,17.00,2,17.62,0.80,379.00,35.99,Warning
2026-01-11T02:25:00,server_033,46.00,39.00,190.00,248.00,16.00,3,17.82,0.76,420.00,39.43,Warning
2026-01-11T02:30:00,server_039,34.00,31.00,97.00,281.00,51.00,2,17.32,0.78,342.00,35.98,Warning
2026-01-11T02:35:00,server_004,42.00,36.00,166.00,285.00,26.00,2,17.51,0.73,386.00,37.47,Warning
2026-01-11T02:40:00,server_016,38.00,33.00,65.00,252.00,39.00,2,18.04,0.82,354.00,35.27,Warning
2026-01-11T02:45:00,server_004,32.00,39.00,148.00,134.00,18.00,3,17.68,0.86,354.00,34.73,Normal
2026-01-11T02:50:00,server_027,46.00,48.00,178.00,316.00,18.00,1,18.61,0.74,383.00,38.27,Warning
2026-01-11T02:55:00,server_047,28.00,24.00,58.00,234.00,15.00,3,17.81,0.80,321.00,33.88,Normal
2026-01-11T03:00:00,server_003,42.00,44.00,194.00,167.00,36.00,2,19.18,0.77,374.00,38.02,Warning
2026-01-11T03:05:00,server_020,38.00,43.00,107.00,158.00,91.00,3,18.96,0.79,381.00,37.73,Warning
2026-01-11T03:10:00,server_023,47.00,45.00,137.00,151.00,21.00,3,19.76,0.76,403.00,38.78,Warning
2026-01-11T03:15:00,server_020,46.00,46.00,117.00,300.00,30.00,3,19.56,0.81,418.00,38.61,Warning
2026-01-11T03:20:00,server_003,40.00,38.00,141.00,158.00,145.00,2,18.57,0.77,372.00,35.39,Warning
2026-01-11T03:25:00,server_037,48.00,49.00,99.00,397.00,47.00,2,20.66,0.77,403.00,38.44,Warning
2026-01-11T03:30:00,server_040,40.00,46.00,100.00,279.00,43.00,3,21.02,0.72,388.00,38.46,Warning
2026-01-11T03:35:00,server_044,43.00,38.00,157.00,129.00,28.00,2,19.22,0.77,377.00,35.62,Warning
2026-01-11T03:40:00,server_026,39.00,37.00,104.00,186.00,25.00,3,18.81,0.85,379.00,36.98,Warning
2026-01-11T03:45:00,server_015,36.00,35.00,97.00,163.00,59.00,1,19.60,0.82,334.00,35.35,Warning
2026-01-11T03:50:00,server_028,44.00,45.00,53.00,241.00,46.00,2,19.15,0.79,391.00,38.35,Warning
2026-01-11T03:55:00,server_009,36.00,35.00,90.00,259.00,14.00,1,18.52,0.80,340.00,35.18,Warning
2026-01-11T04:00:00,server_009,39.00,37.00,142.00,131.00,75.00,2,20.33,0.80,365.00,37.01,Warning
2026-01-11T04:05:00,server_033,50.00,49.00,219.00,306.00,33.00,2,20.65,0.80,422.00,39.31,Warning
2026-01-11T04:10:00,server_007,52.00,47.00,181.00,372.00,38.00,1,20.39,0.75,424.00,39.94,Warning
2026-01-11T04:15:00,server_026,52.00,42.00,121.00,344.00,30.00,2,21.04,0.84,427.00,39.80,Warning
2026-01-11T04:20:00,server_040,32.00,28.00,88.00,139.00,21.00,2,20.61,0.81,316.00,34.40,Normal
2026-01-11T04:25:00,server_014,47.00,48.00,112.00,161.00,24.00,3,19.95,0.73,423.00,38.66,Warning
2026-01-11T04:30:00,server_034,41.00,36.00,146.00,213.00,117.00,1,19.80,0.74,354.00,36.71,Warning
2026-01-11T04:35:00,server_040,53.00,41.00,131.00,280.00,61.00,1,20.02,0.78,417.00,38.83,Warning
2026-01-11T04:40:00,server_042,41.00,46.00,103.00,210.00,83.00,1,20.55,0.79,379.00,37.19,Warning
2026-01-11T04:45:00,server_003,31.00,25.00,121.00,167.00,76.00,3,20.48,0.79,337.00,34.85,Normal
2026-01-11T04:50:00,server_024,39.00,36.00,154.00,129.00,24.00,3,20.47,0.78,379.00,37.21,Warning
2026-01-11T04:55:00,server_015,48.00,46.00,131.00,231.00,98.00,1,20.82,0.77,399.00,39.12,Warning
2026-01-11T05:00:00,server_005,41.00,44.00,154.00,183.00,18.00,1,22.13,0.78,375.00,38.02,Warning
2026-01-11T05:05:00,server_024,39.00,37.00,136.00,67.00,78.00,2,22.19,0.77,365.00,38.16,Warning
2026-01-11T05:10:00,server_042,52.00,48.00,147.00,231.00,30.00,2,22.21,0.77,423.00,39.87,Warning
2026-01-11T05:15:00,server_006,37.00,45.00,79.00,250.00,16.00,3,20.65,0.82,379.00,37.59,Warning
2026-01-11T05:20:00,server_033,49.00,42.00,204.00,252.00,22.00,3,22.91,0.77,425.00,40.10,Warning
2026-01-11T05:25:00,server_014,43.00,33.00,167.00,246.00,32.00,3,22.85,0.72,400.00,38.45,Warning
2026-01-11T05:30:00,server_011,49.00,51.00,137.00,252.00,70.00,3,21.72,0.73,449.00,40.57,Warning
2026-01-11T05:35:00,server_014,60.00,65.00,219.00,436.00,56.00,3,21.23,0.80,511.00,42.97,Warning
2026-01-11T05:40:00,server_043,40.00,38.00,93.00,321.00,24.00,3,21.37,0.79,388.00,37.24,Warning
2026-01-11T05:45:00,server_010,43.00,34.00,126.00,190.00,40.00,2,22.86,0.75,379.00,36.87,Warning
2026-01-11T05:50:00,server_020,38.00,32.00,153.00,216.00,89.00,1,22.63,0.81,346.00,36.70,Warning
2026-01-11T05:55:00,server_034,42.00,50.00,78.00,166.00,59.00,2,21.22,0.76,377.00,37.53,Warning
2026-01-11T06:00:00,server_007,35.00,33.00,53.00,259.00,31.00,1,24.77,0.79,318.00,35.28,Warning
2026-01-11T06:05:00,server_047,52.00,55.00,165.00,395.00,54.00,3,23.74,0.84,456.00,40.33,Warning
2026-01-11T06:10:00,server_023,50.00,53.00,147.00,348.00,91.00,2,22.84,0.83,429.00,39.85,Warning
2026-01-11T06:15:00,server_041,43.00,45.00,167.00,218.00,16.00,1,23.71,0.74,378.00,38.21,Warning
2026-01-11T06:20:00,server_047,46.00,55.00,215.00,373.00,60.00,1,23.53,0.74,399.00,39.14,Warning
2026-01-11T06:25:00,server_032,50.00,38.00,149.00,385.00,66.00,2,23.95,0.79,417.00,41.03,Warning
2026-01-11T06:30:00,server_040,59.00,67.00,186.00,431.00,47.00,1,25.39,0.79,471.00,42.79,Warning
2026-01-11T06:35:00,server_044,49.00,49.00,99.00,257.00,23.00,3,23.49,0.75,451.00,41.63,Warning
2026-01-11T06:40:00,server_040,42.00,46.00,124.00,316.00,88.00,3,24.20,0.81,427.00,40.86,Warning
2026-01-11T06:45:00,server_048,47.00,43.00,110.00,200.00,18.00,3,25.29,0.76,427.00,40.88,Warning
2026-01-11T06:50:00,server_019,47.00,48.00,80.00,133.00,44.00,1,24.96,0.77,391.00,39.06,Warning
2026-01-11T06:55:00,server_007,48.00,59.00,102.00,114.00,28.00,3,23.76,0.80,448.00,41.79,Warning
2026-01-11T07:00:00,server_018,45.00,46.00,180.00,132.00,39.00,2,26.23,0.76,408.00,40.44,Warning
2026-01-11T07:05:00,server_002,48.00,54.00,127.00,310.00,26.00,3,26.58,0.80,437.00,41.15,Warning
2026-01-11T07:10:00,server_042,39.00,36.00,151.00,292.00,35.00,2,25.48,0.73,363.00,37.49,Warning
2026-01-11T07:15:00,server_038,52.00,57.00,200.00,273.00,48.00,3,25.87,0.80,459.00,41.67,Warning
2026-01-11T07:20:00,server_050,47.00,50.00,182.00,143.00,96.00,2,24.81,0.77,416.00,40.94,Warning
2026-01-11T07:25:00,server_050,38.00,43.00,132.00,118.00,59.00,2,26.12,0.76,358.00,37.24,Warning
2026-01-11T07:30:00,server_002,40.00,43.00,194.00,294.00,24.00,2,26.39,0.78,382.00,39.30,Warning
2026-01-11T07:35:00,server_037,57.00,51.00,216.00,404.00,42.00,3,24.66,0.79,479.00,43.36,Warning
2026-01-11T07:40:00,server_043,56.00,47.00,209.00,125.00,78.00,2,26.34,0.80,458.00,43.37,Warning
2026-01-11T07:45:00,server_014,63.00,54.00,222.00,198.00,57.00,2,25.16,0.75,487.00,43.66,Warning
2026-01-11T07:50:00,server_011,43.00,47.00,171.00,161.00,25.00,1,25.37,0.72,365.00,38.69,Warning
2026-01-11T07:55:00,server_048,60.00,41.00,168.00,426.00,54.00,2,25.42,0.78,477.00,42.83,Warning
2026-01-11T08:00:00,server_050,59.00,65.00,130.00,228.00,36.00,1,27.54,0.75,464.00,44.80,Warning
2026-01-11T08:05:00,server_016,58.00,46.00,97.00,172.00,152.00,3,26.89,0.79,474.00,43.82,Warning
2026-01-11T08:10:00,server_016,53.00,52.00,191.00,334.00,56.00,1,27.65,0.76,417.00,41.72,Warning
2026-01-11T08:15:00,server_034,55.00,41.00,258.00,296.00,53.00,1,27.72,0.80,407.00,41.09,Warning
2026-01-11T08:20:00,server_039,56.00,50.00,250.00,279.00,39.00,3,28.31,0.74,490.00,44.14,Warning
2026-01-11T08:25:00,server_007,65.00,58.00,293.00,164.00,108.00,3,27.30,0.80,523.00,46.78,Critical
2026-01-11T08:30:00,server_048,67.00,42.00,257.00,465.00,59.00,1,27.52,0.79,471.00,42.19,Warning
2026-01-11T08:35:00,server_005,52.00,54.00,141.00,212.00,20.00,3,26.75,0.78,455.00,43.09,Warning
2026-01-11T08:40:00,server_024,54.00,43.00,100.00,164.00,34.00,1,25.65,0.81,411.00,40.64,Warning
2026-01-11T08:45:00,server_036,56.00,55.00,167.00,224.00,36.00,3,28.13,0.76,472.00,43.36,Warning
2026-01-11T08:50:00,server_026,57.00,49.00,168.00,179.00,47.00,2,27.86,0.76,451.00,42.06,Warning
2026-01-11T08:55:00,server_007,48.00,31.00,61.00,162.00,51.00,3,26.70,0.76,395.00,40.72,Warning
2026-01-11T09:00:00,server_021,50.00,50.00,96.00,250.00,31.00,1,30.15,0.81,403.00,41.95,Warning
2026-01-11T09:05:00,server_018,48.00,62.00,119.00,331.00,85.00,2,29.33,0.72,431.00,43.23,Warning
2026-01-11T09:10:00,server_031,54.00,60.00,120.00,370.00,37.00,2,30.02,0.79,456.00,44.36,Warning
2026-01-11T09:15:00,server_047,56.00,44.00,152.00,413.00,25.00,3,29.17,0.76,459.00,43.67,Warning
2026-01-11T09:20:00,server_048,59.00,60.00,206.00,276.00,90.00,1,29.16,0.76,459.00,44.72,Warning
2026-01-11T09:25:00,server_026,60.00,58.00,200.00,164.00,41.00,2,29.75,0.79,474.00,44.90,Warning
2026-01-11T09:30:00,server_040,69.00,72.00,102.00,179.00,32.00,3,28.54,0.82,551.00,47.87,Critical
2026-01-11T09:35:00,server_007,52.00,55.00,160.00,344.00,25.00,2,28.73,0.83,449.00,42.94,Warning
2026-01-11T09:40:00,server_003,49.00,47.00,88.00,305.00,23.00,2,28.19,0.77,407.00,40.95,Warning
2026-01-11T09:45:00,server_030,62.00,68.00,178.00,427.00,129.00,1,28.71,0.71,481.00,45.92,Critical
2026-01-11T09:50:00,server_011,54.00,61.00,227.00,233.00,74.00,2,28.06,0.78,462.00,42.49,Warning
2026-01-11T09:55:00,server_018,59.00,44.00,215.00,264.00,48.00,3,27.96,0.81,470.00,43.41,Warning
2026-01-11T10:00:00,server_038,60.00,66.00,206.00,423.00,90.00,1,30.77,0.79,475.00,44.16,Warning
2026-01-11T10:05:00,server_050,69.00,72.00,143.00,274.00,25.00,2,28.82,0.81,517.00,46.47,Critical
2026-01-11T10:10:00,server_034,53.00,47.00,176.00,189.00,28.00,3,29.02,0.73,459.00,44.66,Warning
2026-01-11T10:15:00,server_001,65.00,66.00,219.00,401.00,108.00,2,30.26,0.74,511.00,47.32,Critical
2026-01-11T10:20:00,server_010,64.00,65.00,143.00,448.00,96.00,2,28.93,0.80,512.00,45.61,Critical
2026-01-11T10:25:00,server_049,63.00,68.00,273.00,458.00,52.00,2,29.72,0.83,505.00,46.02,Critical
2026-01-11T10:30:00,server_011,66.00,73.00,152.00,318.00,34.00,1,31.10,0.82,500.00,46.96,Critical
2026-01-11T10:35:00,server_003,64.00,60.00,132.00,303.00,167.00,2,30.93,0.78,503.00,46.25,Critical
2026-01-11T10:40:00,server_029,62.00,52.00,152.00,254.00,26.00,1,30.55,0.81,451.00,43.58,Warning
2026-01-11T10:45:00,server_048,55.00,48.00,180.00,247.00,37.00,2,30.26,0.79,440.00,43.26,Warning
2026-01-11T10:50:00,server_012,67.00,52.00,127.00,315.00,78.00,3,30.66,0.76,513.00,48.10,Critical
2026-01-11T10:55:00,server_035,52.00,33.00,114.00,270.00,27.00,2,29.31,0.78,406.00,41.46,Warning
2026-01-11T11:00:00,server_042,66.00,58.00,201.00,342.00,40.00,1,30.49,0.76,498.00,45.30,Critical
2026-01-11T11:05:00,server_036,59.00,37.00,245.00,378.00,60.00,2,31.10,0.70,445.00,44.76,Warning
2026-01-11T11:10:00,server_015,70.00,61.00,304.00,382.00,105.00,1,30.95,0.77,522.00,47.77,Critical
2026-01-11T11:15:00,server_009,67.00,80.00,152.00,333.00,72.00,2,30.15,0.76,551.00,48.92,Critical
2026-01-11T11:20:00,server_022,64.00,64.00,176.00,238.00,84.00,1,30.42,0.73,485.00,45.40,Critical
2026-01-11T11:25:00,server_009,73.00,65.00,170.00,256.00,66.00,2,30.93,0.84,540.00,48.57,Critical
2026-01-11T11:30:00,server_030,64.00,68.00,106.00,263.00,40.00,2,30.39,0.74,498.00,46.91,Critical
2026-01-11T11:35:00,server_018,72.00,52.00,199.00,549.00,58.00,2,31.09,0.77,542.00,47.84,Critical
2026-01-11T11:40:00,server_024,77.00,62.00,331.00,417.00,40.00,2,31.13,0.72,557.00,50.96,Critical
2026-01-11T11:45:00,server_045,62.00,49.00,145.00,161.00,48.00,3,30.45,0.83,493.00,45.78,Critical
2026-01-11T11:50:00,server_046,71.00,65.00,223.00,299.00,38.00,2,30.01,0.80,538.00,49.05,Critical
2026-01-11T11:55:00,server_010,59.00,48.00,102.00,357.00,99.00,1,30.42,0.78,442.00,42.82,Warning
2026-01-11T12:00:00,server_029,67.00,67.00,256.00,355.00,41.00,3,30.64,0.83,543.00,47.64,Critical
2026-01-11T12:05:00,server_008,63.00,48.00,258.00,348.00,26.00,3,30.65,0.83,491.00,45.73,Critical
2026-01-11T12:10:00,server_012,80.00,63.00,188.00,601.00,52.00,3,31.30,0.79,603.00,50.83,Critical
2026-01-11T12:15:00,server_023,68.00,74.00,271.00,432.00,57.00,1,32.88,0.79,517.00,48.27,Critical
2026-01-11T12:20:00,server_020,69.00,76.00,279.00,434.00,44.00,2,30.00,0.80,535.00,48.11,Critical
2026-01-11T12:25:00,server_026,64.00,39.00,244.00,288.00,32.00,1,30.95,0.87,465.00,43.75,Warning
2026-01-11T12:30:00,server_015,67.00,68.00,253.00,234.00,25.00,2,31.53,0.79,526.00,48.64,Critical
2026-01-11T12:35:00,server_022,75.00,65.00,262.00,489.00,32.00,2,31.22,0.82,557.00,48.97,Critical
2026-01-11T12:40:00,server_028,62.00,53.00,131.00,214.00,68.00,2,30.83,0.80,462.00,43.15,Warning
2026-01-11T12:45:00,server_040,75.00,74.00,166.00,507.00,60.00,2,32.06,0.78,547.00,49.79,Critical
2026-01-11T12:50:00,server_034,68.00,57.00,245.00,455.00,43.00,2,29.89,0.77,502.00,46.28,Critical
2026-01-11T12:55:00,server_034,62.00,57.00,247.00,288.00,75.00,2,32.40,0.75,472.00,45.88,Critical
2026-01-11T13:00:00,server_023,75.00,52.00,249.00,348.00,39.00,2,31.06,0.76,527.00,47.97,Critical
2026-01-11T13:05:00,server_015,65.00,50.00,177.00,188.00,28.00,3,30.26,0.77,494.00,46.90,Critical
2026-01-11T13:10:00,server_011,71.00,62.00,228.00,476.00,47.00,1,30.39,0.82,498.00,46.83,Critical
2026-01-11T13:15:00,server_023,73.00,57.00,207.00,330.00,72.00,2,30.47,0.72,528.00,47.80,Critical
2026-01-11T13:20:00,server_045,76.00,49.00,293.00,167.00,96.00,3,30.08,0.77,551.00,48.50,Critical
2026-01-11T13:25:00,server_028,67.00,65.00,305.00,432.00,56.00,2,31.08,0.80,521.00,46.89,Critical
2026-01-11T13:30:00,server_001,64.00,67.00,135.00,405.00,34.00,3,30.41,0.77,534.00,46.78,Critical
2026-01-11T13:35:00,server_029,67.00,67.00,197.00,301.00,24.00,3,30.63,0.79,533.00,48.36,Critical
2026-01-11T13:40:00,server_039,71.00,55.00,124.00,528.00,29.00,3,30.81,0.78,532.00,48.17,Critical
2026-01-11T13:45:00,server_023,72.00,65.00,124.00,182.00,44.00,2,31.79,0.79,531.00,47.61,Critical
2026-01-11T13:50:00,server_037,66.00,58.00,98.00,440.00,64.00,1,32.36,0.76,481.00,46.53,Critical
2026-01-11T13:55:00,server_007,80.00,74.00,255.00,350.00,42.00,2,30.53,0.79,585.00,50.66,Critical
2026-01-11T14:00:00,server_044,73.00,70.00,149.00,256.00,40.00,1,30.35,0.76,528.00,48.59,Critical
2026-01-11T14:05:00,server_034,67.00,73.00,157.00,389.00,33.00,2,30.67,0.77,518.00,47.22,Critical
2026-01-11T14:10:00,server_029,64.00,59.00,117.00,248.00,109.00,2,30.34,0.81,498.00,45.72,Critical
2026-01-11T14:15:00,server_019,61.00,51.00,279.00,375.00,27.00,2,29.90,0.80,480.00,44.77,Warning
2026-01-11T14:20:00,server_028,70.00,63.00,297.00,413.00,65.00,2,29.76,0.84,533.00,48.56,Critical
2026-01-11T14:25:00,server_034,66.00,52.00,270.00,314.00,58.00,3,30.49,0.76,525.00,46.35,Critical
2026-01-11T14:30:00,server_032,82.00,80.00,255.00,306.00,104.00,3,29.76,0.73,614.00,51.95,Critical
2026-01-11T14:35:00,server_029,67.00,72.00,284.00,247.00,34.00,3,30.77,0.77,551.00,48.89,Critical
2026-01-11T14:40:00,server_005,61.00,48.00,131.00,228.00,35.00,2,29.96,0.78,462.00,44.89,Warning
2026-01-11T14:45:00,server_029,66.00,68.00,278.00,306.00,25.00,2,30.99,0.79,519.00,46.98,Critical
2026-01-11T14:50:00,server_022,66.00,50.00,174.00,305.00,103.00,1,29.46,0.81,472.00,43.40,Warning
2026-01-11T14:55:00,server_002,66.00,63.00,148.00,330.00,61.00,2,29.76,0.67,501.00,47.33,Critical
2026-01-11T15:00:00,server_037,76.00,66.00,234.00,353.00,49.00,1,29.48,0.84,549.00,48.39,Critical
2026-01-11T15:05:00,server_003,68.00,76.00,116.00,267.00,41.00,2,27.92,0.79,541.00,47.40,Critical
2026-01-11T15:10:00,server_023,61.00,49.00,155.00,244.00,103.00,2,29.31,0.78,460.00,43.55,Warning
2026-01-11T15:15:00,server_033,74.00,54.00,254.00,408.00,62.00,2,28.14,0.83,524.00,46.12,Critical
2026-01-11T15:20:00,server_029,74.00,60.00,116.00,396.00,83.00,2,28.95,0.77,531.00,47.30,Critical
2026-01-11T15:25:00,server_011,81.00,56.00,355.00,261.00,86.00,2,28.46,0.75,546.00,49.32,Critical
2026-01-11T15:30:00,server_034,67.00,68.00,173.00,199.00,44.00,3,28.13,0.82,523.00,46.38,Critical
2026-01-11T15:35:00,server_014,69.00,72.00,227.00,257.00,28.00,1,28.14,0.76,508.00,46.85,Critical
2026-01-11T15:40:00,server_011,64.00,55.00,143.00,474.00,61.00,1,29.03,0.84,482.00,44.40,Warning
2026-01-11T15:45:00,server_038,73.00,57.00,302.00,252.00,47.00,2,28.19,0.86,529.00,46.48,Critical
2026-01-11T15:50:00,server_046,74.00,76.00,150.00,442.00,36.00,3,29.78,0.81,579.00,49.67,Critical
2026-01-11T15:55:00,server_049,72.00,73.00,196.00,420.00,29.00,2,29.28,0.72,556.00,49.70,Critical
2026-01-11T16:00:00,server_050,72.00,68.00,286.00,457.00,45.00,3,27.23,0.76,547.00,47.13,Critical
2026-01-11T16:05:00,server_033,61.00,56.00,158.00,406.00,46.00,3,28.12,0.82,493.00,45.34,Critical
2026-01-11T16:10:00,server_049,60.00,67.00,254.00,465.00,77.00,2,27.12,0.75,498.00,45.40,Critical
2026-01-11T16:15:00,server_026,56.00,42.00,95.00,172.00,34.00,1,28.67,0.76,407.00,41.15,Warning
2026-01-11T16:20:00,server_009,65.00,63.00,271.00,177.00,46.00,1,27.02,0.76,489.00,45.63,Critical
2026-01-11T16:25:00,server_040,75.00,67.00,255.00,410.00,59.00,2,27.54,0.77,548.00,48.75,Critical
2026-01-11T16:30:00,server_012,66.00,67.00,161.00,253.00,40.00,3,28.97,0.83,518.00,47.50,Critical
2026-01-11T16:35:00,server_006,81.00,83.00,185.00,336.00,39.00,2,26.32,0.82,592.00,49.58,Critical
2026-01-11T16:40:00,server_005,57.00,41.00,123.00,206.00,101.00,1,28.37,0.78,422.00,41.69,Warning
2026-01-11T16:45:00,server_035,73.00,66.00,162.00,492.00,35.00,3,27.34,0.82,563.00,48.20,Critical
2026-01-11T16:50:00,server_049,65.00,70.00,259.00,429.00,48.00,2,25.79,0.81,522.00,47.12,Critical
2026-01-11T16:55:00,server_043,65.00,62.00,236.00,137.00,55.00,3,28.55,0.81,513.00,46.25,Critical
2026-01-11T17:00:00,server_040,67.00,64.00,266.00,247.00,167.00,3,25.05,0.81,526.00,45.73,Critical
2026-01-11T17:05:00,server_009,67.00,49.00,233.00,502.00,29.00,2,25.78,0.83,502.00,43.99,Warning
2026-01-11T17:10:00,server_021,63.00,47.00,254.00,485.00,27.00,1,26.27,0.78,469.00,43.85,Warning
2026-01-11T17:15:00,server_011,67.00,63.00,191.00,478.00,52.00,2,27.15,0.80,517.00,45.67,Critical
2026-01-11T17:20:00,server_028,66.00,62.00,107.00,156.00,29.00,1,25.29,0.79,491.00,45.91,Critical
2026-01-11T17:25:00,server_030,67.00,65.00,152.00,241.00,83.00,2,25.70,0.84,495.00,43.99,Warning
2026-01-11T17:30:00,server_043,75.00,52.00,277.00,453.00,29.00,2,26.61,0.80,540.00,47.81,Critical
2026-01-11T17:35:00,server_047,72.00,69.00,296.00,247.00,28.00,2,25.12,0.80,545.00,47.38,Critical
2026-01-11T17:40:00,server_008,78.00,74.00,273.00,374.00,36.00,2,27.41,0.76,577.00,50.40,Critical
2026-01-11T17:45:00,server_023,68.00,70.00,309.00,400.00,31.00,2,26.14,0.79,528.00,46.24,Critical
2026-01-11T17:50:00,server_007,68.00,47.00,206.00,184.00,51.00,2,26.28,0.77,499.00,45.83,Critical
2026-01-11T17:55:00,server_050,61.00,73.00,111.00,140.00,37.00,2,26.81,0.81,499.00,44.63,Warning
2026-01-11T18:00:00,server_012,62.00,64.00,133.00,187.00,22.00,1,23.24,0.69,466.00,43.92,Warning
2026-01-11T18:05:00,server_015,54.00,42.00,123.00,220.00,55.00,3,23.69,0.74,445.00,41.10,Warning
2026-01-11T18:10:00,server_007,65.00,45.00,207.00,300.00,29.00,3,23.98,0.87,494.00,42.97,Warning
2026-01-11T18:15:00,server_038,68.00,58.00,121.00,266.00,36.00,2,23.52,0.81,518.00,44.93,Warning
2026-01-11T18:20:00,server_045,65.00,56.00,114.00,252.00,56.00,2,23.43,0.78,498.00,43.85,Warning
2026-01-11T18:25:00,server_017,66.00,66.00,255.00,415.00,49.00,2,25.34,0.83,525.00,46.75,Critical
2026-01-11T18:30:00,server_019,60.00,65.00,155.00,199.00,52.00,2,23.73,0.74,495.00,44.98,Warning
2026-01-11T18:35:00,server_015,52.00,44.00,168.00,308.00,50.00,2,24.58,0.78,419.00,41.30,Warning
2026-01-11T18:40:00,server_019,57.00,64.00,223.00,353.00,63.00,2,24.19,0.79,488.00,42.99,Warning
2026-01-11T18:45:00,server_027,65.00,55.00,131.00,323.00,36.00,2,24.41,0.76,497.00,43.10,Warning
2026-01-11T18:50:00,server_010,61.00,56.00,282.00,313.00,52.00,3,22.95,0.77,493.00,42.05,Warning
2026-01-11T18:55:00,server_003,58.00,53.00,215.00,301.00,25.00,2,23.86,0.80,460.00,43.87,Warning
2026-01-11T19:00:00,server_009,59.00,61.00,146.00,338.00,42.00,3,21.84,0.84,504.00,43.75,Warning
2026-01-11T19:05:00,server_042,65.00,55.00,204.00,287.00,121.00,3,21.90,0.78,511.00,43.98,Warning
2026-01-11T19:10:00,server_024,61.00,50.00,243.00,250.00,73.00,3,21.89,0.77,479.00,43.19,Warning
2026-01-11T19:15:00,server_004,55.00,46.00,230.00,341.00,71.00,2,23.15,0.79,440.00,40.69,Warning
2026-01-11T19:20:00,server_047,62.00,50.00,112.00,420.00,71.00,2,21.35,0.74,481.00,43.67,Warning
2026-01-11T19:25:00,server_021,58.00,50.00,149.00,430.00,28.00,2,21.94,0.80,455.00,42.63,Warning
2026-01-11T19:30:00,server_032,66.00,57.00,154.00,168.00,30.00,2,22.44,0.77,496.00,44.31,Warning
2026-01-11T19:35:00,server_012,66.00,58.00,198.00,467.00,72.00,2,21.98,0.82,501.00,43.74,Warning
2026-01-11T19:40:00,server_022,55.00,56.00,155.00,332.00,79.00,1,21.73,0.80,460.00,41.36,Warning
2026-01-11T19:45:00,server_021,62.00,65.00,267.00,405.00,57.00,2,23.12,0.81,485.00,42.28,Warning
2026-01-11T19:50:00,server_006,68.00,71.00,265.00,282.00,32.00,2,21.80,0.85,525.00,45.20,Critical
2026-01-11T19:55:00,server_004,50.00,45.00,94.00,254.00,117.00,1,23.30,0.80,399.00,40.18,Warning
2026-01-11T20:00:00,server_041,67.00,62.00,244.00,453.00,24.00,2,20.17,0.83,517.00,42.69,Warning
2026-01-11T20:05:00,server_012,57.00,56.00,114.00,205.00,64.00,3,20.32,0.77,476.00,43.36,Warning
2026-01-11T20:10:00,server_001,72.00,63.00,159.00,543.00,33.00,1,20.27,0.79,522.00,45.77,Critical
2026-01-11T20:15:00,server_015,55.00,51.00,231.00,364.00,20.00,1,19.53,0.81,446.00,39.62,Warning
2026-01-11T20:20:00,server_037,68.00,55.00,209.00,230.00,44.00,2,19.97,0.86,495.00,42.80,Warning
2026-01-11T20:25:00,server_039,59.00,58.00,239.00,184.00,31.00,3,19.85,0.82,500.00,43.80,Warning
2026-01-11T20:30:00,server_006,59.00,58.00,169.00,202.00,79.00,2,21.05,0.80,460.00,42.53,Warning
2026-01-11T20:35:00,server_038,59.00,62.00,183.00,301.00,116.00,3,21.65,0.77,494.00,43.30,Warning
2026-01-11T20:40:00,server_048,60.00,54.00,98.00,355.00,27.00,2,20.13,0.75,463.00,41.79,Warning
2026-01-11T20:45:00,server_030,51.00,51.00,196.00,183.00,61.00,1,21.33,0.74,419.00,40.31,Warning
2026-01-11T20:50:00,server_029,48.00,57.00,192.00,349.00,86.00,3,20.89,0.73,448.00,40.32,Warning
2026-01-11T20:55:00,server_023,58.00,48.00,196.00,249.00,70.00,3,19.42,0.76,474.00,40.39,Warning
2026-01-11T21:00:00,server_011,46.00,46.00,189.00,269.00,23.00,2,19.39,0.75,422.00,38.93,Warning
2026-01-11T21:05:00,server_001,53.00,42.00,162.00,341.00,42.00,2,18.71,0.75,425.00,39.79,Warning
2026-01-11T21:10:00,server_046,58.00,45.00,162.00,162.00,59.00,3,17.86,0.75,467.00,41.62,Warning
2026-01-11T21:15:00,server_041,51.00,50.00,115.00,322.00,72.00,2,18.39,0.79,427.00,40.54,Warning
2026-01-11T21:20:00,server_044,54.00,55.00,200.00,140.00,240.00,1,17.76,0.81,438.00,38.99,Warning
2026-01-11T21:25:00,server_048,48.00,44.00,203.00,199.00,70.00,3,19.27,0.79,438.00,39.86,Warning
2026-01-11T21:30:00,server_021,45.00,40.00,85.00,311.00,45.00,2,19.24,0.73,400.00,39.07,Warning
2026-01-11T21:35:00,server_017,58.00,67.00,217.00,159.00,21.00,2,19.72,0.75,480.00,43.44,Warning
2026-01-11T21:40:00,server_009,60.00,50.00,247.00,312.00,90.00,3,18.35,0.79,489.00,41.97,Warning
2026-01-11T21:45:00,server_007,55.00,48.00,218.00,339.00,49.00,1,17.80,0.78,436.00,38.85,Warning
2026-01-11T21:50:00,server_018,49.00,45.00,157.00,209.00,36.00,3,18.70,0.73,425.00,39.06,Warning
2026-01-11T21:55:00,server_001,61.00,46.00,243.00,442.00,57.00,1,19.26,0.84,465.00,41.34,Warning
2026-01-11T22:00:00,server_013,44.00,38.00,173.00,191.00,35.00,2,18.15,0.77,386.00,35.94,Warning
2026-01-11T22:05:00,server_038,33.00,34.00,158.00,108.00,53.00,2,18.86,0.73,334.00,35.10,Warning
2026-01-11T22:10:00,server_035,44.00,37.00,112.00,255.00,41.00,3,16.71,0.75,403.00,38.15,Warning
2026-01-11T22:15:00,server_042,52.00,44.00,98.00,284.00,86.00,2,18.26,0.80,422.00,39.16,Warning
2026-01-11T22:20:00,server_032,60.00,55.00,238.00,398.00,63.00,2,17.57,0.80,485.00,40.85,Warning
2026-01-11T22:25:00,server_029,40.00,48.00,129.00,191.00,22.00,3,18.09,0.76,400.00,38.02,Warning
2026-01-11T22:30:00,server_028,43.00,48.00,109.00,191.00,24.00,3,16.60,0.86,406.00,37.75,Warning
2026-01-11T22:35:00,server_007,39.00,44.00,91.00,165.00,75.00,2,18.71,0.80,380.00,35.33,Warning
2026-01-11T22:40:00,server_013,43.00,36.00,115.00,131.00,16.00,2,18.24,0.80,377.00,36.48,Warning
2026-01-11T22:45:00,server_045,51.00,40.00,180.00,207.00,45.00,3,18.46,0.82,444.00,38.69,Warning
2026-01-11T22:50:00,server_030,54.00,51.00,208.00,234.00,32.00,3,18.22,0.76,461.00,40.49,Warning
2026-01-11T22:55:00,server_013,53.00,47.00,132.00,347.00,41.00,2,18.37,0.76,441.00,39.68,Warning
2026-01-11T23:00:00,server_021,35.00,35.00,168.00,135.00,65.00,3,17.83,0.85,354.00,35.50,Warning
2026-01-11T23:05:00,server_048,43.00,35.00,184.00,232.00,38.00,3,18.63,0.80,408.00,38.09,Warning
2026-01-11T23:10:00,server_029,42.00,46.00,169.00,136.00,16.00,3,16.82,0.79,389.00,35.93,Warning
2026-01-11T23:15:00,server_040,47.00,42.00,132.00,250.00,57.00,1,17.19,0.78,386.00,35.90,Warning
2026-01-11T23:20:00,server_007,38.00,37.00,97.00,221.00,51.00,3,16.68,0.70,365.00,35.97,Warning
2026-01-11T23:25:00,server_006,33.00,32.00,109.00,130.00,12.00,2,16.49,0.78,328.00,34.76,Normal
2026-01-11T23:30:00,server_031,40.00,39.00,156.00,178.00,68.00,2,17.84,0.82,370.00,36.10,Warning
2026-01-11T23:35:00,server_032,45.00,41.00,179.00,233.00,134.00,2,16.40,0.83,380.00,36.23,Warning
2026-01-11T23:40:00,server_031,48.00,41.00,162.00,261.00,43.00,2,18.09,0.79,401.00,37.13,Warning
2026-01-11T23:45:00,server_012,53.00,60.00,180.00,228.00,32.00,2,16.62,0.78,457.00,39.82,Warning
2026-01-11T23:50:00,server_046,49.00,50.00,180.00,229.00,18.00,2,17.01,0.81,429.00,38.53,Warning
2026-01-11T23:55:00,server_043,46.00,38.00,210.00,286.00,43.00,1,17.46,0.73,383.00,37.94,Warning
2026-01-12T00:00:00,server_042,40.00,41.00,114.00,201.00,91.00,1,16.75,0.75,356.00,36.35,Warning
2026-01-12T00:05:00,server_021,51.00,59.00,225.00,187.00,74.00,3,17.70,0.81,468.00,40.00,Warning
2026-01-12T00:10:00,server_018,30.00,28.00,102.00,142.00,51.00,3,16.72,0.78,318.00,32.73,Normal
2026-01-12T00:15:00,server_002,43.00,36.00,115.00,180.00,54.00,1,16.37,0.76,360.00,36.10,Warning
2026-01-12T00:20:00,server_030,41.00,44.00,95.00,302.00,37.00,2,16.80,0.83,379.00,35.30,Warning
2026-01-12T00:25:00,server_049,59.00,51.00,95.00,175.00,71.00,2,18.37,0.76,464.00,40.36,Warning
2026-01-12T00:30:00,server_028,44.00,47.00,110.00,198.00,32.00,1,16.78,0.78,367.00,36.22,Warning
2026-01-12T00:35:00,server_003,39.00,36.00,107.00,315.00,150.00,1,17.76,0.74,340.00,35.14,Warning
2026-01-12T00:40:00,server_041,42.00,43.00,186.00,180.00,81.00,2,17.44,0.78,407.00,37.56,Warning
2026-01-12T00:45:00,server_031,50.00,57.00,168.00,307.00,73.00,1,16.34,0.75,432.00,38.70,Warning
2026-01-12T00:50:00,server_003,34.00,36.00,157.00,242.00,48.00,2,17.34,0.82,347.00,35.32,Warning
2026-01-12T00:55:00,server_027,50.00,38.00,91.00,164.00,64.00,2,16.71,0.74,418.00,38.09,Warning
2026-01-12T01:00:00,server_008,28.00,24.00,141.00,101.00,67.00,3,17.52,0.79,316.00,33.05,Normal
2026-01-12T01:05:00,server_049,47.00,41.00,157.00,220.00,43.00,1,17.96,0.80,392.00,37.37,Warning
2026-01-12T01:10:00,server_029,44.00,36.00,91.00,312.00,56.00,2,17.64,0.79,390.00,37.25,Warning
2026-01-12T01:15:00,server_044,41.00,46.00,176.00,213.00,16.00,2,16.17,0.81,392.00,36.75,Warning
2026-01-12T01:20:00,server_014,35.00,31.00,66.00,125.00,17.00,1,16.02,0.76,322.00,33.98,Normal
2026-01-12T01:25:00,server_014,43.00,41.00,99.00,163.00,26.00,3,17.58,0.77,403.00,38.18,Warning
2026-01-12T01:30:00,server_016,41.00,48.00,144.00,219.00,89.00,2,17.67,0.76,389.00,37.54,Warning
2026-01-12T01:35:00,server_046,56.00,39.00,179.00,317.00,43.00,2,17.04,0.74,425.00,40.77,Warning
2026-01-12T01:40:00,server_022,49.00,40.00,115.00,197.00,54.00,2,16.45,0.77,405.00,38.32,Warning
2026-01-12T01:45:00,server_013,41.00,34.00,75.00,250.00,88.00,3,16.19,0.80,383.00,35.97,Warning
2026-01-12T01:50:00,server_014,50.00,44.00,219.00,355.00,19.00,2,18.69,0.79,420.00,39.01,Warning
2026-01-12T01:55:00,server_023,53.00,60.00,93.00,271.00,71.00,2,17.49,0.75,449.00,40.89,Warning
2026-01-12T02:00:00,server_008,35.00,30.00,65.00,204.00,43.00,2,18.92,0.74,341.00,35.29,Warning
2026-01-12T02:05:00,server_046,37.00,38.00,92.00,245.00,13.00,2,17.81,0.78,362.00,34.94,Normal
2026-01-12T02:10:00,server_018,42.00,42.00,180.00,159.00,45.00,3,19.46,0.79,394.00,36.93,Warning
2026-01-12T02:15:00,server_044,39.00,33.00,164.00,253.00,109.00,2,18.18,0.79,352.00,35.43,Warning
2026-01-12T02:20:00,server_015,47.00,48.00,190.00,151.00,27.00,2,16.89,0.71,411.00,38.37,Warning
2026-01-12T02:25:00,server_029,31.00,29.00,105.00,215.00,20.00,1,17.52,0.82,293.00,31.62,Normal
2026-01-12T02:30:00,server_039,40.00,36.00,74.00,237.00,24.00,2,17.66,0.76,376.00,36.84,Warning
2026-01-12T02:35:00,server_009,32.00,37.00,87.00,196.00,32.00,2,18.28,0.77,342.00,35.13,Warning
2026-01-12T02:40:00,server_025,52.00,51.00,200.00,184.00,49.00,3,18.54,0.79,459.00,40.95,Warning
2026-01-12T02:45:00,server_014,49.00,32.00,81.00,286.00,28.00,1,17.92,0.77,372.00,36.36,Warning
2026-01-12T02:50:00,server_044,37.00,38.00,171.00,222.00,31.00,3,18.24,0.71,360.00,37.31,Warning
2026-01-12T02:55:00,server_001,49.00,52.00,127.00,268.00,46.00,2,19.07,0.80,434.00,41.07,Warning
2026-01-12T03:00:00,server_028,54.00,56.00,144.00,167.00,38.00,1,19.42,0.81,442.00,41.20,Warning
2026-01-12T03:05:00,server_045,26.00,25.00,134.00,201.00,67.00,3,18.90,0.80,327.00,34.83,Normal
2026-01-12T03:10:00,server_008,38.00,41.00,150.00,143.00,27.00,2,19.43,0.79,366.00,36.04,Warning
2026-01-12T03:15:00,server_014,38.00,33.00,159.00,172.00,27.00,2,17.61,0.79,362.00,34.81,Normal
2026-01-12T03:20:00,server_035,45.00,32.00,121.00,192.00,28.00,3,20.23,0.77,392.00,37.22,Warning
2026-01-12T03:25:00,server_014,36.00,38.00,148.00,215.00,36.00,3,19.84,0.78,380.00,37.56,Warning
2026-01-12T03:30:00,server_024,44.00,44.00,131.00,190.00,60.00,3,18.95,0.82,400.00,36.58,Warning
2026-01-12T03:35:00,server_034,31.00,30.00,93.00,233.00,31.00,1,19.07,0.80,316.00,34.18,Normal
2026-01-12T03:40:00,server_004,22.00,22.00,62.00,93.00,61.00,2,19.29,0.79,271.00,31.73,Normal
2026-01-12T03:45:00,server_020,29.00,36.00,74.00,190.00,50.00,3,18.46,0.84,334.00,33.00,Normal
2026-01-12T03:50:00,server_026,36.00,36.00,159.00,132.00,202.00,2,19.25,0.78,342.00,35.82,Warning
2026-01-12T03:55:00,server_015,45.00,44.00,108.00,248.00,104.00,2,19.55,0.79,392.00,36.73,Warning
2026-01-12T04:00:00,server_007,46.00,45.00,109.00,236.00,114.00,2,20.58,0.75,401.00,38.28,Warning
2026-01-12T04:05:00,server_045,42.00,42.00,174.00,256.00,47.00,2,21.01,0.80,377.00,37.22,Warning
2026-01-12T04:10:00,server_007,41.00,41.00,116.00,143.00,54.00,1,20.84,0.79,349.00,35.71,Warning
2026-01-12T04:15:00,server_044,53.00,48.00,99.00,151.00,240.00,3,21.74,0.80,448.00,41.19,Warning
2026-01-12T04:20:00,server_016,50.00,47.00,202.00,200.00,38.00,2,20.59,0.82,436.00,39.20,Warning
2026-01-12T04:25:00,server_007,39.00,37.00,77.00,154.00,52.00,2,20.88,0.82,369.00,36.93,Warning
2026-01-12T04:30:00,server_005,50.00,41.00,185.00,159.00,55.00,1,20.28,0.73,401.00,38.61,Warning
2026-01-12T04:35:00,server_027,42.00,34.00,134.00,193.00,19.00,3,20.62,0.75,399.00,39.09,Warning
2026-01-12T04:40:00,server_048,45.00,33.00,113.00,334.00,37.00,2,20.82,0.75,395.00,38.35,Warning
2026-01-12T04:45:00,server_004,36.00,42.00,62.00,166.00,36.00,2,20.49,0.75,354.00,35.57,Warning
2026-01-12T04:50:00,server_005,46.00,33.00,137.00,219.00,38.00,2,20.13,0.79,392.00,38.15,Warning
2026-01-12T04:55:00,server_032,38.00,37.00,80.00,132.00,25.00,2,20.58,0.81,347.00,35.55,Warning
2026-01-12T05:00:00,server_009,38.00,34.00,98.00,226.00,30.00,3,22.49,0.78,384.00,37.59,Warning
2026-01-12T05:05:00,server_018,44.00,33.00,164.00,289.00,53.00,3,21.22,0.80,417.00,38.35,Warning
2026-01-12T05:10:00,server_002,37.00,40.00,152.00,161.00,100.00,1,22.43,0.79,344.00,34.79,Normal
2026-01-12T05:15:00,server_041,41.00,48.00,63.00,255.00,77.00,3,22.81,0.75,410.00,40.43,Warning
2026-01-12T05:20:00,server_023,39.00,34.00,115.00,273.00,37.00,2,22.74,0.83,371.00,36.66,Warning
2026-01-12T05:25:00,server_017,44.00,39.00,101.00,286.00,62.00,2,22.40,0.79,382.00,36.26,Warning
2026-01-12T05:30:00,server_042,48.00,41.00,175.00,179.00,45.00,3,21.94,0.80,433.00,39.36,Warning
2026-01-12T05:35:00,server_006,43.00,46.00,143.00,216.00,65.00,3,22.05,0.81,398.00,38.97,Warning
2026-01-12T05:40:00,server_018,55.00,42.00,184.00,415.00,37.00,2,23.41,0.75,438.00,41.56,Warning
2026-01-12T05:45:00,server_015,50.00,56.00,165.00,258.00,67.00,3,20.99,0.79,462.00,41.41,Warning
2026-01-12T05:50:00,server_015,48.00,50.00,132.00,129.00,24.00,1,23.44,0.79,416.00,40.88,Warning
2026-01-12T05:55:00,server_016,45.00,41.00,78.00,96.00,95.00,1,22.14,0.75,354.00,38.87,Warning
2026-01-12T06:00:00,server_034,38.00,44.00,157.00,250.00,30.00,2,23.99,0.84,365.00,37.01,Warning
2026-01-12T06:05:00,server_030,45.00,37.00,126.00,293.00,39.00,1,23.40,0.76,388.00,38.89,Warning
2026-01-12T06:10:00,server_026,54.00,54.00,225.00,175.00,117.00,2,23.36,0.80,459.00,42.37,Warning
2026-01-12T06:15:00,server_028,54.00,50.00,158.00,378.00,93.00,2,24.91,0.75,457.00,43.25,Warning
2026-01-12T06:20:00,server_002,57.00,45.00,153.00,270.00,66.00,2,23.57,0.82,440.00,42.64,Warning
2026-01-12T06:25:00,server_010,49.00,39.00,170.00,173.00,41.00,2,25.37,0.79,412.00,40.17,Warning
2026-01-12T06:30:00,server_049,43.00,41.00,122.00,171.00,38.00,2,23.19,0.80,378.00,38.40,Warning
2026-01-12T06:35:00,server_030,39.00,42.00,133.00,244.00,16.00,2,23.28,0.80,377.00,37.19,Warning
2026-01-12T06:40:00,server_010,44.00,30.00,183.00,110.00,17.00,3,24.13,0.81,392.00,38.10,Warning
2026-01-12T06:45:00,server_045,54.00,50.00,214.00,339.00,117.00,1,24.16,0.81,427.00,39.88,Warning
2026-01-12T06:50:00,server_037,50.00,45.00,178.00,200.00,62.00,1,22.75,0.75,406.00,39.12,Warning
2026-01-12T06:55:00,server_028,44.00,40.00,105.00,304.00,25.00,3,24.53,0.81,395.00,39.24,Warning
2026-01-12T07:00:00,server_008,47.00,46.00,214.00,350.00,54.00,2,26.52,0.81,410.00,39.99,Warning
2026-01-12T07:05:00,server_043,52.00,52.00,182.00,301.00,116.00,2,25.94,0.76,439.00,41.33,Warning
2026-01-12T07:10:00,server_020,56.00,66.00,242.00,237.00,80.00,1,25.75,0.78,466.00,44.14,Warning
2026-01-12T07:15:00,server_012,49.00,52.00,86.00,261.00,48.00,3,26.84,0.70,436.00,43.18,Warning
2026-01-12T07:20:00,server_016,49.00,39.00,213.00,383.00,41.00,3,25.22,0.81,427.00,40.92,Warning
2026-01-12T07:25:00,server_040,48.00,54.00,126.00,150.00,44.00,1,25.50,0.76,388.00,39.44,Warning
2026-01-12T07:30:00,server_011,44.00,37.00,74.00,114.00,123.00,3,25.72,0.78,387.00,39.51,Warning
2026-01-12T07:35:00,server_002,61.00,48.00,122.00,352.00,61.00,3,25.84,0.79,489.00,43.35,Warning
2026-01-12T07:40:00,server_046,63.00,62.00,269.00,465.00,97.00,2,26.31,0.81,503.00,44.32,Warning
2026-01-12T07:45:00,server_016,53.00,56.00,200.00,281.00,41.00,2,25.22,0.79,447.00,43.08,Warning
2026-01-12T07:50:00,server_043,36.00,29.00,73.00,298.00,26.00,1,25.70,0.79,311.00,35.24,Warning
2026-01-12T07:55:00,server_045,45.00,38.00,202.00,127.00,24.00,1,26.00,0.82,387.00,38.66,Warning
2026-01-12T08:00:00,server_031,57.00,57.00,78.00,404.00,105.00,3,26.37,0.83,485.00,43.54,Warning
2026-01-12T08:05:00,server_040,56.00,51.00,143.00,400.00,25.00,2,27.49,0.77,462.00,43.62,Warning
2026-01-12T08:10:00,server_021,57.00,47.00,132.00,427.00,114.00,2,26.49,0.80,457.00,42.56,Warning
2026-01-12T08:15:00,server_021,51.00,56.00,108.00,384.00,19.00,2,27.10,0.80,441.00,42.00,Warning
2026-01-12T08:20:00,server_006,46.00,41.00,123.00,230.00,31.00,2,28.01,0.77,388.00,40.97,Warning
2026-01-12T08:25:00,server_010,52.00,51.00,157.00,281.00,29.00,2,26.16,0.71,440.00,42.90,Warning
2026-01-12T08:30:00,server_021,53.00,42.00,156.00,192.00,40.00,2,26.90,0.74,426.00,41.84,Warning
2026-01-12T08:35:00,server_014,59.00,51.00,121.00,348.00,133.00,2,27.18,0.78,445.00,42.00,Warning
2026-01-12T08:40:00,server_027,59.00,46.00,81.00,334.00,31.00,2,27.07,0.81,461.00,42.17,Warning
2026-01-12T08:45:00,server_036,61.00,44.00,112.00,314.00,23.00,3,27.77,0.78,474.00,43.73,Warning
2026-01-12T08:50:00,server_040,60.00,51.00,191.00,322.00,57.00,1,26.53,0.76,457.00,43.25,Warning
2026-01-12T08:55:00,server_032,40.00,36.00,194.00,225.00,26.00,3,28.04,0.78,393.00,41.17,Warning
2026-01-12T09:00:00,server_022,64.00,47.00,226.00,321.00,59.00,3,27.53,0.80,504.00,45.61,Critical
2026-01-12T09:05:00,server_034,51.00,53.00,118.00,130.00,28.00,2,28.94,0.73,424.00,42.23,Warning
2026-01-12T09:10:00,server_035,62.00,49.00,177.00,357.00,53.00,3,28.94,0.77,485.00,45.36,Critical
2026-01-12T09:15:00,server_023,62.00,59.00,159.00,211.00,97.00,1,28.35,0.80,481.00,44.11,Warning
2026-01-12T09:20:00,server_036,47.00,40.00,160.00,238.00,23.00,3,28.68,0.79,430.00,41.71,Warning
2026-01-12T09:25:00,server_036,61.00,59.00,249.00,318.00,59.00,1,29.21,0.81,471.00,43.24,Warning
2026-01-12T09:30:00,server_014,61.00,42.00,150.00,227.00,105.00,1,28.58,0.73,457.00,43.15,Warning
2026-01-12T09:35:00,server_032,58.00,63.00,151.00,218.00,27.00,3,28.38,0.75,489.00,45.64,Critical
2026-01-12T09:40:00,server_049,58.00,45.00,228.00,161.00,46.00,2,28.59,0.80,460.00,42.98,Warning
2026-01-12T09:45:00,server_021,56.00,61.00,154.00,380.00,33.00,3,28.64,0.73,485.00,44.52,Warning
2026-01-12T09:50:00,server_009,64.00,51.00,195.00,277.00,40.00,2,28.65,0.75,478.00,45.56,Critical
2026-01-12T09:55:00,server_045,48.00,46.00,91.00,264.00,28.00,1,28.23,0.77,386.00,40.22,Warning
2026-01-12T10:00:00,server_010,75.00,76.00,245.00,445.00,76.00,3,31.18,0.77,591.00,51.09,Critical
2026-01-12T10:05:00,server_049,67.00,65.00,134.00,154.00,25.00,3,29.64,0.80,525.00,47.14,Critical
2026-01-12T10:10:00,server_045,52.00,54.00,132.00,217.00,158.00,2,28.54,0.82,428.00,41.25,Warning
2026-01-12T10:15:00,server_004,59.00,46.00,212.00,329.00,86.00,2,30.55,0.69,456.00,45.15,Critical
2026-01-12T10:20:00,server_050,64.00,56.00,101.00,408.00,113.00,2,29.07,0.74,482.00,44.78,Warning
2026-01-12T10:25:00,server_028,59.00,44.00,99.00,163.00,25.00,2,30.07,0.79,460.00,44.96,Warning
2026-01-12T10:30:00,server_001,63.00,45.00,231.00,242.00,59.00,2,30.94,0.70,459.00,44.82,Warning
2026-01-12T10:35:00,server_039,56.00,46.00,106.00,393.00,21.00,2,30.75,0.74,458.00,43.79,Warning
2026-01-12T10:40:00,server_003,66.00,56.00,101.00,480.00,51.00,3,29.33,0.81,508.00,47.10,Critical
2026-01-12T10:45:00,server_007,67.00,70.00,258.00,246.00,88.00,2,29.95,0.78,525.00,47.64,Critical
2026-01-12T10:50:00,server_025,61.00,38.00,257.00,435.00,27.00,1,30.42,0.83,438.00,42.66,Warning
2026-01-12T10:55:00,server_024,55.00,48.00,99.00,312.00,25.00,2,30.15,0.76,451.00,44.60,Warning
2026-01-12T11:00:00,server_009,74.00,79.00,279.00,175.00,26.00,3,31.56,0.82,580.00,50.81,Critical
2026-01-12T11:05:00,server_020,56.00,47.00,108.00,409.00,49.00,3,30.92,0.77,462.00,44.07,Warning
2026-01-12T11:10:00,server_038,66.00,64.00,124.00,259.00,31.00,3,30.70,0.74,527.00,48.74,Critical
2026-01-12T11:15:00,server_007,70.00,76.00,106.00,497.00,73.00,1,30.33,0.74,526.00,47.09,Critical
2026-01-12T11:20:00,server_024,64.00,58.00,170.00,251.00,41.00,3,30.76,0.81,512.00,46.85,Critical
2026-01-12T11:25:00,server_031,75.00,57.00,192.00,212.00,37.00,3,31.46,0.80,544.00,48.23,Critical
2026-01-12T11:30:00,server_044,71.00,71.00,309.00,453.00,48.00,2,31.23,0.80,565.00,49.36,Critical
2026-01-12T11:35:00,server_014,56.00,48.00,135.00,189.00,93.00,2,31.07,0.76,454.00,44.57,Warning
2026-01-12T11:40:00,server_029,70.00,68.00,166.00,401.00,43.00,2,30.07,0.79,544.00,48.50,Critical
2026-01-12T11:45:00,server_017,68.00,73.00,174.00,199.00,30.00,1,30.27,0.78,500.00,46.68,Critical
2026-01-12T11:50:00,server_019,70.00,64.00,138.00,308.00,50.00,2,30.51,0.75,532.00,47.02,Critical
2026-01-12T11:55:00,server_045,56.00,41.00,99.00,167.00,21.00,2,30.51,0.75,431.00,43.04,Warning
2026-01-12T12:00:00,server_039,58.00,52.00,103.00,314.00,101.00,2,31.61,0.79,452.00,44.03,Warning
2026-01-12T12:05:00,server_010,70.00,62.00,185.00,469.00,27.00,2,31.41,0.81,531.00,47.91,Critical
2026-01-12T12:10:00,server_038,69.00,66.00,117.00,165.00,67.00,3,29.97,0.73,529.00,48.74,Critical
2026-01-12T12:15:00,server_019,74.00,74.00,132.00,341.00,54.00,2,29.24,0.81,566.00,49.33,Critical
2026-01-12T12:20:00,server_001,75.00,79.00,308.00,202.00,30.00,3,31.27,0.76,574.00,50.12,Critical
2026-01-12T12:25:00,server_005,64.00,72.00,118.00,468.00,54.00,2,31.54,0.79,507.00,46.91,Critical
2026-01-12T12:30:00,server_028,63.00,66.00,189.00,432.00,59.00,3,31.76,0.81,517.00,46.17,Critical
2026-01-12T12:35:00,server_036,71.00,67.00,300.00,360.00,34.00,3,30.96,0.77,554.00,49.90,Critical
2026-01-12T12:40:00,server_013,76.00,62.00,179.00,449.00,40.00,3,30.95,0.79,571.00,49.55,Critical
2026-01-12T12:45:00,server_004,61.00,51.00,158.00,347.00,34.00,2,30.48,0.78,470.00,44.98,Warning
2026-01-12T12:50:00,server_025,65.00,53.00,226.00,485.00,161.00,2,31.59,0.75,493.00,46.43,Critical
2026-01-12T12:55:00,server_001,72.00,69.00,139.00,336.00,62.00,2,30.97,0.75,550.00,48.34,Critical
2026-01-12T13:00:00,server_024,67.00,54.00,247.00,295.00,105.00,2,30.50,0.82,518.00,47.18,Critical
2026-01-12T13:05:00,server_028,71.00,76.00,229.00,277.00,55.00,3,30.98,0.83,567.00,49.20,Critical
2026-01-12T13:10:00,server_038,66.00,59.00,243.00,502.00,24.00,2,30.95,0.78,529.00,48.66,Critical
2026-01-12T13:15:00,server_012,73.00,56.00,136.00,233.00,60.00,2,31.05,0.82,513.00,46.34,Critical
2026-01-12T13:20:00,server_007,67.00,64.00,235.00,417.00,28.00,1,29.57,0.83,510.00,46.19,Critical
2026-01-12T13:25:00,server_017,72.00,57.00,196.00,471.00,46.00,3,30.48,0.77,558.00,48.21,Critical
2026-01-12T13:30:00,server_024,62.00,66.00,115.00,307.00,86.00,2,31.57,0.82,482.00,45.00,Warning
2026-01-12T13:35:00,server_003,79.00,67.00,280.00,471.00,100.00,2,29.45,0.71,562.00,50.22,Critical
2026-01-12T13:40:00,server_047,67.00,47.00,154.00,496.00,29.00,1,31.01,0.83,487.00,44.78,Warning
2026-01-12T13:45:00,server_044,64.00,56.00,93.00,337.00,60.00,1,31.49,0.71,470.00,45.52,Critical
2026-01-12T13:50:00,server_044,73.00,48.00,209.00,258.00,90.00,3,31.75,0.79,529.00,47.75,Critical
2026-01-12T13:55:00,server_047,80.00,83.00,190.00,371.00,179.00,1,31.12,0.73,562.00,51.68,Critical
2026-01-12T14:00:00,server_014,69.00,56.00,116.00,261.00,71.00,2,29.57,0.81,511.00,46.16,Critical
2026-01-12T14:05:00,server_048,70.00,71.00,272.00,311.00,83.00,1,29.70,0.77,532.00,48.90,Critical
2026-01-12T14:10:00,server_041,61.00,59.00,106.00,301.00,57.00,1,29.75,0.77,476.00,45.19,Critical
2026-01-12T14:15:00,server_042,71.00,74.00,305.00,529.00,28.00,3,30.12,0.76,583.00,50.87,Critical
2026-01-12T14:20:00,server_033,67.00,51.00,141.00,297.00,35.00,1,30.56,0.76,482.00,45.87,Critical
2026-01-12T14:25:00,server_012,67.00,53.00,108.00,284.00,120.00,1,30.59,0.75,482.00,45.81,Critical
2026-01-12T14:30:00,server_009,81.00,62.00,338.00,462.00,99.00,1,29.98,0.78,553.00,48.74,Critical
2026-01-12T14:35:00,server_024,77.00,76.00,217.00,396.00,94.00,3,30.24,0.81,592.00,51.22,Critical
2026-01-12T14:40:00,server_030,75.00,72.00,305.00,336.00,42.00,2,29.51,0.83,553.00,48.59,Critical
2026-01-12T14:45:00,server_039,87.00,65.00,190.00,354.00,102.00,1,29.79,0.77,564.00,49.03,Critical
2026-01-12T14:50:00,server_049,73.00,57.00,309.00,326.00,27.00,1,28.54,0.80,519.00,46.52,Critical
2026-01-12T14:55:00,server_013,73.00,82.00,290.00,479.00,40.00,2,29.87,0.78,565.00,49.71,Critical
2026-01-12T15:00:00,server_001,62.00,57.00,220.00,356.00,63.00,2,28.61,0.76,483.00,45.76,Critical
2026-01-12T15:05:00,server_012,70.00,65.00,246.00,295.00,86.00,3,29.71,0.83,533.00,47.32,Critical
2026-01-12T15:10:00,server_044,74.00,75.00,271.00,439.00,29.00,2,29.29,0.78,571.00,49.30,Critical
2026-01-12T15:15:00,server_005,76.00,81.00,280.00,323.00,28.00,1,27.98,0.73,569.00,50.22,Critical
2026-01-12T15:20:00,server_041,71.00,61.00,86.00,329.00,51.00,1,29.01,0.76,495.00,45.70,Critical
2026-01-12T15:25:00,server_038,61.00,62.00,173.00,372.00,82.00,1,28.71,0.79,482.00,43.88,Warning
2026-01-12T15:30:00,server_020,71.00,69.00,278.00,279.00,68.00,2,30.06,0.75,545.00,47.87,Critical
2026-01-12T15:35:00,server_039,71.00,58.00,253.00,322.00,45.00,1,29.50,0.78,513.00,47.57,Critical
2026-01-12T15:40:00,server_034,68.00,50.00,194.00,283.00,40.00,2,28.05,0.79,499.00,45.09,Critical
2026-01-12T15:45:00,server_022,75.00,74.00,238.00,490.00,49.00,1,28.47,0.82,546.00,48.07,Critical
2026-01-12T15:50:00,server_030,73.00,81.00,271.00,359.00,46.00,3,27.43,0.74,573.00,49.36,Critical
2026-01-12T15:55:00,server_032,50.00,32.00,165.00,187.00,63.00,2,29.49,0.79,401.00,41.86,Warning
2026-01-12T16:00:00,server_013,80.00,67.00,316.00,563.00,119.00,2,27.79,0.73,586.00,50.02,Critical
2026-01-12T16:05:00,server_011,71.00,62.00,233.00,282.00,37.00,1,28.08,0.78,496.00,46.66,Critical
2026-01-12T16:10:00,server_006,75.00,78.00,201.00,404.00,74.00,2,26.99,0.76,567.00,50.05,Critical
2026-01-12T16:15:00,server_037,68.00,65.00,122.00,271.00,46.00,1,26.98,0.84,491.00,45.23,Critical
2026-01-12T16:20:00,server_026,64.00,74.00,269.00,345.00,57.00,2,27.32,0.78,526.00,46.51,Critical
2026-01-12T16:25:00,server_028,69.00,74.00,267.00,454.00,45.00,2,27.88,0.77,554.00,49.34,Critical
2026-01-12T16:30:00,server_009,62.00,50.00,189.00,296.00,26.00,2,27.41,0.85,463.00,41.81,Warning
2026-01-12T16:35:00,server_040,61.00,61.00,230.00,332.00,38.00,1,27.71,0.71,461.00,44.02,Warning
2026-01-12T16:40:00,server_043,58.00,50.00,134.00,175.00,59.00,1,27.19,0.84,438.00,41.95,Warning
2026-01-12T16:45:00,server_007,65.00,61.00,229.00,194.00,35.00,1,28.30,0.76,463.00,43.62,Warning
2026-01-12T16:50:00,server_035,67.00,55.00,216.00,298.00,26.00,1,27.78,0.77,490.00,45.69,Critical
2026-01-12T16:55:00,server_044,64.00,64.00,144.00,237.00,24.00,2,28.08,0.78,494.00,45.64,Critical
2026-01-12T17:00:00,server_004,60.00,63.00,162.00,446.00,28.00,3,26.27,0.80,510.00,45.27,Critical
2026-01-12T17:05:00,server_012,65.00,56.00,178.00,292.00,82.00,3,26.22,0.77,513.00,46.13,Critical
2026-01-12T17:10:00,server_018,66.00,61.00,232.00,248.00,73.00,2,26.37,0.77,494.00,45.33,Critical
2026-01-12T17:15:00,server_008,65.00,53.00,275.00,271.00,50.00,2,25.34,0.80,499.00,44.98,Warning
2026-01-12T17:20:00,server_044,58.00,66.00,204.00,292.00,27.00,2,25.62,0.79,475.00,43.29,Warning
2026-01-12T17:25:00,server_014,61.00,54.00,205.00,381.00,103.00,3,24.58,0.80,499.00,43.20,Warning
2026-01-12T17:30:00,server_040,59.00,49.00,94.00,285.00,26.00,1,25.57,0.74,445.00,42.94,Warning
2026-01-12T17:35:00,server_041,71.00,69.00,191.00,398.00,30.00,2,25.00,0.77,545.00,47.97,Critical
2026-01-12T17:40:00,server_036,68.00,50.00,301.00,474.00,72.00,2,25.26,0.80,495.00,44.07,Warning
2026-01-12T17:45:00,server_004,67.00,58.00,262.00,348.00,60.00,3,26.97,0.75,528.00,46.28,Critical
2026-01-12T17:50:00,server_022,68.00,61.00,161.00,191.00,75.00,3,25.77,0.81,529.00,46.38,Critical
2026-01-12T17:55:00,server_046,61.00,67.00,263.00,164.00,68.00,3,24.96,0.79,524.00,45.32,Critical
2026-01-12T18:00:00,server_036,55.00,56.00,230.00,152.00,41.00,2,24.35,0.74,453.00,42.67,Warning
2026-01-12T18:05:00,server_048,75.00,69.00,295.00,254.00,107.00,2,24.83,0.79,549.00,47.06,Critical
2026-01-12T18:10:00,server_042,56.00,62.00,162.00,338.00,76.00,3,24.26,0.79,477.00,43.28,Warning
2026-01-12T18:15:00,server_042,68.00,71.00,263.00,275.00,56.00,2,23.92,0.81,520.00,45.27,Critical
2026-01-12T18:20:00,server_011,76.00,78.00,105.00,283.00,84.00,3,23.81,0.75,579.00,49.16,Critical
2026-01-12T18:25:00,server_045,53.00,48.00,133.00,282.00,74.00,3,23.28,0.80,446.00,42.03,Warning
2026-01-12T18:30:00,server_048,60.00,55.00,122.00,206.00,40.00,1,22.96,0.79,454.00,41.84,Warning
2026-01-12T18:35:00,server_007,65.00,68.00,218.00,469.00,96.00,3,24.61,0.78,519.00,46.87,Critical
2026-01-12T18:40:00,server_010,73.00,76.00,217.00,290.00,60.00,2,22.61,0.83,552.00,46.28,Critical
2026-01-12T18:45:00,server_034,59.00,45.00,96.00,213.00,61.00,1,23.14,0.78,428.00,40.87,Warning
2026-01-12T18:50:00,server_049,53.00,51.00,173.00,264.00,55.00,1,24.53,0.77,415.00,39.95,Warning
2026-01-12T18:55:00,server_041,63.00,61.00,173.00,236.00,76.00,2,23.69,0.85,506.00,43.79,Warning
2026-01-12T19:00:00,server_016,61.00,52.00,232.00,389.00,61.00,2,21.34,0.81,478.00,41.66,Warning
2026-01-12T19:05:00,server_008,51.00,42.00,227.00,233.00,38.00,1,21.46,0.76,397.00,38.67,Warning
2026-01-12T19:10:00,server_020,56.00,44.00,253.00,426.00,28.00,2,22.23,0.74,469.00,41.63,Warning
2026-01-12T19:15:00,server_031,62.00,65.00,269.00,431.00,56.00,1,22.80,0.83,487.00,43.80,Warning
2026-01-12T19:20:00,server_026,58.00,67.00,228.00,391.00,23.00,2,22.14,0.82,489.00,43.35,Warning
2026-01-12T19:25:00,server_004,61.00,64.00,258.00,205.00,23.00,3,22.97,0.84,495.00,42.96,Warning
2026-01-12T19:30:00,server_011,69.00,73.00,225.00,297.00,40.00,2,22.37,0.74,543.00,45.42,Critical
2026-01-12T19:35:00,server_041,54.00,48.00,218.00,189.00,60.00,2,22.68,0.75,428.00,40.70,Warning
2026-01-12T19:40:00,server_008,72.00,72.00,193.00,216.00,81.00,1,21.40,0.82,510.00,44.59,Warning
2026-01-12T19:45:00,server_007,58.00,50.00,150.00,386.00,21.00,2,20.79,0.80,449.00,42.00,Warning
2026-01-12T19:50:00,server_007,50.00,54.00,213.00,196.00,30.00,3,21.77,0.76,440.00,39.88,Warning
2026-01-12T19:55:00,server_040,65.00,68.00,155.00,331.00,92.00,2,23.43,0.70,519.00,45.70,Critical
2026-01-12T20:00:00,server_003,60.00,58.00,237.00,235.00,60.00,1,21.01,0.81,458.00,42.35,Warning
2026-01-12T20:05:00,server_028,46.00,44.00,159.00,298.00,77.00,2,20.04,0.81,392.00,37.79,Warning
2026-01-12T20:10:00,server_033,50.00,41.00,134.00,165.00,95.00,2,19.84,0.80,403.00,38.40,Warning
2026-01-12T20:15:00,server_016,53.00,37.00,237.00,339.00,31.00,2,21.50,0.78,429.00,39.97,Warning
2026-01-12T20:20:00,server_016,50.00,46.00,100.00,356.00,73.00,2,20.63,0.81,415.00,40.01,Warning
2026-01-12T20:25:00,server_046,46.00,48.00,136.00,303.00,57.00,2,19.16,0.86,427.00,39.14,Warning
2026-01-12T20:30:00,server_048,67.00,64.00,104.00,217.00,57.00,2,20.18,0.78,506.00,43.07,Warning
2026-01-12T20:35:00,server_013,53.00,41.00,224.00,412.00,28.00,1,20.30,0.79,418.00,39.06,Warning
2026-01-12T20:40:00,server_009,46.00,33.00,105.00,320.00,25.00,3,20.43,0.74,414.00,39.44,Warning
2026-01-12T20:45:00,server_017,64.00,49.00,203.00,239.00,32.00,1,20.80,0.80,465.00,42.14,Warning
2026-01-12T20:50:00,server_015,67.00,59.00,160.00,446.00,37.00,2,21.15,0.78,506.00,43.43,Warning
2026-01-12T20:55:00,server_015,52.00,37.00,128.00,277.00,34.00,2,21.34,0.83,416.00,39.89,Warning
2026-01-12T21:00:00,server_047,56.00,56.00,170.00,383.00,47.00,1,18.66,0.82,427.00,38.31,Warning
2026-01-12T21:05:00,server_041,55.00,56.00,116.00,324.00,67.00,3,18.95,0.75,467.00,40.65,Warning
2026-01-12T21:10:00,server_001,47.00,49.00,108.00,370.00,18.00,2,18.95,0.79,406.00,37.05,Warning
2026-01-12T21:15:00,server_016,48.00,56.00,151.00,273.00,31.00,2,19.10,0.77,433.00,39.95,Warning
2026-01-12T21:20:00,server_019,63.00,64.00,262.00,317.00,39.00,3,18.66,0.77,520.00,43.76,Warning
2026-01-12T21:25:00,server_016,43.00,32.00,147.00,338.00,66.00,1,19.32,0.74,354.00,35.11,Warning
2026-01-12T21:30:00,server_030,48.00,48.00,91.00,321.00,30.00,2,19.23,0.81,426.00,39.76,Warning
2026-01-12T21:35:00,server_019,39.00,31.00,122.00,99.00,86.00,1,19.48,0.78,333.00,34.78,Normal
2026-01-12T21:40:00,server_050,54.00,54.00,223.00,228.00,48.00,1,20.39,0.75,429.00,39.92,Warning
2026-01-12T21:45:00,server_025,61.00,53.00,205.00,398.00,35.00,2,19.29,0.75,481.00,42.24,Warning
2026-01-12T21:50:00,server_004,54.00,34.00,139.00,211.00,36.00,3,19.84,0.80,439.00,39.87,Warning
2026-01-12T21:55:00,server_043,43.00,48.00,129.00,123.00,17.00,1,19.16,0.74,376.00,38.26,Warning
2026-01-12T22:00:00,server_029,50.00,51.00,184.00,199.00,37.00,3,18.18,0.77,441.00,40.75,Warning
2026-01-12T22:05:00,server_016,49.00,46.00,85.00,135.00,34.00,2,17.46,0.77,404.00,37.50,Warning
2026-01-12T22:10:00,server_045,51.00,53.00,130.00,276.00,24.00,2,19.37,0.75,446.00,39.35,Warning
2026-01-12T22:15:00,server_025,62.00,45.00,231.00,295.00,89.00,2,17.57,0.82,459.00,40.11,Warning
2026-01-12T22:20:00,server_045,58.00,56.00,205.00,246.00,37.00,1,17.55,0.75,457.00,41.77,Warning
2026-01-12T22:25:00,server_019,42.00,48.00,50.00,215.00,75.00,3,17.78,0.84,398.00,36.36,Warning
2026-01-12T22:30:00,server_034,46.00,41.00,147.00,287.00,80.00,1,17.91,0.79,393.00,36.87,Warning
2026-01-12T22:35:00,server_024,42.00,36.00,82.00,196.00,29.00,2,18.42,0.74,358.00,36.06,Warning
2026-01-12T22:40:00,server_039,51.00,59.00,159.00,163.00,89.00,1,18.55,0.71,431.00,39.78,Warning
2026-01-12T22:45:00,server_041,49.00,42.00,75.00,352.00,62.00,1,18.73,0.80,400.00,38.44,Warning
2026-01-12T22:50:00,server_005,50.00,47.00,163.00,202.00,42.00,2,16.58,0.81,409.00,37.61,Warning
2026-01-12T22:55:00,server_034,50.00,60.00,142.00,306.00,21.00,1,18.85,0.82,419.00,39.84,Warning
2026-01-12T23:00:00,server_037,46.00,47.00,174.00,309.00,30.00,1,16.00,0.78,400.00,36.67,Warning
2026-01-12T23:05:00,server_049,43.00,31.00,192.00,202.00,83.00,2,18.02,0.74,370.00,37.62,Warning
2026-01-12T23:10:00,server_035,46.00,54.00,110.00,319.00,30.00,2,17.30,0.77,421.00,38.34,Warning
2026-01-12T23:15:00,server_037,37.00,39.00,138.00,141.00,71.00,2,16.53,0.77,357.00,35.26,Warning
2026-01-12T23:20:00,server_029,37.00,36.00,69.00,235.00,18.00,2,16.41,0.76,368.00,35.74,Warning
2026-01-12T23:25:00,server_050,52.00,45.00,194.00,163.00,20.00,3,17.66,0.79,448.00,40.02,Warning
2026-01-12T23:30:00,server_009,42.00,43.00,113.00,339.00,34.00,2,16.40,0.81,400.00,36.12,Warning
2026-01-12T23:35:00,server_028,54.00,55.00,141.00,176.00,44.00,1,16.88,0.74,417.00,38.45,Warning
2026-01-12T23:40:00,server_015,52.00,54.00,97.00,245.00,55.00,1,17.33,0.71,418.00,39.25,Warning
2026-01-12T23:45:00,server_020,51.00,54.00,173.00,235.00,55.00,2,16.06,0.73,444.00,39.32,Warning
2026-01-12T23:50:00,server_033,43.00,51.00,146.00,234.00,57.00,2,17.25,0.75,397.00,38.03,Warning
2026-01-12T23:55:00,server_028,45.00,46.00,148.00,232.00,47.00,2,16.69,0.82,392.00,35.96,Warning
2026-01-13T00:00:00,server_038,43.00,35.00,175.00,267.00,61.00,2,17.91,0.77,382.00,35.70,Warning
2026-01-13T00:05:00,server_020,38.00,50.00,152.00,239.00,22.00,2,15.93,0.75,380.00,36.12,Warning
2026-01-13T00:10:00,server_041,42.00,48.00,106.00,223.00,20.00,2,17.21,0.80,397.00,35.72,Warning
2026-01-13T00:15:00,server_034,40.00,37.00,138.00,147.00,14.00,2,17.73,0.75,367.00,37.04,Warning
2026-01-13T00:20:00,server_020,35.00,30.00,121.00,182.00,22.00,1,17.56,0.85,322.00,32.73,Normal
2026-01-13T00:25:00,server_021,43.00,36.00,172.00,157.00,20.00,2,17.44,0.81,384.00,36.54,Warning
2026-01-13T00:30:00,server_018,48.00,44.00,160.00,237.00,45.00,2,17.42,0.77,409.00,37.96,Warning
2026-01-13T00:35:00,server_043,40.00,44.00,172.00,295.00,15.00,3,16.07,0.77,405.00,37.53,Warning
2026-01-13T00:40:00,server_012,44.00,48.00,153.00,151.00,118.00,1,17.43,0.77,378.00,37.18,Warning
2026-01-13T00:45:00,server_045,46.00,42.00,182.00,279.00,25.00,2,17.82,0.80,413.00,37.98,Warning
2026-01-13T00:50:00,server_039,46.00,52.00,124.00,140.00,76.00,1,16.57,0.79,403.00,37.00,Warning
2026-01-13T00:55:00,server_035,31.00,33.00,121.00,135.00,170.00,2,17.07,0.78,316.00,32.84,Normal
2026-01-13T01:00:00,server_004,43.00,51.00,141.00,293.00,20.00,1,16.70,0.75,393.00,37.12,Warning
2026-01-13T01:05:00,server_032,39.00,44.00,147.00,303.00,35.00,3,16.49,0.79,405.00,37.24,Warning
2026-01-13T01:10:00,server_044,32.00,26.00,93.00,193.00,36.00,3,16.67,0.74,348.00,34.10,Normal
2026-01-13T01:15:00,server_028,39.00,47.00,95.00,137.00,16.00,2,18.19,0.84,368.00,34.98,Normal
2026-01-13T01:20:00,server_027,42.00,42.00,115.00,216.00,96.00,2,18.26,0.82,385.00,36.13,Warning
2026-01-13T01:25:00,server_041,40.00,40.00,178.00,251.00,18.00,1,17.49,0.85,342.00,34.16,Normal
2026-01-13T01:30:00,server_005,35.00,42.00,31.00,134.00,53.00,2,17.08,0.77,331.00,34.33,Normal
2026-01-13T01:35:00,server_034,50.00,32.00,79.00,288.00,59.00,2,17.70,0.84,413.00,38.68,Warning
2026-01-13T01:40:00,server_018,44.00,41.00,184.00,248.00,20.00,1,16.78,0.77,384.00,36.87,Warning
2026-01-13T01:45:00,server_025,44.00,44.00,199.00,325.00,52.00,1,16.29,0.77,384.00,36.79,Warning
2026-01-13T01:50:00,server_048,46.00,52.00,135.00,191.00,67.00,2,17.92,0.75,412.00,38.07,Warning
2026-01-13T01:55:00,server_034,41.00,35.00,201.00,103.00,61.00,2,16.59,0.76,368.00,36.04,Warning
2026-01-13T02:00:00,server_044,40.00,30.00,166.00,231.00,60.00,3,17.66,0.79,376.00,36.12,Warning
2026-01-13T02:05:00,server_047,32.00,32.00,141.00,100.00,42.00,3,17.24,0.77,350.00,34.98,Normal
2026-01-13T02:10:00,server_033,33.00,32.00,155.00,119.00,191.00,3,19.63,0.77,359.00,35.74,Warning
2026-01-13T02:15:00,server_020,36.00,33.00,137.00,155.00,31.00,2,17.53,0.79,344.00,35.20,Warning
2026-01-13T02:20:00,server_018,47.00,52.00,179.00,276.00,36.00,2,17.75,0.79,419.00,37.32,Warning
2026-01-13T02:25:00,server_041,29.00,30.00,52.00,85.00,56.00,2,17.65,0.77,315.00,34.13,Normal
2026-01-13T02:30:00,server_023,35.00,41.00,128.00,148.00,21.00,2,18.26,0.78,359.00,35.07,Warning
2026-01-13T02:35:00,server_028,44.00,50.00,192.00,285.00,33.00,2,18.23,0.78,417.00,37.97,Warning
2026-01-13T02:40:00,server_045,26.00,27.00,93.00,167.00,16.00,2,18.83,0.76,307.00,32.91,Normal
2026-01-13T02:45:00,server_028,43.00,55.00,148.00,274.00,127.00,1,18.39,0.74,389.00,37.70,Warning
2026-01-13T02:50:00,server_033,32.00,32.00,142.00,131.00,12.00,2,18.60,0.82,320.00,33.40,Normal
2026-01-13T02:55:00,server_034,44.00,41.00,73.00,219.00,17.00,2,18.63,0.78,383.00,37.76,Warning
2026-01-13T03:00:00,server_032,36.00,36.00,85.00,216.00,24.00,2,19.62,0.74,350.00,36.84,Warning
2026-01-13T03:05:00,server_003,55.00,56.00,118.00,261.00,36.00,2,20.32,0.75,462.00,41.26,Warning
2026-01-13T03:10:00,server_049,38.00,35.00,142.00,231.00,54.00,2,18.94,0.76,350.00,35.47,Warning
2026-01-13T03:15:00,server_007,39.00,40.00,109.00,182.00,35.00,2,18.48,0.71,382.00,37.97,Warning
2026-01-13T03:20:00,server_045,27.00,28.00,60.00,203.00,36.00,3,19.60,0.83,319.00,33.37,Normal
2026-01-13T03:25:00,server_018,32.00,34.00,144.00,126.00,31.00,2,19.00,0.76,322.00,34.46,Normal
2026-01-13T03:30:00,server_037,39.00,34.00,170.00,161.00,31.00,1,19.77,0.83,347.00,35.25,Warning
2026-01-13T03:35:00,server_025,48.00,57.00,202.00,182.00,86.00,1,19.25,0.81,408.00,38.26,Warning
2026-01-13T03:40:00,server_016,48.00,33.00,175.00,300.00,31.00,1,19.86,0.76,395.00,38.08,Warning
2026-01-13T03:45:00,server_045,45.00,48.00,188.00,345.00,122.00,2,18.13,0.74,417.00,38.78,Warning
2026-01-13T03:50:00,server_045,43.00,34.00,139.00,99.00,46.00,2,19.68,0.75,373.00,35.64,Warning
2026-01-13T03:55:00,server_017,40.00,36.00,106.00,277.00,193.00,2,18.83,0.81,385.00,37.04,Warning
2026-01-13T04:00:00,server_026,41.00,40.00,54.00,156.00,34.00,1,20.36,0.77,359.00,37.12,Warning
2026-01-13T04:05:00,server_038,52.00,49.00,224.00,133.00,48.00,3,19.58,0.75,440.00,40.02,Warning
2026-01-13T04:10:00,server_042,35.00,31.00,85.00,257.00,32.00,2,21.43,0.72,347.00,35.64,Warning
2026-01-13T04:15:00,server_008,41.00,45.00,92.00,131.00,16.00,2,21.09,0.79,377.00,36.83,Warning
2026-01-13T04:20:00,server_022,50.00,50.00,233.00,284.00,59.00,2,20.26,0.86,427.00,39.11,Warning
2026-01-13T04:25:00,server_025,48.00,36.00,239.00,204.00,37.00,2,19.66,0.76,413.00,39.61,Warning
2026-01-13T04:30:00,server_048,41.00,36.00,139.00,221.00,66.00,3,20.13,0.81,380.00,37.37,Warning
2026-01-13T04:35:00,server_019,51.00,46.00,139.00,335.00,33.00,2,20.55,0.81,434.00,40.66,Warning
2026-01-13T04:40:00,server_023,50.00,38.00,188.00,185.00,25.00,2,21.02,0.73,408.00,40.02,Warning
2026-01-13T04:45:00,server_026,48.00,47.00,169.00,334.00,17.00,2,19.80,0.77,416.00,38.74,Warning
2026-01-13T04:50:00,server_020,47.00,33.00,182.00,206.00,76.00,1,21.29,0.84,379.00,37.68,Warning
2026-01-13T04:55:00,server_009,37.00,51.00,107.00,202.00,39.00,2,19.64,0.76,384.00,37.66,Warning
2026-01-13T05:00:00,server_022,53.00,50.00,171.00,362.00,83.00,2,22.35,0.78,449.00,41.97,Warning
2026-01-13T05:05:00,server_034,44.00,33.00,115.00,188.00,112.00,2,22.00,0.74,377.00,38.01,Warning
2026-01-13T05:10:00,server_042,54.00,60.00,205.00,390.00,84.00,2,22.98,0.75,470.00,41.98,Warning
2026-01-13T05:15:00,server_040,49.00,52.00,138.00,122.00,30.00,2,21.93,0.72,426.00,39.96,Warning
2026-01-13T05:20:00,server_038,51.00,40.00,185.00,315.00,26.00,2,22.14,0.74,428.00,39.75,Warning
2026-01-13T05:25:00,server_045,40.00,30.00,140.00,237.00,35.00,2,22.35,0.76,376.00,38.04,Warning
2026-01-13T05:30:00,server_015,53.00,49.00,211.00,389.00,60.00,2,22.78,0.81,446.00,40.41,Warning
2026-01-13T05:35:00,server_008,50.00,37.00,202.00,261.00,45.00,1,22.67,0.81,389.00,39.10,Warning
2026-01-13T05:40:00,server_048,47.00,46.00,121.00,169.00,26.00,3,22.79,0.81,430.00,41.25,Warning
2026-01-13T05:45:00,server_035,38.00,38.00,117.00,96.00,67.00,1,22.48,0.76,327.00,36.24,Warning
2026-01-13T05:50:00,server_045,54.00,48.00,150.00,380.00,71.00,3,22.53,0.78,461.00,41.40,Warning
2026-01-13T05:55:00,server_047,45.00,40.00,84.00,320.00,45.00,2,23.03,0.81,390.00,39.28,Warning
2026-01-13T06:00:00,server_020,53.00,61.00,132.00,217.00,62.00,3,23.46,0.80,469.00,42.52,Warning
2026-01-13T06:05:00,server_038,49.00,50.00,138.00,153.00,46.00,2,23.55,0.79,413.00,38.58,Warning
2026-01-13T06:10:00,server_046,37.00,31.00,61.00,98.00,22.00,2,24.32,0.84,348.00,36.07,Warning
2026-01-13T06:15:00,server_023,45.00,44.00,197.00,296.00,40.00,1,23.78,0.75,399.00,38.75,Warning
2026-01-13T06:20:00,server_041,34.00,34.00,156.00,168.00,30.00,2,24.17,0.76,338.00,35.83,Warning
2026-01-13T06:25:00,server_005,53.00,52.00,89.00,348.00,22.00,3,24.38,0.71,433.00,41.55,Warning
2026-01-13T06:30:00,server_050,47.00,39.00,142.00,290.00,37.00,2,23.83,0.74,405.00,39.98,Warning
2026-01-13T06:35:00,server_008,53.00,42.00,168.00,250.00,36.00,1,23.38,0.75,424.00,40.42,Warning
2026-01-13T06:40:00,server_030,51.00,40.00,210.00,198.00,22.00,2,25.33,0.78,414.00,40.41,Warning
2026-01-13T06:45:00,server_025,46.00,46.00,187.00,227.00,19.00,2,24.73,0.81,411.00,40.34,Warning
2026-01-13T06:50:00,server_003,38.00,41.00,197.00,245.00,39.00,2,23.86,0.75,374.00,37.78,Warning
2026-01-13T06:55:00,server_050,33.00,34.00,122.00,187.00,32.00,2,23.32,0.79,338.00,35.99,Warning
2026-01-13T07:00:00,server_007,47.00,55.00,86.00,138.00,35.00,2,25.90,0.77,425.00,40.55,Warning
2026-01-13T07:05:00,server_017,56.00,54.00,247.00,315.00,52.00,2,25.53,0.77,449.00,41.86,Warning
2026-01-13T07:10:00,server_029,57.00,68.00,148.00,327.00,42.00,1,26.33,0.80,463.00,43.47,Warning
2026-01-13T07:15:00,server_007,45.00,43.00,106.00,320.00,30.00,1,24.11,0.74,387.00,38.64,Warning
2026-01-13T07:20:00,server_029,43.00,37.00,164.00,278.00,20.00,2,25.54,0.80,390.00,40.22,Warning
2026-01-13T07:25:00,server_050,69.00,54.00,79.00,208.00,68.00,2,25.32,0.73,512.00,44.99,Warning
2026-01-13T07:30:00,server_047,52.00,59.00,137.00,240.00,69.00,1,25.34,0.77,430.00,42.04,Warning
2026-01-13T07:35:00,server_023,60.00,52.00,224.00,413.00,50.00,3,26.86,0.81,485.00,42.62,Warning
2026-01-13T07:40:00,server_016,39.00,46.00,157.00,227.00,45.00,2,25.30,0.78,363.00,38.53,Warning
2026-01-13T07:45:00,server_033,52.00,48.00,201.00,335.00,27.00,1,26.45,0.81,419.00,40.45,Warning
2026-01-13T07:50:00,server_034,58.00,51.00,229.00,238.00,98.00,3,25.60,0.82,488.00,44.23,Warning
2026-01-13T07:55:00,server_044,47.00,48.00,95.00,271.00,42.00,2,24.82,0.81,408.00,39.89,Warning
2026-01-13T08:00:00,server_017,47.00,54.00,80.00,101.00,66.00,2,26.90,0.78,407.00,39.92,Warning
2026-01-13T08:05:00,server_042,52.00,50.00,232.00,391.00,70.00,2,28.33,0.75,442.00,44.03,Warning
2026-01-13T08:10:00,server_024,57.00,50.00,139.00,255.00,29.00,2,26.51,0.76,463.00,43.52,Warning
2026-01-13T08:15:00,server_013,54.00,55.00,137.00,294.00,43.00,2,25.77,0.82,438.00,42.60,Warning
2026-01-13T08:20:00,server_033,58.00,56.00,204.00,250.00,27.00,3,29.12,0.76,507.00,45.45,Critical
2026-01-13T08:25:00,server_011,49.00,47.00,99.00,215.00,25.00,3,27.51,0.72,428.00,41.70,Warning
2026-01-13T08:30:00,server_041,53.00,31.00,226.00,148.00,21.00,1,27.43,0.72,400.00,41.02,Warning
2026-01-13T08:35:00,server_013,51.00,30.00,100.00,255.00,69.00,2,28.58,0.76,397.00,39.38,Warning
2026-01-13T08:40:00,server_028,47.00,45.00,94.00,118.00,57.00,3,26.83,0.76,421.00,41.45,Warning
2026-01-13T08:45:00,server_038,56.00,61.00,188.00,150.00,123.00,2,28.31,0.78,469.00,43.37,Warning
2026-01-13T08:50:00,server_004,48.00,48.00,104.00,278.00,24.00,2,27.44,0.77,412.00,41.33,Warning
2026-01-13T08:55:00,server_011,49.00,46.00,167.00,336.00,40.00,2,28.43,0.78,416.00,41.62,Warning
2026-01-13T09:00:00,server_009,62.00,58.00,252.00,199.00,35.00,2,28.61,0.84,486.00,45.51,Critical
2026-01-13T09:05:00,server_023,61.00,70.00,228.00,229.00,25.00,2,30.23,0.75,493.00,46.01,Critical
2026-01-13T09:10:00,server_045,66.00,53.00,187.00,451.00,68.00,3,28.67,0.74,535.00,47.61,Critical
2026-01-13T09:15:00,server_035,58.00,55.00,174.00,454.00,30.00,2,28.68,0.81,483.00,44.12,Warning
2026-01-13T09:20:00,server_002,67.00,63.00,121.00,208.00,61.00,3,28.98,0.77,527.00,46.82,Critical
2026-01-13T09:25:00,server_036,69.00,44.00,187.00,364.00,96.00,2,29.45,0.80,504.00,45.63,Critical
2026-01-13T09:30:00,server_039,53.00,56.00,118.00,342.00,88.00,2,29.83,0.80,450.00,42.75,Warning
2026-01-13T09:35:00,server_006,53.00,56.00,150.00,158.00,27.00,1,28.29,0.76,425.00,43.60,Warning
2026-01-13T09:40:00,server_015,57.00,47.00,231.00,214.00,20.00,2,28.15,0.74,456.00,43.87,Warning
2026-01-13T09:45:00,server_004,60.00,63.00,93.00,435.00,51.00,3,29.73,0.79,503.00,44.81,Warning
2026-01-13T09:50:00,server_027,49.00,41.00,121.00,242.00,36.00,2,27.86,0.77,421.00,41.57,Warning
2026-01-13T09:55:00,server_033,65.00,45.00,210.00,379.00,49.00,2,28.50,0.85,482.00,43.63,Warning
2026-01-13T10:00:00,server_025,55.00,52.00,217.00,166.00,20.00,2,30.42,0.73,442.00,44.97,Warning
2026-01-13T10:05:00,server_035,64.00,44.00,133.00,336.00,50.00,2,30.74,0.76,467.00,44.70,Warning
2026-01-13T10:10:00,server_041,61.00,58.00,167.00,231.00,30.00,2,29.97,0.78,489.00,44.88,Warning
2026-01-13T10:15:00,server_023,77.00,83.00,340.00,543.00,30.00,2,29.80,0.78,591.00,50.98,Critical
2026-01-13T10:20:00,server_005,51.00,32.00,140.00,337.00,36.00,1,30.39,0.77,377.00,40.03,Warning
2026-01-13T10:25:00,server_020,50.00,44.00,202.00,115.00,88.00,2,28.88,0.74,412.00,42.57,Warning
2026-01-13T10:30:00,server_045,62.00,45.00,160.00,358.00,39.00,2,30.56,0.72,467.00,45.04,Critical
2026-01-13T10:35:00,server_018,68.00,71.00,292.00,442.00,95.00,2,30.95,0.80,536.00,48.03,Critical
2026-01-13T10:40:00,server_008,79.00,60.00,235.00,258.00,62.00,3,30.81,0.71,581.00,50.06,Critical
2026-01-13T10:45:00,server_041,72.00,62.00,234.00,514.00,39.00,3,30.36,0.82,564.00,49.05,Critical
2026-01-13T10:50:00,server_005,59.00,48.00,225.00,292.00,60.00,2,30.28,0.78,465.00,43.30,Warning
2026-01-13T10:55:00,server_023,58.00,69.00,167.00,442.00,25.00,1,29.08,0.79,463.00,44.67,Warning
2026-01-13T11:00:00,server_002,75.00,60.00,171.00,317.00,32.00,1,30.55,0.74,532.00,48.00,Critical
2026-01-13T11:05:00,server_016,70.00,52.00,257.00,394.00,145.00,2,29.43,0.78,525.00,47.78,Critical
2026-01-13T11:10:00,server_030,63.00,59.00,281.00,239.00,36.00,2,31.34,0.79,493.00,46.45,Critical
2026-01-13T11:15:00,server_033,57.00,42.00,262.00,362.00,22.00,1,30.35,0.77,421.00,40.96,Warning
2026-01-13T11:20:00,server_049,75.00,64.00,118.00,419.00,92.00,2,31.10,0.79,549.00,48.97,Critical
2026-01-13T11:25:00,server_031,63.00,64.00,161.00,181.00,39.00,3,31.78,0.75,499.00,46.02,Critical
2026-01-13T11:30:00,server_005,62.00,48.00,185.00,476.00,36.00,3,29.93,0.76,498.00,46.29,Critical
2026-01-13T11:35:00,server_003,74.00,59.00,151.00,376.00,31.00,1,31.27,0.72,522.00,47.95,Critical
2026-01-13T11:40:00,server_044,69.00,55.00,162.00,200.00,52.00,1,30.57,0.73,478.00,45.63,Critical
2026-01-13T11:45:00,server_012,61.00,56.00,152.00,353.00,95.00,1,30.20,0.76,470.00,45.04,Critical
2026-01-13T11:50:00,server_026,65.00,69.00,225.00,444.00,65.00,2,29.66,0.85,522.00,47.42,Critical
2026-01-13T11:55:00,server_030,65.00,58.00,223.00,393.00,27.00,1,29.09,0.74,478.00,45.39,Critical
2026-01-13T12:00:00,server_014,74.00,72.00,127.00,240.00,35.00,2,30.86,0.79,554.00,48.86,Critical
2026-01-13T12:05:00,server_044,66.00,62.00,228.00,273.00,107.00,2,31.12,0.86,516.00,45.86,Critical
2026-01-13T12:10:00,server_010,59.00,49.00,187.00,340.00,97.00,3,31.14,0.76,467.00,44.87,Warning
2026-01-13T12:15:00,server_011,61.00,61.00,110.00,242.00,47.00,2,30.30,0.78,467.00,45.60,Critical
2026-01-13T12:20:00,server_002,70.00,65.00,319.00,354.00,35.00,1,30.25,0.78,511.00,46.99,Critical
2026-01-13T12:25:00,server_019,66.00,56.00,207.00,344.00,26.00,1,31.05,0.80,492.00,45.48,Critical
2026-01-13T12:30:00,server_036,68.00,74.00,179.00,188.00,35.00,3,31.10,0.80,547.00,48.98,Critical
2026-01-13T12:35:00,server_018,67.00,70.00,106.00,160.00,44.00,2,31.04,0.78,524.00,47.90,Critical
2026-01-13T12:40:00,server_030,69.00,52.00,178.00,367.00,240.00,2,30.44,0.73,509.00,47.90,Critical
2026-01-13T12:45:00,server_016,67.00,69.00,306.00,460.00,70.00,2,30.88,0.85,532.00,48.24,Critical
2026-01-13T12:50:00,server_028,67.00,64.00,117.00,410.00,32.00,2,30.88,0.76,501.00,47.04,Critical
2026-01-13T12:55:00,server_048,67.00,50.00,199.00,185.00,27.00,2,32.17,0.78,497.00,47.45,Critical
2026-01-13T13:00:00,server_017,75.00,66.00,285.00,520.00,54.00,2,30.47,0.78,564.00,49.55,Critical
2026-01-13T13:05:00,server_049,62.00,58.00,101.00,337.00,30.00,1,29.71,0.78,472.00,45.70,Critical
2026-01-13T13:10:00,server_031,73.00,62.00,132.00,476.00,35.00,3,30.34,0.76,536.00,49.58,Critical
2026-01-13T13:15:00,server_021,68.00,43.00,155.00,335.00,51.00,2,32.46,0.79,491.00,45.50,Critical
2026-01-13T13:20:00,server_045,68.00,71.00,141.00,309.00,52.00,2,31.13,0.76,532.00,48.45,Critical
2026-01-13T13:25:00,server_033,64.00,56.00,129.00,403.00,50.00,3,31.91,0.78,517.00,47.53,Critical
2026-01-13T13:30:00,server_009,69.00,56.00,316.00,316.00,78.00,2,30.84,0.86,527.00,46.45,Critical
2026-01-13T13:35:00,server_035,68.00,60.00,137.00,494.00,37.00,2,30.49,0.81,509.00,46.34,Critical
2026-01-13T13:40:00,server_007,69.00,70.00,225.00,338.00,47.00,2,30.71,0.76,534.00,48.54,Critical
2026-01-13T13:45:00,server_028,64.00,68.00,135.00,346.00,76.00,1,30.82,0.79,498.00,46.38,Critical
2026-01-13T13:50:00,server_009,81.00,73.00,333.00,312.00,47.00,2,31.30,0.77,574.00,50.78,Critical
2026-01-13T13:55:00,server_004,79.00,56.00,335.00,204.00,34.00,3,30.45,0.80,577.00,49.78,Critical
2026-01-13T14:00:00,server_017,81.00,80.00,261.00,438.00,62.00,2,29.10,0.76,593.00,51.22,Critical
2026-01-13T14:05:00,server_041,73.00,55.00,199.00,172.00,35.00,2,29.57,0.72,520.00,48.41,Critical
2026-01-13T14:10:00,server_022,71.00,72.00,148.00,315.00,44.00,3,29.86,0.76,568.00,49.07,Critical
2026-01-13T14:15:00,server_050,73.00,65.00,112.00,335.00,59.00,3,30.74,0.76,557.00,49.22,Critical
2026-01-13T14:20:00,server_050,72.00,61.00,169.00,341.00,74.00,1,30.54,0.79,500.00,46.35,Critical
2026-01-13T14:25:00,server_014,67.00,48.00,277.00,157.00,35.00,2,30.06,0.75,501.00,46.60,Critical
2026-01-13T14:30:00,server_019,67.00,49.00,287.00,271.00,162.00,1,30.71,0.75,470.00,44.97,Warning
2026-01-13T14:35:00,server_041,77.00,54.00,124.00,267.00,75.00,3,30.25,0.74,551.00,48.47,Critical
2026-01-13T14:40:00,server_029,74.00,67.00,138.00,201.00,29.00,2,30.81,0.80,545.00,48.31,Critical
2026-01-13T14:45:00,server_019,60.00,51.00,112.00,437.00,25.00,3,29.21,0.77,496.00,46.42,Critical
2026-01-13T14:50:00,server_004,67.00,72.00,293.00,168.00,24.00,2,29.64,0.75,529.00,48.20,Critical
2026-01-13T14:55:00,server_004,72.00,52.00,282.00,426.00,63.00,2,30.61,0.73,526.00,48.26,Critical
2026-01-13T15:00:00,server_004,65.00,48.00,282.00,297.00,126.00,3,28.85,0.83,505.00,45.49,Critical
2026-01-13T15:05:00,server_009,57.00,52.00,131.00,356.00,34.00,2,28.56,0.82,468.00,45.15,Critical
2026-01-13T15:10:00,server_002,76.00,84.00,315.00,337.00,80.00,2,28.42,0.78,577.00,50.08,Critical
2026-01-13T15:15:00,server_033,79.00,72.00,163.00,362.00,58.00,3,28.68,0.81,587.00,50.40,Critical
2026-01-13T15:20:00,server_025,67.00,57.00,103.00,227.00,61.00,2,28.58,0.79,495.00,45.94,Critical
2026-01-13T15:25:00,server_011,72.00,73.00,146.00,307.00,69.00,2,27.94,0.78,543.00,48.05,Critical
2026-01-13T15:30:00,server_023,65.00,68.00,282.00,243.00,28.00,2,28.10,0.80,515.00,46.01,Critical
2026-01-13T15:35:00,server_012,69.00,67.00,116.00,469.00,31.00,1,29.71,0.82,517.00,45.99,Critical
2026-01-13T15:40:00,server_014,74.00,66.00,115.00,247.00,34.00,3,28.26,0.78,574.00,48.64,Critical
2026-01-13T15:45:00,server_035,72.00,51.00,271.00,550.00,88.00,2,28.91,0.77,527.00,46.59,Critical
2026-01-13T15:50:00,server_033,71.00,66.00,255.00,206.00,156.00,1,28.41,0.76,516.00,46.51,Critical
2026-01-13T15:55:00,server_046,58.00,58.00,181.00,249.00,51.00,2,29.17,0.87,474.00,45.06,Critical
2026-01-13T16:00:00,server_036,65.00,54.00,149.00,447.00,102.00,3,26.80,0.81,510.00,45.58,Critical
2026-01-13T16:05:00,server_010,70.00,55.00,276.00,473.00,135.00,2,27.73,0.73,513.00,46.24,Critical
2026-01-13T16:10:00,server_049,64.00,57.00,184.00,443.00,206.00,3,28.70,0.85,523.00,46.07,Critical
2026-01-13T16:15:00,server_030,68.00,60.00,158.00,520.00,107.00,2,27.68,0.76,530.00,47.20,Critical
2026-01-13T16:20:00,server_021,70.00,63.00,231.00,418.00,63.00,3,27.50,0.82,561.00,47.81,Critical
2026-01-13T16:25:00,server_043,75.00,82.00,195.00,484.00,104.00,1,26.94,0.79,551.00,47.73,Critical
2026-01-13T16:30:00,server_030,60.00,72.00,141.00,208.00,29.00,2,27.07,0.82,500.00,46.63,Critical
2026-01-13T16:35:00,server_037,65.00,56.00,149.00,318.00,53.00,3,26.96,0.81,511.00,45.38,Critical
2026-01-13T16:40:00,server_016,66.00,47.00,271.00,507.00,43.00,1,27.59,0.75,478.00,45.78,Critical
2026-01-13T16:45:00,server_047,78.00,57.00,270.00,386.00,90.00,2,27.27,0.82,556.00,48.20,Critical
2026-01-13T16:50:00,server_015,70.00,77.00,155.00,248.00,41.00,2,27.47,0.78,533.00,46.58,Critical
2026-01-13T16:55:00,server_030,78.00,64.00,340.00,540.00,104.00,3,27.56,0.75,584.00,50.67,Critical
2026-01-13T17:00:00,server_012,60.00,49.00,209.00,408.00,88.00,2,24.74,0.82,488.00,42.31,Warning
2026-01-13T17:05:00,server_018,73.00,60.00,229.00,414.00,65.00,2,26.87,0.79,543.00,47.23,Critical
2026-01-13T17:10:00,server_023,68.00,51.00,129.00,466.00,96.00,2,26.72,0.75,502.00,46.56,Critical
2026-01-13T17:15:00,server_032,63.00,53.00,201.00,276.00,179.00,3,26.13,0.78,501.00,44.96,Warning
2026-01-13T17:20:00,server_019,76.00,78.00,218.00,343.00,112.00,1,25.17,0.81,537.00,46.00,Critical
2026-01-13T17:25:00,server_040,53.00,50.00,123.00,245.00,25.00,3,25.76,0.79,464.00,42.63,Warning
2026-01-13T17:30:00,server_043,69.00,51.00,264.00,213.00,47.00,1,25.97,0.71,503.00,45.46,Critical
2026-01-13T17:35:00,server_023,65.00,70.00,109.00,324.00,27.00,2,25.66,0.72,515.00,46.46,Critical
2026-01-13T17:40:00,server_028,61.00,60.00,118.00,194.00,46.00,1,25.44,0.79,474.00,42.82,Warning
2026-01-13T17:45:00,server_006,64.00,55.00,281.00,397.00,32.00,3,26.54,0.72,521.00,46.62,Critical
2026-01-13T17:50:00,server_031,74.00,74.00,323.00,323.00,37.00,2,25.84,0.77,554.00,47.77,Critical
2026-01-13T17:55:00,server_030,61.00,44.00,158.00,215.00,28.00,3,25.37,0.77,472.00,43.30,Warning
2026-01-13T18:00:00,server_045,69.00,50.00,240.00,351.00,102.00,2,24.25,0.82,527.00,45.17,Critical
2026-01-13T18:05:00,server_002,72.00,65.00,304.00,344.00,48.00,2,23.95,0.80,541.00,45.86,Critical
2026-01-13T18:10:00,server_003,65.00,58.00,150.00,395.00,60.00,2,24.40,0.83,495.00,44.97,Warning
2026-01-13T18:15:00,server_019,52.00,40.00,174.00,353.00,42.00,3,25.00,0.81,453.00,41.44,Warning
2026-01-13T18:20:00,server_045,62.00,56.00,153.00,223.00,24.00,3,24.10,0.71,501.00,43.98,Warning
2026-01-13T18:25:00,server_048,56.00,48.00,240.00,158.00,37.00,2,24.29,0.80,444.00,42.00,Warning
2026-01-13T18:30:00,server_043,55.00,38.00,172.00,408.00,19.00,3,23.57,0.81,454.00,40.78,Warning
2026-01-13T18:35:00,server_032,58.00,47.00,149.00,259.00,24.00,1,23.63,0.79,443.00,41.72,Warning
2026-01-13T18:40:00,server_010,65.00,62.00,108.00,214.00,92.00,2,23.57,0.75,505.00,45.36,Critical
2026-01-13T18:45:00,server_046,62.00,56.00,205.00,456.00,197.00,1,24.66,0.79,477.00,43.19,Warning
2026-01-13T18:50:00,server_046,67.00,49.00,120.00,186.00,38.00,1,23.00,0.81,485.00,43.01,Warning
2026-01-13T18:55:00,server_041,62.00,66.00,75.00,207.00,35.00,2,24.89,0.74,498.00,44.89,Warning
2026-01-13T19:00:00,server_025,60.00,55.00,250.00,372.00,51.00,2,21.19,0.81,476.00,41.75,Warning
2026-01-13T19:05:00,server_050,59.00,55.00,142.00,260.00,65.00,3,20.20,0.79,470.00,42.12,Warning
2026-01-13T19:10:00,server_040,54.00,50.00,172.00,389.00,24.00,3,21.47,0.82,471.00,41.07,Warning
2026-01-13T19:15:00,server_033,63.00,58.00,103.00,249.00,134.00,3,21.67,0.78,508.00,44.13,Warning
2026-01-13T19:20:00,server_031,70.00,78.00,122.00,444.00,87.00,2,22.38,0.77,532.00,45.64,Critical
2026-01-13T19:25:00,server_034,53.00,53.00,105.00,166.00,50.00,2,23.68,0.73,426.00,41.38,Warning
2026-01-13T19:30:00,server_003,60.00,48.00,129.00,363.00,27.00,2,21.25,0.83,473.00,42.62,Warning
2026-01-13T19:35:00,server_018,59.00,55.00,192.00,205.00,39.00,3,21.65,0.76,498.00,43.30,Warning
2026-01-13T19:40:00,server_035,55.00,45.00,176.00,273.00,29.00,1,23.16,0.81,419.00,40.05,Warning
2026-01-13T19:45:00,server_034,54.00,44.00,217.00,168.00,22.00,3,21.96,0.79,456.00,40.38,Warning
2026-01-13T19:50:00,server_046,63.00,50.00,231.00,362.00,78.00,1,22.66,0.83,473.00,41.62,Warning
2026-01-13T19:55:00,server_023,55.00,52.00,191.00,209.00,44.00,1,22.26,0.75,424.00,41.36,Warning
2026-01-13T20:00:00,server_037,55.00,66.00,132.00,420.00,81.00,3,20.70,0.80,490.00,41.64,Warning
2026-01-13T20:05:00,server_039,57.00,46.00,235.00,176.00,27.00,1,20.90,0.79,428.00,40.13,Warning
2026-01-13T20:10:00,server_021,60.00,48.00,237.00,257.00,32.00,2,19.56,0.77,459.00,41.96,Warning
2026-01-13T20:15:00,server_007,51.00,41.00,224.00,310.00,76.00,1,20.72,0.80,417.00,39.34,Warning
2026-01-13T20:20:00,server_023,53.00,42.00,126.00,330.00,45.00,1,20.07,0.82,421.00,38.98,Warning
2026-01-13T20:25:00,server_015,56.00,58.00,166.00,177.00,30.00,3,20.98,0.81,479.00,42.04,Warning
2026-01-13T20:30:00,server_040,53.00,52.00,156.00,269.00,68.00,2,19.73,0.83,434.00,39.97,Warning
2026-01-13T20:35:00,server_030,60.00,57.00,246.00,140.00,51.00,3,20.29,0.78,502.00,43.78,Warning
2026-01-13T20:40:00,server_025,56.00,46.00,109.00,210.00,67.00,3,21.29,0.76,447.00,40.68,Warning
2026-01-13T20:45:00,server_012,50.00,42.00,98.00,363.00,28.00,1,21.36,0.81,404.00,39.72,Warning
2026-01-13T20:50:00,server_050,59.00,49.00,112.00,207.00,37.00,2,21.43,0.81,457.00,41.49,Warning
2026-01-13T20:55:00,server_028,47.00,53.00,195.00,265.00,33.00,3,20.54,0.76,439.00,39.94,Warning
2026-01-13T21:00:00,server_045,55.00,57.00,213.00,262.00,72.00,2,19.44,0.81,468.00,41.03,Warning
2026-01-13T21:05:00,server_036,61.00,50.00,218.00,147.00,38.00,2,19.10,0.76,459.00,42.37,Warning
2026-01-13T21:10:00,server_023,59.00,50.00,128.00,417.00,50.00,2,18.47,0.75,472.00,42.45,Warning
2026-01-13T21:15:00,server_027,55.00,51.00,175.00,155.00,27.00,3,19.09,0.79,467.00,42.07,Warning
2026-01-13T21:20:00,server_015,42.00,46.00,134.00,293.00,70.00,1,20.86,0.83,365.00,37.01,Warning
2026-01-13T21:25:00,server_005,57.00,47.00,83.00,401.00,87.00,3,18.13,0.84,471.00,40.02,Warning
2026-01-13T21:30:00,server_045,51.00,43.00,64.00,392.00,34.00,1,19.32,0.76,400.00,38.53,Warning
2026-01-13T21:35:00,server_050,52.00,47.00,176.00,138.00,34.00,2,19.93,0.78,432.00,39.62,Warning
2026-01-13T21:40:00,server_020,48.00,40.00,136.00,236.00,85.00,1,18.31,0.72,393.00,37.98,Warning
2026-01-13T21:45:00,server_011,61.00,48.00,270.00,315.00,22.00,2,19.05,0.80,478.00,42.09,Warning
2026-01-13T21:50:00,server_021,42.00,35.00,96.00,148.00,16.00,2,18.73,0.79,366.00,37.12,Warning
2026-01-13T21:55:00,server_013,54.00,42.00,190.00,275.00,205.00,1,18.83,0.79,428.00,39.45,Warning
2026-01-13T22:00:00,server_048,47.00,45.00,158.00,185.00,41.00,3,17.50,0.77,408.00,38.46,Warning
2026-01-13T22:05:00,server_014,47.00,49.00,173.00,390.00,39.00,2,17.21,0.83,420.00,37.21,Warning
2026-01-13T22:10:00,server_019,64.00,48.00,206.00,263.00,170.00,2,17.86,0.80,482.00,42.32,Warning
2026-01-13T22:15:00,server_031,45.00,37.00,187.00,222.00,57.00,1,18.41,0.78,381.00,37.47,Warning
2026-01-13T22:20:00,server_037,45.00,47.00,96.00,273.00,65.00,2,18.83,0.77,408.00,38.36,Warning
2026-01-13T22:25:00,server_010,42.00,41.00,199.00,242.00,42.00,3,17.61,0.81,400.00,36.17,Warning
2026-01-13T22:30:00,server_030,47.00,52.00,96.00,126.00,78.00,2,17.09,0.78,402.00,37.77,Warning
2026-01-13T22:35:00,server_034,59.00,48.00,174.00,424.00,31.00,1,16.97,0.74,450.00,39.19,Warning
2026-01-13T22:40:00,server_021,52.00,59.00,127.00,258.00,25.00,1,17.64,0.81,432.00,38.23,Warning
2026-01-13T22:45:00,server_047,43.00,46.00,164.00,131.00,37.00,2,18.76,0.74,385.00,37.06,Warning
2026-01-13T22:50:00,server_001,53.00,42.00,81.00,232.00,41.00,3,17.58,0.75,442.00,39.83,Warning
2026-01-13T22:55:00,server_028,42.00,44.00,86.00,164.00,40.00,1,17.83,0.79,379.00,35.98,Warning
2026-01-13T23:00:00,server_034,50.00,37.00,97.00,191.00,84.00,2,16.75,0.81,403.00,37.52,Warning
2026-01-13T23:05:00,server_037,52.00,51.00,213.00,393.00,30.00,2,16.47,0.78,428.00,38.70,Warning
2026-01-13T23:10:00,server_040,47.00,57.00,84.00,206.00,32.00,3,17.90,0.80,452.00,39.12,Warning
2026-01-13T23:15:00,server_025,43.00,35.00,176.00,265.00,20.00,2,16.47,0.77,374.00,37.54,Warning
2026-01-13T23:20:00,server_007,48.00,52.00,128.00,298.00,80.00,2,18.29,0.75,433.00,39.80,Warning
2026-01-13T23:25:00,server_011,54.00,46.00,185.00,128.00,27.00,3,16.69,0.80,440.00,40.22,Warning
2026-01-13T23:30:00,server_048,44.00,35.00,132.00,133.00,43.00,2,18.63,0.80,368.00,35.96,Warning
2026-01-13T23:35:00,server_030,35.00,39.00,109.00,175.00,16.00,2,16.65,0.73,362.00,34.49,Normal
2026-01-13T23:40:00,server_016,44.00,42.00,146.00,283.00,27.00,2,17.28,0.83,414.00,36.57,Warning
2026-01-13T23:45:00,server_042,43.00,41.00,179.00,118.00,58.00,2,17.44,0.85,392.00,37.18,Warning
2026-01-13T23:50:00,server_009,43.00,42.00,180.00,253.00,23.00,2,16.82,0.80,387.00,37.30,Warning
2026-01-13T23:55:00,server_005,44.00,36.00,120.00,121.00,123.00,2,18.30,0.79,383.00,36.95,Warning
2026-01-14T00:00:00,server_031,35.00,44.00,102.00,141.00,35.00,1,17.44,0.75,323.00,34.35,Normal
2026-01-14T00:05:00,server_036,55.00,56.00,160.00,287.00,42.00,1,17.32,0.71,433.00,39.77,Warning
2026-01-14T00:10:00,server_039,51.00,48.00,81.00,328.00,27.00,2,18.69,0.82,436.00,38.13,Warning
2026-01-14T00:15:00,server_028,50.00,50.00,219.00,270.00,37.00,3,16.46,0.80,445.00,39.04,Warning
2026-01-14T00:20:00,server_044,44.00,41.00,139.00,183.00,25.00,2,17.05,0.75,390.00,37.35,Warning
2026-01-14T00:25:00,server_043,42.00,36.00,107.00,231.00,80.00,2,17.54,0.82,373.00,35.62,Warning
2026-01-14T00:30:00,server_046,36.00,36.00,160.00,213.00,26.00,2,15.87,0.81,349.00,33.38,Normal
2026-01-14T00:35:00,server_001,44.00,47.00,129.00,306.00,25.00,3,17.70,0.78,411.00,37.25,Warning
2026-01-14T00:40:00,server_032,50.00,47.00,93.00,245.00,43.00,3,18.13,0.77,434.00,38.49,Warning
2026-01-14T00:45:00,server_015,29.00,30.00,127.00,193.00,66.00,2,17.72,0.73,308.00,32.55,Normal
2026-01-14T00:50:00,server_021,33.00,33.00,76.00,209.00,47.00,2,17.51,0.80,345.00,35.30,Warning
2026-01-14T00:55:00,server_037,37.00,33.00,84.00,119.00,33.00,2,17.77,0.80,354.00,35.80,Warning
2026-01-14T01:00:00,server_003,50.00,60.00,176.00,153.00,27.00,3,16.70,0.74,450.00,41.26,Warning
2026-01-14T01:05:00,server_048,45.00,42.00,82.00,183.00,62.00,2,16.35,0.82,403.00,37.88,Warning
2026-01-14T01:10:00,server_023,36.00,43.00,90.00,158.00,150.00,3,17.05,0.81,374.00,36.73,Warning
2026-01-14T01:15:00,server_038,42.00,38.00,91.00,190.00,89.00,1,17.30,0.81,341.00,34.94,Normal
2026-01-14T01:20:00,server_024,41.00,43.00,170.00,164.00,43.00,1,18.05,0.81,366.00,34.39,Normal
2026-01-14T01:25:00,server_040,43.00,37.00,73.00,132.00,34.00,3,17.14,0.79,400.00,37.31,Warning
2026-01-14T01:30:00,server_040,46.00,41.00,189.00,278.00,20.00,2,17.56,0.72,396.00,38.64,Warning
2026-01-14T01:35:00,server_037,49.00,43.00,87.00,225.00,31.00,2,17.04,0.78,408.00,38.34,Warning
2026-01-14T01:40:00,server_022,38.00,33.00,198.00,230.00,18.00,3,15.91,0.79,375.00,35.94,Warning
2026-01-14T01:45:00,server_011,39.00,40.00,124.00,154.00,32.00,2,18.39,0.77,371.00,36.66,Warning
2026-01-14T01:50:00,server_018,43.00,49.00,124.00,222.00,25.00,2,17.64,0.77,391.00,36.84,Warning
2026-01-14T01:55:00,server_001,30.00,37.00,134.00,138.00,20.00,1,18.18,0.81,300.00,33.47,Normal
2026-01-14T02:00:00,server_026,36.00,36.00,135.00,104.00,27.00,2,18.04,0.81,359.00,35.69,Warning
2026-01-14T02:05:00,server_007,22.00,25.00,67.00,154.00,30.00,1,18.11,0.75,244.00,30.28,Normal
2026-01-14T02:10:00,server_023,34.00,35.00,109.00,140.00,35.00,1,18.28,0.72,319.00,34.63,Normal
2026-01-14T02:15:00,server_011,39.00,29.00,161.00,256.00,26.00,2,17.81,0.78,363.00,35.16,Warning
2026-01-14T02:20:00,server_048,38.00,38.00,120.00,75.00,20.00,2,18.34,0.78,360.00,34.94,Normal
2026-01-14T02:25:00,server_032,44.00,46.00,116.00,241.00,47.00,1,17.97,0.79,388.00,36.76,Warning
2026-01-14T02:30:00,server_038,33.00,38.00,88.00,238.00,144.00,2,18.45,0.84,339.00,33.61,Normal
2026-01-14T02:35:00,server_044,47.00,40.00,78.00,265.00,125.00,1,18.39,0.80,378.00,37.39,Warning
2026-01-14T02:40:00,server_047,48.00,41.00,96.00,200.00,121.00,3,18.04,0.81,425.00,39.69,Warning
2026-01-14T02:45:00,server_043,44.00,41.00,158.00,136.00,37.00,1,19.30,0.72,375.00,37.35,Warning
2026-01-14T02:50:00,server_042,34.00,37.00,141.00,201.00,24.00,2,18.48,0.83,356.00,34.65,Normal
2026-01-14T02:55:00,server_044,37.00,44.00,95.00,273.00,38.00,1,17.01,0.79,356.00,35.77,Warning
2026-01-14T03:00:00,server_035,39.00,33.00,188.00,163.00,15.00,3,18.11,0.77,379.00,36.71,Warning
2026-01-14T03:05:00,server_010,51.00,55.00,163.00,255.00,75.00,1,18.41,0.77,428.00,39.18,Warning
2026-01-14T03:10:00,server_019,49.00,37.00,90.00,281.00,23.00,2,18.71,0.75,395.00,38.65,Warning
2026-01-14T03:15:00,server_022,50.00,50.00,92.00,253.00,35.00,2,19.37,0.75,424.00,39.31,Warning
2026-01-14T03:20:00,server_028,43.00,53.00,154.00,197.00,64.00,1,18.97,0.76,385.00,38.22,Warning
2026-01-14T03:25:00,server_045,38.00,38.00,177.00,230.00,32.00,1,18.60,0.80,348.00,35.05,Warning
2026-01-14T03:30:00,server_031,43.00,39.00,189.00,276.00,107.00,1,19.93,0.75,369.00,37.86,Warning
2026-01-14T03:35:00,server_009,41.00,32.00,107.00,176.00,134.00,3,19.60,0.80,373.00,37.11,Warning
2026-01-14T03:40:00,server_032,39.00,39.00,136.00,200.00,66.00,2,18.34,0.75,356.00,36.51,Warning
2026-01-14T03:45:00,server_049,42.00,44.00,62.00,251.00,51.00,2,19.24,0.72,395.00,37.50,Warning
2026-01-14T03:50:00,server_022,38.00,38.00,140.00,137.00,145.00,1,19.37,0.75,338.00,36.21,Warning
2026-01-14T03:55:00,server_041,31.00,29.00,146.00,159.00,66.00,3,18.25,0.81,338.00,34.02,Normal
2026-01-14T04:00:00,server_029,47.00,46.00,76.00,183.00,34.00,2,19.89,0.76,397.00,37.83,Warning
2026-01-14T04:05:00,server_048,44.00,43.00,164.00,111.00,228.00,2,21.29,0.80,385.00,38.44,Warning
2026-01-14T04:10:00,server_018,42.00,32.00,153.00,182.00,34.00,3,20.67,0.78,383.00,38.10,Warning
2026-01-14T04:15:00,server_050,35.00,48.00,64.00,253.00,18.00,1,20.79,0.87,353.00,34.96,Normal
2026-01-14T04:20:00,server_030,42.00,50.00,136.00,234.00,16.00,1,20.88,0.81,373.00,37.55,Warning
2026-01-14T04:25:00,server_025,36.00,27.00,155.00,134.00,14.00,3,20.52,0.77,359.00,36.59,Warning
2026-01-14T04:30:00,server_031,45.00,45.00,132.00,185.00,20.00,1,20.34,0.76,386.00,37.31,Warning
2026-01-14T04:35:00,server_043,55.00,45.00,117.00,378.00,32.00,2,21.41,0.76,445.00,41.47,Warning
2026-01-14T04:40:00,server_043,36.00,39.00,132.00,112.00,29.00,2,20.37,0.78,354.00,34.47,Normal
2026-01-14T04:45:00,server_035,51.00,49.00,223.00,291.00,32.00,3,20.38,0.77,444.00,41.37,Warning
2026-01-14T04:50:00,server_024,47.00,49.00,97.00,274.00,23.00,3,19.87,0.82,431.00,39.78,Warning
2026-01-14T04:55:00,server_044,48.00,46.00,214.00,131.00,105.00,3,20.43,0.75,430.00,39.80,Warning
2026-01-14T05:00:00,server_042,47.00,36.00,101.00,132.00,59.00,2,21.32,0.81,399.00,38.02,Warning
2026-01-14T05:05:00,server_049,42.00,43.00,127.00,116.00,93.00,1,21.53,0.74,369.00,37.80,Warning
2026-01-14T05:10:00,server_006,43.00,40.00,140.00,334.00,31.00,1,22.30,0.86,374.00,37.15,Warning
2026-01-14T05:15:00,server_011,53.00,61.00,116.00,233.00,47.00,3,22.00,0.82,466.00,42.40,Warning
2026-01-14T05:20:00,server_033,48.00,35.00,150.00,320.00,22.00,3,22.30,0.78,415.00,39.71,Warning
2026-01-14T05:25:00,server_026,46.00,56.00,183.00,199.00,19.00,2,21.14,0.80,419.00,38.34,Warning
2026-01-14T05:30:00,server_012,39.00,39.00,131.00,142.00,21.00,1,22.26,0.75,345.00,35.86,Warning
2026-01-14T05:35:00,server_012,43.00,49.00,117.00,303.00,19.00,2,23.34,0.81,384.00,37.69,Warning
2026-01-14T05:40:00,server_032,35.00,30.00,75.00,155.00,15.00,1,23.15,0.76,323.00,34.68,Normal
2026-01-14T05:45:00,server_032,43.00,38.00,115.00,251.00,23.00,2,21.56,0.70,372.00,38.71,Warning
2026-01-14T05:50:00,server_017,52.00,53.00,173.00,379.00,19.00,3,22.48,0.76,470.00,42.73,Warning
2026-01-14T05:55:00,server_025,43.00,37.00,115.00,93.00,44.00,3,22.00,0.75,390.00,38.76,Warning
2026-01-14T06:00:00,server_038,45.00,51.00,199.00,290.00,21.00,3,25.84,0.77,419.00,40.78,Warning
2026-01-14T06:05:00,server_001,53.00,51.00,138.00,374.00,42.00,2,24.09,0.81,424.00,40.91,Warning
2026-01-14T06:10:00,server_003,47.00,37.00,96.00,255.00,37.00,1,23.69,0.75,381.00,37.88,Warning
2026-01-14T06:15:00,server_012,53.00,42.00,247.00,282.00,22.00,2,23.77,0.81,437.00,42.01,Warning
2026-01-14T06:20:00,server_012,41.00,42.00,72.00,278.00,48.00,1,23.27,0.76,374.00,38.17,Warning
2026-01-14T06:25:00,server_043,53.00,50.00,110.00,184.00,19.00,2,23.76,0.74,427.00,40.76,Warning
2026-01-14T06:30:00,server_040,47.00,49.00,102.00,175.00,25.00,3,24.05,0.80,448.00,40.34,Warning
2026-01-14T06:35:00,server_003,49.00,48.00,137.00,310.00,21.00,2,23.23,0.77,421.00,40.21,Warning
2026-01-14T06:40:00,server_048,52.00,41.00,184.00,299.00,84.00,2,22.72,0.77,425.00,39.79,Warning
2026-01-14T06:45:00,server_002,43.00,31.00,169.00,170.00,69.00,1,23.88,0.74,362.00,37.29,Warning
2026-01-14T06:50:00,server_024,41.00,50.00,153.00,229.00,78.00,2,24.87,0.79,389.00,38.02,Warning
2026-01-14T06:55:00,server_041,47.00,35.00,198.00,237.00,73.00,3,23.52,0.70,401.00,39.94,Warning
2026-01-14T07:00:00,server_022,52.00,56.00,195.00,264.00,135.00,1,24.64,0.80,435.00,41.57,Warning
2026-01-14T07:05:00,server_013,54.00,43.00,198.00,147.00,30.00,2,26.78,0.78,437.00,42.61,Warning
2026-01-14T07:10:00,server_020,43.00,32.00,87.00,121.00,31.00,2,26.74,0.76,373.00,38.49,Warning
2026-01-14T07:15:00,server_026,56.00,46.00,203.00,377.00,137.00,2,26.98,0.83,446.00,42.26,Warning
2026-01-14T07:20:00,server_050,58.00,41.00,175.00,216.00,39.00,2,25.32,0.69,442.00,41.90,Warning
2026-01-14T07:25:00,server_014,43.00,44.00,127.00,138.00,17.00,3,25.08,0.78,404.00,39.79,Warning
2026-01-14T07:30:00,server_013,56.00,59.00,217.00,330.00,104.00,1,25.97,0.80,459.00,42.04,Warning
2026-01-14T07:35:00,server_013,53.00,46.00,126.00,340.00,30.00,3,25.55,0.78,449.00,43.20,Warning
2026-01-14T07:40:00,server_040,53.00,41.00,214.00,374.00,125.00,2,26.49,0.78,439.00,41.93,Warning
2026-01-14T07:45:00,server_017,52.00,55.00,148.00,225.00,47.00,1,27.34,0.77,415.00,41.70,Warning
2026-01-14T07:50:00,server_004,48.00,44.00,162.00,256.00,32.00,2,25.85,0.79,404.00,40.73,Warning
2026-01-14T07:55:00,server_036,42.00,50.00,113.00,322.00,28.00,2,25.37,0.78,390.00,39.56,Warning
2026-01-14T08:00:00,server_013,55.00,54.00,224.00,209.00,22.00,2,28.75,0.77,458.00,43.52,Warning
2026-01-14T08:05:00,server_047,58.00,57.00,163.00,403.00,84.00,2,26.90,0.73,464.00,43.57,Warning
2026-01-14T08:10:00,server_017,58.00,60.00,198.00,353.00,58.00,2,27.92,0.84,469.00,43.61,Warning
2026-01-14T08:15:00,server_027,55.00,59.00,135.00,221.00,139.00,3,27.91,0.84,464.00,42.94,Warning
2026-01-14T08:20:00,server_006,52.00,55.00,112.00,185.00,75.00,2,26.81,0.80,434.00,42.61,Warning
2026-01-14T08:25:00,server_027,58.00,37.00,230.00,448.00,89.00,3,27.57,0.77,456.00,43.03,Warning
2026-01-14T08:30:00,server_029,61.00,57.00,270.00,429.00,114.00,2,27.43,0.81,490.00,44.32,Warning
2026-01-14T08:35:00,server_025,55.00,42.00,172.00,208.00,44.00,1,27.01,0.79,425.00,41.03,Warning
2026-01-14T08:40:00,server_004,61.00,58.00,108.00,175.00,33.00,2,27.55,0.82,484.00,44.62,Warning
2026-01-14T08:45:00,server_040,54.00,51.00,151.00,298.00,119.00,2,26.95,0.74,439.00,43.41,Warning
2026-01-14T08:50:00,server_010,46.00,42.00,183.00,166.00,18.00,2,26.56,0.83,405.00,39.43,Warning
2026-01-14T08:55:00,server_006,56.00,55.00,256.00,183.00,49.00,1,28.05,0.84,442.00,42.06,Warning
2026-01-14T09:00:00,server_038,63.00,58.00,166.00,447.00,32.00,1,29.12,0.75,479.00,45.34,Critical
2026-01-14T09:05:00,server_043,60.00,59.00,207.00,425.00,28.00,2,28.19,0.75,476.00,45.36,Critical
2026-01-14T09:10:00,server_024,62.00,52.00,227.00,341.00,32.00,2,29.23,0.83,468.00,43.96,Warning
2026-01-14T09:15:00,server_016,72.00,66.00,215.00,420.00,42.00,1,30.17,0.74,532.00,49.08,Critical
2026-01-14T09:20:00,server_050,67.00,68.00,234.00,364.00,39.00,3,29.29,0.74,535.00,47.71,Critical
2026-01-14T09:25:00,server_033,59.00,47.00,267.00,213.00,61.00,3,28.54,0.84,469.00,44.63,Warning
2026-01-14T09:30:00,server_050,66.00,65.00,204.00,326.00,92.00,1,30.26,0.80,490.00,45.51,Critical
2026-01-14T09:35:00,server_039,52.00,57.00,221.00,313.00,152.00,2,28.76,0.74,437.00,43.48,Warning
2026-01-14T09:40:00,server_015,64.00,58.00,137.00,495.00,85.00,2,29.02,0.81,504.00,46.24,Critical
2026-01-14T09:45:00,server_031,65.00,46.00,189.00,210.00,34.00,1,29.55,0.77,455.00,43.69,Warning
2026-01-14T09:50:00,server_013,50.00,45.00,71.00,237.00,40.00,1,28.97,0.77,396.00,40.41,Warning
2026-01-14T09:55:00,server_013,52.00,40.00,221.00,206.00,35.00,2,29.51,0.78,445.00,42.50,Warning
2026-01-14T10:00:00,server_019,66.00,66.00,155.00,462.00,101.00,2,29.57,0.85,526.00,46.70,Critical
2026-01-14T10:05:00,server_049,59.00,48.00,213.00,315.00,22.00,2,29.55,0.79,464.00,45.25,Critical
2026-01-14T10:10:00,server_038,53.00,41.00,161.00,211.00,19.00,1,30.25,0.84,415.00,42.08,Warning
2026-01-14T10:15:00,server_047,60.00,60.00,114.00,186.00,30.00,3,30.55,0.80,507.00,45.88,Critical
2026-01-14T10:20:00,server_040,61.00,58.00,266.00,170.00,80.00,2,30.74,0.78,473.00,45.05,Critical
2026-01-14T10:25:00,server_046,64.00,69.00,128.00,374.00,75.00,2,30.39,0.75,505.00,48.32,Critical
2026-01-14T10:30:00,server_021,72.00,71.00,250.00,281.00,60.00,2,30.65,0.77,552.00,48.67,Critical
2026-01-14T10:35:00,server_019,57.00,43.00,110.00,393.00,26.00,2,30.25,0.79,442.00,43.51,Warning
2026-01-14T10:40:00,server_010,57.00,57.00,123.00,401.00,31.00,1,29.62,0.77,449.00,43.62,Warning
2026-01-14T10:45:00,server_045,59.00,56.00,86.00,471.00,62.00,3,31.42,0.82,480.00,44.10,Warning
2026-01-14T10:50:00,server_033,57.00,62.00,109.00,126.00,33.00,1,30.63,0.75,455.00,44.26,Warning
2026-01-14T10:55:00,server_040,58.00,36.00,240.00,452.00,80.00,2,29.78,0.79,453.00,43.60,Warning
2026-01-14T11:00:00,server_044,67.00,65.00,167.00,211.00,41.00,2,30.95,0.81,507.00,47.20,Critical
2026-01-14T11:05:00,server_040,56.00,53.00,234.00,152.00,23.00,3,30.41,0.74,467.00,44.58,Warning
2026-01-14T11:10:00,server_015,62.00,60.00,266.00,425.00,35.00,1,30.75,0.71,482.00,46.05,Critical
2026-01-14T11:15:00,server_024,58.00,53.00,117.00,331.00,75.00,1,29.84,0.75,429.00,43.04,Warning
2026-01-14T11:20:00,server_020,65.00,66.00,126.00,478.00,45.00,3,30.88,0.80,525.00,47.60,Critical
2026-01-14T11:25:00,server_005,72.00,67.00,259.00,274.00,28.00,3,31.75,0.78,562.00,49.39,Critical
2026-01-14T11:30:00,server_040,70.00,54.00,196.00,290.00,30.00,1,30.01,0.72,486.00,46.32,Critical
2026-01-14T11:35:00,server_048,69.00,56.00,219.00,522.00,34.00,3,31.54,0.75,529.00,46.72,Critical
2026-01-14T11:40:00,server_021,70.00,48.00,242.00,513.00,70.00,2,31.73,0.77,517.00,46.57,Critical
2026-01-14T11:45:00,server_002,72.00,61.00,164.00,395.00,60.00,2,31.92,0.79,528.00,47.54,Critical
2026-01-14T11:50:00,server_019,72.00,72.00,290.00,221.00,26.00,2,31.44,0.78,544.00,47.88,Critical
2026-01-14T11:55:00,server_032,63.00,58.00,242.00,355.00,40.00,3,29.74,0.75,507.00,46.31,Critical
2026-01-14T12:00:00,server_046,72.00,64.00,208.00,305.00,62.00,2,30.94,0.75,535.00,47.16,Critical
2026-01-14T12:05:00,server_020,81.00,60.00,319.00,348.00,30.00,1,31.15,0.77,542.00,48.82,Critical
2026-01-14T12:10:00,server_007,75.00,57.00,139.00,481.00,69.00,1,31.94,0.78,519.00,48.60,Critical
2026-01-14T12:15:00,server_023,64.00,62.00,173.00,394.00,58.00,2,31.14,0.78,498.00,45.77,Critical
2026-01-14T12:20:00,server_018,64.00,43.00,143.00,340.00,104.00,2,30.43,0.78,465.00,44.67,Warning
2026-01-14T12:25:00,server_033,79.00,77.00,164.00,469.00,70.00,2,30.56,0.79,566.00,50.11,Critical
2026-01-14T12:30:00,server_009,65.00,68.00,270.00,380.00,61.00,2,31.41,0.81,512.00,47.56,Critical
2026-01-14T12:35:00,server_036,67.00,60.00,219.00,404.00,27.00,2,31.33,0.81,513.00,47.00,Critical
2026-01-14T12:40:00,server_009,72.00,81.00,286.00,235.00,53.00,1,30.90,0.73,538.00,49.37,Critical
2026-01-14T12:45:00,server_033,71.00,61.00,133.00,491.00,100.00,2,31.49,0.80,531.00,46.91,Critical
2026-01-14T12:50:00,server_010,66.00,61.00,162.00,233.00,39.00,3,31.55,0.78,521.00,48.03,Critical
2026-01-14T12:55:00,server_046,79.00,83.00,282.00,545.00,42.00,1,31.18,0.72,573.00,51.62,Critical
2026-01-14T13:00:00,server_045,84.00,79.00,265.00,440.00,39.00,2,31.48,0.77,608.00,52.45,Critical
2026-01-14T13:05:00,server_006,56.00,55.00,173.00,142.00,46.00,2,31.49,0.77,469.00,43.70,Warning
2026-01-14T13:10:00,server_008,55.00,53.00,142.00,243.00,68.00,2,31.41,0.79,452.00,44.09,Warning
2026-01-14T13:15:00,server_020,72.00,53.00,303.00,454.00,66.00,2,29.76,0.77,529.00,47.42,Critical
2026-01-14T13:20:00,server_022,65.00,61.00,176.00,480.00,24.00,2,30.21,0.75,513.00,47.05,Critical
2026-01-14T13:25:00,server_036,79.00,64.00,227.00,348.00,45.00,3,30.42,0.80,595.00,51.15,Critical
2026-01-14T13:30:00,server_008,58.00,55.00,103.00,206.00,67.00,1,30.74,0.80,441.00,43.04,Warning
2026-01-14T13:35:00,server_049,64.00,60.00,177.00,449.00,39.00,2,31.09,0.71,513.00,47.53,Critical
2026-01-14T13:40:00,server_011,65.00,59.00,109.00,181.00,50.00,2,30.79,0.81,496.00,45.22,Critical
2026-01-14T13:45:00,server_044,62.00,70.00,213.00,430.00,29.00,2,30.96,0.74,508.00,46.42,Critical
2026-01-14T13:50:00,server_036,58.00,47.00,113.00,280.00,101.00,2,30.47,0.80,458.00,42.75,Warning
2026-01-14T13:55:00,server_015,66.00,70.00,170.00,478.00,45.00,2,31.51,0.73,527.00,48.60,Critical
2026-01-14T14:00:00,server_007,62.00,65.00,230.00,169.00,52.00,2,29.86,0.76,481.00,46.13,Critical
2026-01-14T14:05:00,server_050,67.00,62.00,148.00,180.00,45.00,2,30.14,0.80,507.00,46.36,Critical
2026-01-14T14:10:00,server_041,59.00,42.00,232.00,218.00,44.00,3,31.04,0.76,464.00,44.88,Warning
2026-01-14T14:15:00,server_033,69.00,77.00,267.00,261.00,41.00,2,30.38,0.73,528.00,48.43,Critical
2026-01-14T14:20:00,server_009,73.00,69.00,137.00,322.00,74.00,2,29.61,0.75,543.00,47.87,Critical
2026-01-14T14:25:00,server_007,78.00,78.00,336.00,397.00,50.00,1,30.52,0.79,568.00,50.28,Critical
2026-01-14T14:30:00,server_004,75.00,54.00,195.00,256.00,92.00,3,31.24,0.81,540.00,49.24,Critical
2026-01-14T14:35:00,server_011,69.00,64.00,217.00,443.00,33.00,2,29.83,0.78,527.00,47.25,Critical
2026-01-14T14:40:00,server_040,71.00,71.00,163.00,152.00,34.00,2,29.82,0.80,542.00,48.67,Critical
2026-01-14T14:45:00,server_032,76.00,54.00,262.00,227.00,27.00,2,30.12,0.76,538.00,47.22,Critical
2026-01-14T14:50:00,server_003,68.00,74.00,216.00,274.00,88.00,3,31.35,0.83,550.00,48.59,Critical
2026-01-14T14:55:00,server_043,72.00,58.00,170.00,234.00,28.00,1,29.79,0.75,517.00,48.81,Critical
2026-01-14T15:00:00,server_049,72.00,61.00,212.00,509.00,39.00,1,28.94,0.83,510.00,46.32,Critical
2026-01-14T15:05:00,server_040,65.00,72.00,100.00,321.00,43.00,2,27.71,0.83,501.00,44.59,Warning
2026-01-14T15:10:00,server_013,71.00,65.00,194.00,366.00,35.00,2,29.37,0.75,533.00,47.51,Critical
2026-01-14T15:15:00,server_044,75.00,51.00,327.00,506.00,42.00,1,27.61,0.77,529.00,47.36,Critical
2026-01-14T15:20:00,server_022,59.00,53.00,215.00,228.00,116.00,2,28.36,0.82,464.00,44.31,Warning
2026-01-14T15:25:00,server_010,77.00,66.00,304.00,293.00,33.00,3,29.97,0.74,578.00,50.63,Critical
2026-01-14T15:30:00,server_007,72.00,53.00,138.00,405.00,30.00,1,28.02,0.83,499.00,45.15,Critical
2026-01-14T15:35:00,server_033,70.00,79.00,286.00,403.00,139.00,2,29.38,0.74,553.00,48.14,Critical
2026-01-14T15:40:00,server_039,67.00,50.00,285.00,332.00,61.00,1,29.50,0.81,487.00,44.28,Warning
2026-01-14T15:45:00,server_022,81.00,83.00,245.00,340.00,50.00,2,30.25,0.78,578.00,50.21,Critical
2026-01-14T15:50:00,server_007,68.00,55.00,150.00,244.00,43.00,3,28.59,0.73,517.00,45.77,Critical
2026-01-14T15:55:00,server_031,65.00,64.00,286.00,254.00,122.00,1,29.38,0.73,479.00,45.65,Critical
2026-01-14T16:00:00,server_027,66.00,57.00,275.00,496.00,25.00,2,27.10,0.79,497.00,44.96,Warning
2026-01-14T16:05:00,server_041,73.00,71.00,262.00,513.00,72.00,1,27.71,0.79,540.00,46.66,Critical
2026-01-14T16:10:00,server_038,81.00,68.00,131.00,334.00,74.00,2,27.05,0.77,571.00,48.78,Critical
2026-01-14T16:15:00,server_001,75.00,59.00,301.00,293.00,31.00,2,27.89,0.78,538.00,48.07,Critical
2026-01-14T16:20:00,server_043,64.00,47.00,146.00,429.00,86.00,3,28.20,0.76,492.00,44.75,Warning
2026-01-14T16:25:00,server_011,71.00,54.00,184.00,471.00,25.00,1,27.21,0.74,498.00,45.96,Critical
2026-01-14T16:30:00,server_008,61.00,60.00,166.00,296.00,66.00,1,26.94,0.78,466.00,43.95,Warning
2026-01-14T16:35:00,server_046,77.00,58.00,139.00,525.00,28.00,2,27.39,0.80,550.00,48.88,Critical
2026-01-14T16:40:00,server_003,61.00,51.00,112.00,292.00,54.00,3,28.01,0.73,475.00,45.96,Critical
2026-01-14T16:45:00,server_002,64.00,55.00,213.00,309.00,78.00,1,28.24,0.80,463.00,43.65,Warning
2026-01-14T16:50:00,server_016,68.00,65.00,295.00,331.00,26.00,1,27.13,0.80,496.00,44.80,Warning
2026-01-14T16:55:00,server_016,64.00,67.00,177.00,248.00,24.00,2,26.86,0.74,511.00,45.28,Critical
2026-01-14T17:00:00,server_050,69.00,58.00,179.00,455.00,37.00,2,27.45,0.72,509.00,46.31,Critical
2026-01-14T17:05:00,server_028,67.00,59.00,142.00,217.00,112.00,1,26.62,0.81,477.00,44.32,Warning
2026-01-14T17:10:00,server_003,70.00,73.00,235.00,238.00,43.00,2,24.37,0.77,537.00,45.57,Critical
2026-01-14T17:15:00,server_038,57.00,47.00,199.00,275.00,58.00,1,26.21,0.75,442.00,41.82,Warning
2026-01-14T17:20:00,server_024,63.00,67.00,179.00,212.00,115.00,2,26.28,0.77,488.00,43.28,Warning
2026-01-14T17:25:00,server_002,53.00,45.00,159.00,294.00,35.00,2,26.81,0.78,419.00,41.26,Warning
2026-01-14T17:30:00,server_030,61.00,46.00,185.00,271.00,54.00,2,26.67,0.81,467.00,41.95,Warning
2026-01-14T17:35:00,server_010,72.00,50.00,257.00,443.00,44.00,3,24.29,0.77,547.00,46.92,Critical
2026-01-14T17:40:00,server_029,74.00,57.00,287.00,179.00,69.00,1,26.63,0.80,517.00,46.24,Critical
2026-01-14T17:45:00,server_022,66.00,54.00,241.00,384.00,39.00,2,25.08,0.72,513.00,45.73,Critical
2026-01-14T17:50:00,server_005,65.00,50.00,231.00,427.00,150.00,1,25.47,0.74,481.00,43.31,Warning
2026-01-14T17:55:00,server_019,71.00,56.00,126.00,405.00,28.00,2,26.61,0.76,507.00,46.36,Critical
2026-01-14T18:00:00,server_029,63.00,65.00,195.00,178.00,49.00,3,24.57,0.79,519.00,45.63,Critical
2026-01-14T18:05:00,server_047,61.00,66.00,88.00,243.00,46.00,1,24.71,0.79,469.00,42.24,Warning
2026-01-14T18:10:00,server_048,62.00,61.00,152.00,424.00,63.00,3,24.28,0.81,494.00,42.68,Warning
2026-01-14T18:15:00,server_045,49.00,52.00,141.00,365.00,103.00,3,24.63,0.73,454.00,41.91,Warning
2026-01-14T18:20:00,server_036,64.00,63.00,146.00,213.00,47.00,2,23.89,0.80,492.00,45.32,Critical
2026-01-14T18:25:00,server_034,62.00,64.00,122.00,205.00,49.00,1,23.33,0.74,450.00,42.47,Warning
2026-01-14T18:30:00,server_033,71.00,76.00,178.00,434.00,57.00,2,23.55,0.82,558.00,47.04,Critical
2026-01-14T18:35:00,server_044,67.00,66.00,232.00,390.00,30.00,2,24.35,0.84,515.00,44.70,Warning
2026-01-14T18:40:00,server_041,63.00,58.00,134.00,455.00,97.00,2,23.79,0.71,495.00,45.20,Critical
2026-01-14T18:45:00,server_018,73.00,62.00,228.00,235.00,27.00,2,23.87,0.78,531.00,46.62,Critical
2026-01-14T18:50:00,server_023,74.00,71.00,242.00,259.00,66.00,2,24.55,0.80,544.00,46.56,Critical
2026-01-14T18:55:00,server_043,72.00,61.00,279.00,252.00,29.00,3,24.05,0.86,563.00,47.32,Critical
2026-01-14T19:00:00,server_043,56.00,42.00,135.00,321.00,49.00,3,20.99,0.78,449.00,42.13,Warning
2026-01-14T19:05:00,server_037,51.00,56.00,167.00,178.00,41.00,1,22.54,0.75,416.00,40.27,Warning
2026-01-14T19:10:00,server_031,60.00,71.00,112.00,414.00,39.00,2,22.43,0.75,499.00,43.75,Warning
2026-01-14T19:15:00,server_041,60.00,47.00,162.00,188.00,84.00,2,22.40,0.82,461.00,42.52,Warning
2026-01-14T19:20:00,server_027,56.00,42.00,194.00,335.00,70.00,3,21.81,0.78,469.00,41.45,Warning
2026-01-14T19:25:00,server_030,60.00,48.00,126.00,312.00,49.00,2,23.22,0.80,450.00,42.06,Warning
2026-01-14T19:30:00,server_011,60.00,61.00,274.00,236.00,34.00,2,21.69,0.79,487.00,42.47,Warning
2026-01-14T19:35:00,server_045,56.00,50.00,190.00,205.00,109.00,3,22.62,0.79,483.00,41.93,Warning
2026-01-14T19:40:00,server_048,63.00,68.00,177.00,327.00,33.00,1,21.86,0.81,495.00,42.38,Warning
2026-01-14T19:45:00,server_013,63.00,59.00,227.00,463.00,85.00,3,22.72,0.83,499.00,43.83,Warning
2026-01-14T19:50:00,server_027,63.00,45.00,129.00,273.00,66.00,3,22.09,0.83,496.00,43.50,Warning
2026-01-14T19:55:00,server_047,61.00,56.00,285.00,157.00,38.00,2,21.29,0.75,492.00,42.99,Warning
2026-01-14T20:00:00,server_049,53.00,45.00,172.00,304.00,56.00,1,19.82,0.81,417.00,38.83,Warning
2026-01-14T20:05:00,server_049,53.00,50.00,211.00,190.00,43.00,1,20.94,0.76,421.00,39.30,Warning
2026-01-14T20:10:00,server_027,46.00,47.00,72.00,153.00,20.00,3,20.94,0.75,426.00,39.59,Warning
2026-01-14T20:15:00,server_042,48.00,36.00,86.00,153.00,31.00,1,19.28,0.80,391.00,37.38,Warning
2026-01-14T20:20:00,server_020,58.00,53.00,115.00,424.00,28.00,3,20.30,0.76,479.00,43.27,Warning
2026-01-14T20:25:00,server_013,49.00,40.00,95.00,354.00,18.00,1,19.75,0.78,392.00,38.01,Warning
2026-01-14T20:30:00,server_013,52.00,56.00,142.00,267.00,31.00,2,20.64,0.76,438.00,39.45,Warning
2026-01-14T20:35:00,server_008,49.00,50.00,146.00,248.00,48.00,3,21.66,0.83,435.00,40.50,Warning
2026-01-14T20:40:00,server_020,49.00,37.00,165.00,235.00,23.00,1,20.69,0.78,389.00,38.58,Warning
2026-01-14T20:45:00,server_007,57.00,48.00,266.00,317.00,102.00,3,21.46,0.79,462.00,41.54,Warning
2026-01-14T20:50:00,server_017,57.00,45.00,147.00,424.00,36.00,2,21.23,0.78,452.00,41.68,Warning
2026-01-14T20:55:00,server_011,59.00,51.00,148.00,262.00,51.00,3,21.32,0.77,476.00,42.36,Warning
2026-01-14T21:00:00,server_048,41.00,29.00,85.00,238.00,38.00,2,19.64,0.79,368.00,36.47,Warning
2026-01-14T21:05:00,server_002,63.00,53.00,244.00,458.00,47.00,2,18.99,0.76,490.00,43.48,Warning
2026-01-14T21:10:00,server_040,47.00,41.00,76.00,201.00,44.00,1,19.91,0.76,376.00,36.83,Warning
2026-01-14T21:15:00,server_037,51.00,45.00,201.00,357.00,35.00,2,19.57,0.79,428.00,38.35,Warning
2026-01-14T21:20:00,server_008,62.00,65.00,117.00,241.00,38.00,1,18.29,0.82,469.00,41.70,Warning
2026-01-14T21:25:00,server_017,53.00,44.00,93.00,274.00,55.00,2,19.78,0.76,420.00,39.20,Warning
2026-01-14T21:30:00,server_026,54.00,55.00,173.00,209.00,29.00,2,20.51,0.78,458.00,41.75,Warning
2026-01-14T21:35:00,server_009,46.00,41.00,111.00,160.00,162.00,1,19.09,0.72,366.00,37.19,Warning
2026-01-14T21:40:00,server_001,48.00,48.00,136.00,143.00,19.00,2,18.37,0.74,419.00,39.65,Warning
2026-01-14T21:45:00,server_009,54.00,61.00,179.00,228.00,35.00,1,19.25,0.83,443.00,40.32,Warning
2026-01-14T21:50:00,server_031,48.00,60.00,169.00,190.00,67.00,2,19.13,0.77,445.00,41.94,Warning
2026-01-14T21:55:00,server_037,49.00,41.00,244.00,203.00,57.00,2,19.92,0.79,416.00,39.19,Warning
2026-01-14T22:00:00,server_036,58.00,49.00,126.00,318.00,120.00,2,17.22,0.77,444.00,40.72,Warning
2026-01-14T22:05:00,server_049,44.00,44.00,143.00,313.00,30.00,2,18.63,0.81,391.00,36.69,Warning
2026-01-14T22:10:00,server_026,53.00,46.00,128.00,263.00,43.00,2,18.59,0.83,441.00,39.24,Warning
2026-01-14T22:15:00,server_047,61.00,47.00,216.00,299.00,36.00,2,17.25,0.81,468.00,41.50,Warning
2026-01-14T22:20:00,server_020,44.00,45.00,76.00,133.00,20.00,3,17.20,0.75,398.00,37.77,Warning
2026-01-14T22:25:00,server_045,42.00,43.00,92.00,299.00,60.00,2,16.78,0.79,375.00,35.49,Warning
2026-01-14T22:30:00,server_026,42.00,41.00,153.00,271.00,15.00,2,18.34,0.74,395.00,38.22,Warning
2026-01-14T22:35:00,server_002,59.00,53.00,198.00,388.00,118.00,2,18.23,0.68,480.00,42.16,Warning
2026-01-14T22:40:00,server_030,54.00,56.00,184.00,136.00,49.00,1,18.02,0.79,436.00,39.07,Warning
2026-01-14T22:45:00,server_033,38.00,40.00,92.00,285.00,39.00,1,18.16,0.82,353.00,35.33,Warning
2026-01-14T22:50:00,server_009,58.00,49.00,129.00,406.00,207.00,2,17.78,0.73,465.00,42.22,Warning
2026-01-14T22:55:00,server_038,56.00,51.00,158.00,394.00,144.00,1,17.90,0.81,432.00,39.25,Warning
2026-01-14T23:00:00,server_029,37.00,32.00,138.00,182.00,62.00,2,17.58,0.82,343.00,34.27,Normal
2026-01-14T23:05:00,server_040,42.00,50.00,166.00,248.00,38.00,2,17.13,0.78,395.00,37.22,Warning
2026-01-14T23:10:00,server_033,46.00,48.00,204.00,320.00,60.00,1,17.68,0.75,383.00,37.78,Warning
2026-01-14T23:15:00,server_005,43.00,47.00,175.00,124.00,38.00,2,17.05,0.80,402.00,39.00,Warning
2026-01-14T23:20:00,server_039,44.00,54.00,163.00,258.00,32.00,2,16.72,0.77,402.00,37.30,Warning
2026-01-14T23:25:00,server_001,53.00,47.00,123.00,406.00,34.00,2,17.26,0.73,433.00,38.78,Warning
2026-01-14T23:30:00,server_007,41.00,42.00,96.00,251.00,73.00,2,17.18,0.74,389.00,36.99,Warning
2026-01-14T23:35:00,server_037,45.00,46.00,139.00,244.00,62.00,1,17.10,0.84,380.00,35.33,Warning
2026-01-14T23:40:00,server_004,53.00,63.00,75.00,346.00,63.00,3,16.55,0.77,469.00,40.72,Warning
2026-01-14T23:45:00,server_028,43.00,50.00,96.00,317.00,40.00,2,17.57,0.84,399.00,38.29,Warning
2026-01-14T23:50:00,server_022,48.00,39.00,118.00,271.00,71.00,3,17.23,0.83,419.00,38.63,Warning
2026-01-14T23:55:00,server_006,55.00,55.00,178.00,338.00,23.00,2,16.29,0.77,459.00,40.74,Warning
2026-01-15T00:00:00,server_040,52.00,38.00,233.00,281.00,29.00,3,15.60,0.79,438.00,38.43,Warning
2026-01-15T00:05:00,server_033,44.00,41.00,92.00,177.00,37.00,3,17.09,0.74,402.00,37.10,Warning
2026-01-15T00:10:00,server_049,44.00,53.00,173.00,161.00,65.00,2,16.67,0.75,397.00,38.48,Warning
2026-01-15T00:15:00,server_042,37.00,43.00,168.00,257.00,61.00,3,16.49,0.78,385.00,35.01,Warning
2026-01-15T00:20:00,server_024,51.00,43.00,160.00,202.00,73.00,1,16.89,0.82,407.00,36.26,Warning
2026-01-15T00:25:00,server_023,46.00,47.00,149.00,308.00,113.00,2,16.95,0.79,413.00,37.65,Warning
2026-01-15T00:30:00,server_023,37.00,31.00,86.00,146.00,38.00,2,17.87,0.76,344.00,34.28,Normal
2026-01-15T00:35:00,server_005,48.00,51.00,195.00,278.00,67.00,1,16.71,0.73,404.00,38.08,Warning
2026-01-15T00:40:00,server_042,45.00,34.00,69.00,277.00,22.00,2,16.72,0.86,376.00,34.53,Normal
2026-01-15T00:45:00,server_001,38.00,39.00,151.00,235.00,27.00,2,17.49,0.74,368.00,36.86,Warning
2026-01-15T00:50:00,server_047,45.00,58.00,126.00,196.00,92.00,3,17.12,0.76,443.00,40.76,Warning
2026-01-15T00:55:00,server_005,41.00,38.00,87.00,322.00,45.00,2,17.27,0.76,377.00,35.95,Warning
2026-01-15T01:00:00,server_039,49.00,59.00,100.00,146.00,121.00,2,17.10,0.73,437.00,39.45,Warning
2026-01-15T01:05:00,server_040,42.00,42.00,123.00,180.00,37.00,1,17.61,0.78,368.00,35.78,Warning
2026-01-15T01:10:00,server_042,42.00,38.00,95.00,273.00,73.00,1,17.55,0.77,378.00,37.00,Warning
2026-01-15T01:15:00,server_046,45.00,58.00,119.00,182.00,97.00,2,16.99,0.78,429.00,38.13,Warning
2026-01-15T01:20:00,server_035,46.00,48.00,69.00,350.00,50.00,1,16.60,0.78,383.00,36.74,Warning
2026-01-15T01:25:00,server_015,37.00,40.00,114.00,96.00,22.00,3,16.11,0.78,358.00,34.63,Normal
2026-01-15T01:30:00,server_031,43.00,51.00,54.00,173.00,87.00,2,16.68,0.80,408.00,38.94,Warning
2026-01-15T01:35:00,server_008,49.00,37.00,190.00,164.00,73.00,2,15.99,0.77,404.00,36.43,Warning
2026-01-15T01:40:00,server_040,43.00,38.00,108.00,177.00,73.00,3,16.75,0.84,414.00,37.67,Warning
2026-01-15T01:45:00,server_007,39.00,42.00,164.00,269.00,32.00,1,17.43,0.79,359.00,34.68,Normal
2026-01-15T01:50:00,server_028,46.00,41.00,87.00,278.00,52.00,3,18.04,0.70,415.00,38.89,Warning
2026-01-15T01:55:00,server_036,42.00,47.00,181.00,328.00,25.00,1,18.59,0.77,374.00,36.97,Warning
2026-01-15T02:00:00,server_044,31.00,38.00,102.00,108.00,26.00,2,16.92,0.80,338.00,32.86,Normal
2026-01-15T02:05:00,server_008,50.00,46.00,219.00,285.00,29.00,2,17.70,0.82,417.00,37.62,Warning
2026-01-15T02:10:00,server_030,46.00,44.00,68.00,142.00,64.00,2,18.31,0.74,396.00,37.58,Warning
2026-01-15T02:15:00,server_022,36.00,36.00,126.00,228.00,44.00,3,18.02,0.79,381.00,35.80,Warning
2026-01-15T02:20:00,server_008,42.00,39.00,136.00,249.00,15.00,3,18.32,0.76,403.00,37.78,Warning
2026-01-15T02:25:00,server_010,41.00,41.00,180.00,171.00,30.00,3,18.19,0.76,410.00,38.58,Warning
2026-01-15T02:30:00,server_007,48.00,49.00,200.00,253.00,20.00,3,15.72,0.75,444.00,39.74,Warning
2026-01-15T02:35:00,server_026,47.00,50.00,103.00,284.00,128.00,3,18.57,0.80,421.00,38.15,Warning
2026-01-15T02:40:00,server_026,33.00,29.00,98.00,95.00,102.00,1,17.23,0.74,318.00,34.63,Normal
2026-01-15T02:45:00,server_010,37.00,40.00,167.00,84.00,67.00,1,17.60,0.79,334.00,34.91,Normal
2026-01-15T02:50:00,server_004,41.00,41.00,139.00,330.00,16.00,2,17.33,0.79,393.00,38.05,Warning
2026-01-15T02:55:00,server_017,32.00,32.00,98.00,85.00,54.00,3,18.34,0.79,351.00,34.71,Normal
2026-01-15T03:00:00,server_001,40.00,36.00,96.00,174.00,32.00,2,18.96,0.80,374.00,36.07,Warning
2026-01-15T03:05:00,server_043,38.00,30.00,161.00,171.00,41.00,2,20.26,0.76,356.00,35.80,Warning
2026-01-15T03:10:00,server_013,36.00,36.00,95.00,217.00,40.00,3,19.92,0.84,379.00,35.53,Warning
2026-01-15T03:15:00,server_001,39.00,45.00,132.00,140.00,51.00,3,18.25,0.76,403.00,37.70,Warning
2026-01-15T03:20:00,server_024,32.00,24.00,94.00,83.00,66.00,2,20.50,0.77,316.00,34.32,Normal
2026-01-15T03:25:00,server_039,33.00,28.00,106.00,229.00,84.00,2,20.18,0.74,327.00,34.66,Normal
2026-01-15T03:30:00,server_030,42.00,37.00,118.00,250.00,18.00,2,17.22,0.76,383.00,36.66,Warning
2026-01-15T03:35:00,server_040,38.00,33.00,148.00,273.00,18.00,2,19.31,0.80,366.00,35.46,Warning
2026-01-15T03:40:00,server_028,37.00,34.00,120.00,228.00,64.00,2,18.47,0.81,360.00,35.42,Warning
2026-01-15T03:45:00,server_002,50.00,54.00,173.00,271.00,25.00,2,18.74,0.79,427.00,39.17,Warning
2026-01-15T03:50:00,server_010,40.00,52.00,81.00,184.00,18.00,3,19.49,0.80,409.00,38.15,Warning
2026-01-15T03:55:00,server_020,42.00,37.00,157.00,136.00,78.00,1,19.41,0.77,351.00,36.19,Warning
2026-01-15T04:00:00,server_029,47.00,47.00,119.00,221.00,53.00,2,19.24,0.70,429.00,39.68,Warning
2026-01-15T04:05:00,server_047,39.00,34.00,85.00,116.00,38.00,2,21.42,0.76,360.00,36.15,Warning
2026-01-15T04:10:00,server_005,43.00,43.00,131.00,326.00,22.00,2,20.12,0.77,374.00,36.93,Warning
2026-01-15T04:15:00,server_025,45.00,36.00,209.00,158.00,18.00,1,19.67,0.80,368.00,36.87,Warning
2026-01-15T04:20:00,server_004,45.00,48.00,113.00,216.00,54.00,2,21.24,0.87,402.00,37.74,Warning
2026-01-15T04:25:00,server_043,44.00,55.00,153.00,174.00,92.00,1,20.06,0.82,382.00,36.79,Warning
2026-01-15T04:30:00,server_013,40.00,44.00,91.00,151.00,156.00,2,20.54,0.80,372.00,38.20,Warning
2026-01-15T04:35:00,server_019,50.00,46.00,187.00,392.00,123.00,3,20.60,0.81,451.00,40.73,Warning
2026-01-15T04:40:00,server_040,37.00,42.00,85.00,122.00,99.00,2,19.88,0.82,364.00,35.78,Warning
2026-01-15T04:45:00,server_036,57.00,43.00,209.00,261.00,77.00,2,20.27,0.77,450.00,41.40,Warning
2026-01-15T04:50:00,server_011,36.00,37.00,157.00,149.00,45.00,3,20.75,0.78,364.00,37.44,Warning
2026-01-15T04:55:00,server_018,38.00,43.00,117.00,152.00,25.00,3,21.46,0.79,388.00,37.55,Warning
2026-01-15T05:00:00,server_004,57.00,50.00,115.00,327.00,44.00,1,23.06,0.76,446.00,41.38,Warning
2026-01-15T05:05:00,server_048,49.00,48.00,111.00,283.00,74.00,2,21.75,0.74,426.00,40.66,Warning
2026-01-15T05:10:00,server_022,56.00,48.00,138.00,397.00,32.00,2,22.33,0.75,447.00,40.16,Warning
2026-01-15T05:15:00,server_036,51.00,55.00,158.00,293.00,40.00,2,22.79,0.75,444.00,41.04,Warning
2026-01-15T05:20:00,server_012,51.00,54.00,178.00,168.00,38.00,3,22.24,0.82,443.00,40.86,Warning
2026-01-15T05:25:00,server_018,42.00,52.00,163.00,288.00,100.00,2,21.44,0.80,392.00,37.82,Warning
2026-01-15T05:30:00,server_009,35.00,39.00,140.00,127.00,26.00,2,21.47,0.75,363.00,36.89,Warning
2026-01-15T05:35:00,server_033,52.00,39.00,80.00,336.00,31.00,1,21.87,0.69,408.00,40.18,Warning
2026-01-15T05:40:00,server_032,35.00,49.00,137.00,150.00,19.00,3,21.58,0.79,381.00,38.23,Warning
2026-01-15T05:45:00,server_022,36.00,40.00,83.00,189.00,36.00,2,21.37,0.79,357.00,36.09,Warning
2026-01-15T05:50:00,server_049,37.00,36.00,134.00,163.00,17.00,1,21.16,0.70,337.00,37.20,Warning
2026-01-15T05:55:00,server_021,52.00,44.00,205.00,368.00,41.00,1,21.93,0.78,416.00,39.45,Warning
2026-01-15T06:00:00,server_047,45.00,28.00,136.00,284.00,46.00,3,23.58,0.73,405.00,39.67,Warning
2026-01-15T06:05:00,server_048,55.00,41.00,110.00,241.00,20.00,3,23.94,0.79,452.00,42.12,Warning
2026-01-15T06:10:00,server_050,33.00,39.00,77.00,134.00,25.00,2,23.24,0.78,332.00,34.45,Normal
2026-01-15T06:15:00,server_037,41.00,49.00,106.00,222.00,48.00,3,23.55,0.81,409.00,38.87,Warning
2026-01-15T06:20:00,server_012,47.00,34.00,143.00,220.00,37.00,2,24.35,0.74,404.00,39.70,Warning
2026-01-15T06:25:00,server_047,43.00,42.00,134.00,294.00,137.00,2,23.88,0.74,377.00,38.82,Warning
2026-01-15T06:30:00,server_035,44.00,36.00,81.00,154.00,17.00,2,24.52,0.74,377.00,37.91,Warning
2026-01-15T06:35:00,server_034,50.00,50.00,76.00,167.00,40.00,3,22.77,0.74,421.00,40.43,Warning
2026-01-15T06:40:00,server_010,54.00,58.00,170.00,254.00,32.00,3,22.91,0.85,465.00,42.01,Warning
2026-01-15T06:45:00,server_018,50.00,39.00,138.00,137.00,84.00,1,22.30,0.78,392.00,38.43,Warning
2026-01-15T06:50:00,server_032,47.00,49.00,147.00,329.00,113.00,1,24.54,0.76,396.00,39.34,Warning
2026-01-15T06:55:00,server_029,53.00,40.00,159.00,301.00,43.00,1,22.96,0.77,397.00,39.08,Warning
2026-01-15T07:00:00,server_004,60.00,54.00,120.00,423.00,64.00,3,25.09,0.72,479.00,43.61,Warning
2026-01-15T07:05:00,server_012,53.00,39.00,145.00,346.00,26.00,1,26.11,0.76,406.00,40.46,Warning
2026-01-15T07:10:00,server_047,52.00,41.00,168.00,247.00,96.00,3,25.78,0.77,442.00,40.93,Warning
2026-01-15T07:15:00,server_047,55.00,44.00,91.00,371.00,61.00,3,25.98,0.82,460.00,41.75,Warning
2026-01-15T07:20:00,server_045,55.00,53.00,151.00,329.00,94.00,2,24.94,0.73,457.00,43.82,Warning
2026-01-15T07:25:00,server_028,50.00,46.00,174.00,126.00,29.00,3,25.45,0.80,441.00,40.13,Warning
2026-01-15T07:30:00,server_007,52.00,47.00,141.00,376.00,62.00,1,25.57,0.80,407.00,40.20,Warning
2026-01-15T07:35:00,server_050,59.00,52.00,211.00,229.00,22.00,2,26.57,0.75,468.00,43.65,Warning
2026-01-15T07:40:00,server_003,56.00,49.00,198.00,305.00,47.00,1,25.46,0.78,448.00,41.54,Warning
2026-01-15T07:45:00,server_046,56.00,52.00,207.00,232.00,78.00,2,24.49,0.73,454.00,42.92,Warning
2026-01-15T07:50:00,server_032,49.00,49.00,149.00,384.00,103.00,2,25.05,0.79,437.00,41.00,Warning
2026-01-15T07:55:00,server_006,50.00,45.00,130.00,264.00,26.00,3,25.19,0.82,433.00,42.30,Warning
2026-01-15T08:00:00,server_021,61.00,65.00,168.00,461.00,50.00,1,29.14,0.77,465.00,44.10,Warning
2026-01-15T08:05:00,server_038,46.00,50.00,226.00,302.00,18.00,2,28.73,0.74,422.00,42.67,Warning
2026-01-15T08:10:00,server_045,64.00,49.00,147.00,380.00,84.00,3,26.82,0.78,489.00,44.02,Warning
2026-01-15T08:15:00,server_040,63.00,63.00,205.00,341.00,30.00,3,28.31,0.82,508.00,45.82,Critical
2026-01-15T08:20:00,server_040,50.00,62.00,169.00,314.00,25.00,2,27.83,0.74,435.00,41.96,Warning
2026-01-15T08:25:00,server_011,59.00,54.00,175.00,341.00,57.00,3,27.10,0.79,482.00,43.72,Warning
2026-01-15T08:30:00,server_003,69.00,50.00,239.00,188.00,59.00,2,26.50,0.85,502.00,43.43,Warning
2026-01-15T08:35:00,server_034,59.00,53.00,76.00,317.00,40.00,1,28.40,0.74,449.00,43.16,Warning
2026-01-15T08:40:00,server_020,57.00,66.00,208.00,220.00,22.00,2,27.44,0.82,472.00,44.04,Warning
2026-01-15T08:45:00,server_007,49.00,44.00,107.00,380.00,29.00,1,27.09,0.79,390.00,38.67,Warning
2026-01-15T08:50:00,server_032,42.00,42.00,150.00,295.00,54.00,3,26.66,0.74,398.00,38.62,Warning
2026-01-15T08:55:00,server_045,55.00,48.00,207.00,260.00,20.00,2,26.49,0.75,432.00,41.99,Warning
2026-01-15T09:00:00,server_004,57.00,67.00,230.00,224.00,29.00,1,28.17,0.78,463.00,44.27,Warning
2026-01-15T09:05:00,server_001,63.00,44.00,221.00,285.00,32.00,1,28.57,0.81,455.00,43.00,Warning
2026-01-15T09:10:00,server_033,58.00,48.00,252.00,235.00,81.00,3,28.97,0.80,470.00,43.89,Warning
2026-01-15T09:15:00,server_014,57.00,40.00,213.00,272.00,82.00,3,27.70,0.73,462.00,43.74,Warning
2026-01-15T09:20:00,server_031,61.00,74.00,115.00,359.00,71.00,1,28.39,0.75,480.00,44.08,Warning
2026-01-15T09:25:00,server_026,53.00,43.00,89.00,420.00,46.00,1,29.11,0.73,401.00,41.24,Warning
2026-01-15T09:30:00,server_045,57.00,50.00,125.00,168.00,21.00,3,29.40,0.83,467.00,44.53,Warning
2026-01-15T09:35:00,server_011,60.00,52.00,169.00,413.00,55.00,2,29.30,0.79,479.00,44.73,Warning
2026-01-15T09:40:00,server_012,52.00,53.00,164.00,213.00,170.00,2,29.33,0.82,435.00,42.25,Warning
2026-01-15T09:45:00,server_035,54.00,65.00,214.00,168.00,93.00,1,28.82,0.75,444.00,43.07,Warning
2026-01-15T09:50:00,server_005,62.00,63.00,92.00,142.00,26.00,2,29.59,0.73,482.00,45.40,Critical
2026-01-15T09:55:00,server_012,72.00,56.00,224.00,396.00,64.00,3,28.33,0.80,547.00,47.95,Critical
2026-01-15T10:00:00,server_044,69.00,68.00,243.00,515.00,42.00,2,30.89,0.78,546.00,48.45,Critical
2026-01-15T10:05:00,server_028,68.00,70.00,181.00,247.00,40.00,2,29.38,0.72,516.00,47.80,Critical
2026-01-15T10:10:00,server_047,63.00,57.00,189.00,270.00,37.00,3,31.26,0.75,512.00,47.88,Critical
2026-01-15T10:15:00,server_001,53.00,60.00,126.00,356.00,33.00,3,29.72,0.72,476.00,43.77,Warning
2026-01-15T10:20:00,server_007,64.00,54.00,160.00,305.00,30.00,3,30.30,0.75,509.00,46.32,Critical
2026-01-15T10:25:00,server_036,66.00,45.00,137.00,229.00,48.00,3,30.52,0.74,516.00,45.44,Critical
2026-01-15T10:30:00,server_031,64.00,64.00,222.00,217.00,74.00,3,29.79,0.80,514.00,46.48,Critical
2026-01-15T10:35:00,server_018,66.00,46.00,191.00,478.00,38.00,3,30.70,0.75,514.00,46.62,Critical
2026-01-15T10:40:00,server_011,62.00,75.00,217.00,389.00,49.00,1,30.74,0.77,494.00,46.45,Critical
2026-01-15T10:45:00,server_001,75.00,59.00,137.00,373.00,38.00,2,29.29,0.82,537.00,48.74,Critical
2026-01-15T10:50:00,server_009,51.00,36.00,159.00,292.00,36.00,2,29.86,0.77,409.00,41.60,Warning
2026-01-15T10:55:00,server_007,54.00,49.00,85.00,382.00,87.00,2,29.99,0.72,442.00,43.69,Warning
2026-01-15T11:00:00,server_006,59.00,59.00,117.00,382.00,55.00,2,30.63,0.82,480.00,45.25,Critical
2026-01-15T11:05:00,server_030,69.00,63.00,265.00,454.00,38.00,2,30.44,0.71,539.00,48.59,Critical
2026-01-15T11:10:00,server_002,72.00,63.00,174.00,160.00,63.00,1,31.17,0.77,516.00,48.34,Critical
2026-01-15T11:15:00,server_024,72.00,58.00,101.00,420.00,40.00,3,31.57,0.78,541.00,47.56,Critical
2026-01-15T11:20:00,server_039,57.00,57.00,150.00,385.00,97.00,3,31.03,0.83,481.00,44.66,Warning
2026-01-15T11:25:00,server_046,70.00,61.00,264.00,377.00,71.00,1,29.36,0.81,508.00,46.16,Critical
2026-01-15T11:30:00,server_004,73.00,65.00,269.00,458.00,90.00,3,30.25,0.77,564.00,50.01,Critical
2026-01-15T11:35:00,server_010,62.00,45.00,186.00,421.00,29.00,3,30.13,0.70,487.00,46.55,Critical
2026-01-15T11:40:00,server_041,66.00,57.00,143.00,292.00,87.00,2,30.43,0.82,501.00,47.29,Critical
2026-01-15T11:45:00,server_041,67.00,58.00,235.00,231.00,83.00,2,31.30,0.78,507.00,46.96,Critical
2026-01-15T11:50:00,server_015,66.00,54.00,187.00,390.00,49.00,2,30.95,0.82,508.00,45.64,Critical
2026-01-15T11:55:00,server_003,60.00,66.00,190.00,266.00,41.00,1,31.74,0.79,458.00,45.42,Critical
2026-01-15T12:00:00,server_037,60.00,66.00,166.00,337.00,55.00,1,31.62,0.80,471.00,44.87,Warning
2026-01-15T12:05:00,server_018,54.00,41.00,106.00,221.00,34.00,2,30.99,0.77,429.00,43.20,Warning
2026-01-15T12:10:00,server_020,59.00,54.00,264.00,244.00,30.00,2,30.91,0.71,472.00,45.18,Critical
2026-01-15T12:15:00,server_043,69.00,71.00,144.00,474.00,30.00,2,31.14,0.73,528.00,46.96,Critical
2026-01-15T12:20:00,server_013,70.00,52.00,165.00,285.00,67.00,1,30.74,0.74,498.00,47.09,Critical
2026-01-15T12:25:00,server_010,56.00,46.00,186.00,274.00,26.00,2,30.82,0.80,453.00,42.59,Warning
2026-01-15T12:30:00,server_028,69.00,58.00,199.00,225.00,51.00,3,30.54,0.84,529.00,47.29,Critical
2026-01-15T12:35:00,server_017,67.00,53.00,258.00,198.00,24.00,2,29.95,0.82,501.00,46.35,Critical
2026-01-15T12:40:00,server_014,66.00,61.00,250.00,199.00,54.00,2,30.37,0.78,500.00,46.75,Critical
2026-01-15T12:45:00,server_006,63.00,59.00,165.00,304.00,55.00,2,30.40,0.73,484.00,46.51,Critical
2026-01-15T12:50:00,server_032,73.00,75.00,156.00,448.00,32.00,3,29.30,0.80,572.00,49.00,Critical
2026-01-15T12:55:00,server_024,65.00,53.00,176.00,400.00,31.00,1,29.99,0.83,490.00,44.40,Warning
2026-01-15T13:00:00,server_020,69.00,71.00,88.00,188.00,33.00,2,29.34,0.75,519.00,47.27,Critical
2026-01-15T13:05:00,server_001,67.00,66.00,188.00,242.00,54.00,2,29.93,0.73,508.00,47.03,Critical
2026-01-15T13:10:00,server_009,68.00,60.00,302.00,450.00,42.00,1,30.10,0.78,513.00,46.42,Critical
2026-01-15T13:15:00,server_049,77.00,69.00,132.00,562.00,28.00,2,31.75,0.79,568.00,49.39,Critical
2026-01-15T13:20:00,server_026,67.00,63.00,185.00,365.00,61.00,2,30.74,0.80,526.00,46.97,Critical
2026-01-15T13:25:00,server_024,66.00,56.00,139.00,209.00,86.00,2,31.51,0.85,489.00,44.48,Warning
2026-01-15T13:30:00,server_049,67.00,64.00,290.00,285.00,50.00,3,30.75,0.75,539.00,46.83,Critical
2026-01-15T13:35:00,server_028,76.00,66.00,173.00,506.00,49.00,1,30.27,0.74,547.00,49.82,Critical
2026-01-15T13:40:00,server_048,78.00,81.00,286.00,215.00,33.00,1,30.57,0.83,559.00,48.82,Critical
2026-01-15T13:45:00,server_006,72.00,57.00,281.00,222.00,101.00,2,31.40,0.80,537.00,48.54,Critical
2026-01-15T13:50:00,server_013,73.00,58.00,227.00,172.00,94.00,2,31.13,0.83,522.00,46.34,Critical
2026-01-15T13:55:00,server_022,70.00,60.00,242.00,354.00,42.00,3,30.75,0.82,552.00,47.87,Critical
2026-01-15T14:00:00,server_012,66.00,58.00,226.00,315.00,130.00,3,30.52,0.75,528.00,46.50,Critical
2026-01-15T14:05:00,server_028,58.00,50.00,271.00,246.00,26.00,2,29.75,0.73,469.00,45.41,Critical
2026-01-15T14:10:00,server_006,67.00,54.00,212.00,418.00,79.00,2,29.85,0.76,522.00,47.11,Critical
2026-01-15T14:15:00,server_048,73.00,74.00,119.00,341.00,31.00,2,31.04,0.74,558.00,50.23,Critical
2026-01-15T14:20:00,server_032,69.00,58.00,314.00,188.00,61.00,1,29.84,0.77,510.00,46.06,Critical
2026-01-15T14:25:00,server_046,64.00,59.00,134.00,279.00,64.00,1,29.21,0.75,483.00,45.77,Critical
2026-01-15T14:30:00,server_030,71.00,48.00,281.00,206.00,87.00,1,30.48,0.76,488.00,46.27,Critical
2026-01-15T14:35:00,server_001,71.00,78.00,260.00,409.00,70.00,2,29.82,0.78,539.00,47.40,Critical
2026-01-15T14:40:00,server_010,69.00,60.00,120.00,414.00,44.00,3,28.69,0.84,526.00,45.39,Critical
2026-01-15T14:45:00,server_040,59.00,65.00,246.00,319.00,50.00,2,29.41,0.84,482.00,45.08,Critical
2026-01-15T14:50:00,server_036,77.00,67.00,222.00,402.00,38.00,2,29.95,0.72,566.00,50.94,Critical
2026-01-15T14:55:00,server_040,61.00,61.00,131.00,456.00,46.00,2,31.05,0.77,491.00,45.98,Critical
2026-01-15T15:00:00,server_003,72.00,68.00,253.00,426.00,125.00,2,27.90,0.73,552.00,48.47,Critical
2026-01-15T15:05:00,server_012,62.00,52.00,292.00,194.00,38.00,3,28.80,0.75,501.00,46.53,Critical
2026-01-15T15:10:00,server_025,57.00,48.00,98.00,344.00,29.00,2,29.77,0.77,451.00,43.43,Warning
2026-01-15T15:15:00,server_037,66.00,63.00,126.00,166.00,46.00,3,29.40,0.78,525.00,46.83,Critical
2026-01-15T15:20:00,server_023,52.00,53.00,158.00,183.00,23.00,3,29.13,0.79,461.00,43.55,Warning
2026-01-15T15:25:00,server_038,72.00,64.00,150.00,245.00,65.00,1,29.16,0.76,529.00,47.04,Critical
2026-01-15T15:30:00,server_030,64.00,50.00,124.00,291.00,55.00,3,29.04,0.82,505.00,45.57,Critical
2026-01-15T15:35:00,server_036,70.00,71.00,227.00,358.00,56.00,3,28.44,0.74,562.00,48.41,Critical
2026-01-15T15:40:00,server_023,72.00,75.00,111.00,377.00,63.00,2,29.20,0.82,555.00,49.35,Critical
2026-01-15T15:45:00,server_044,53.00,42.00,159.00,291.00,163.00,3,27.57,0.79,471.00,42.68,Warning
2026-01-15T15:50:00,server_011,62.00,57.00,218.00,287.00,59.00,2,29.71,0.79,479.00,44.84,Warning
2026-01-15T15:55:00,server_050,68.00,55.00,105.00,480.00,44.00,3,29.91,0.68,537.00,48.50,Critical
2026-01-15T16:00:00,server_019,74.00,72.00,226.00,271.00,27.00,2,28.09,0.78,552.00,47.92,Critical
2026-01-15T16:05:00,server_043,74.00,66.00,269.00,225.00,45.00,3,28.45,0.83,556.00,48.37,Critical
2026-01-15T16:10:00,server_033,71.00,66.00,186.00,483.00,82.00,1,28.20,0.77,513.00,46.87,Critical
2026-01-15T16:15:00,server_001,67.00,65.00,178.00,370.00,24.00,2,27.59,0.76,519.00,45.53,Critical
2026-01-15T16:20:00,server_026,75.00,79.00,132.00,388.00,106.00,2,27.32,0.73,548.00,48.38,Critical
2026-01-15T16:25:00,server_049,71.00,58.00,222.00,188.00,44.00,3,28.42,0.83,541.00,47.08,Critical
2026-01-15T16:30:00,server_018,74.00,48.00,135.00,189.00,43.00,2,28.03,0.78,512.00,46.91,Critical
2026-01-15T16:35:00,server_031,69.00,60.00,162.00,267.00,113.00,2,28.04,0.77,517.00,46.15,Critical
2026-01-15T16:40:00,server_018,68.00,72.00,235.00,279.00,56.00,1,26.67,0.84,516.00,44.50,Warning
2026-01-15T16:45:00,server_048,58.00,46.00,270.00,224.00,82.00,3,27.90,0.75,469.00,44.51,Warning
2026-01-15T16:50:00,server_030,66.00,56.00,117.00,328.00,94.00,3,26.55,0.81,511.00,46.02,Critical
2026-01-15T16:55:00,server_023,57.00,50.00,175.00,198.00,71.00,2,26.98,0.78,465.00,43.09,Warning
2026-01-15T17:00:00,server_001,78.00,55.00,211.00,175.00,89.00,3,25.34,0.77,574.00,48.36,Critical
2026-01-15T17:05:00,server_026,59.00,44.00,199.00,151.00,45.00,3,25.81,0.77,478.00,43.12,Warning
2026-01-15T17:10:00,server_011,79.00,85.00,328.00,318.00,53.00,3,25.96,0.73,603.00,51.46,Critical
2026-01-15T17:15:00,server_034,74.00,75.00,175.00,445.00,129.00,2,25.92,0.81,557.00,47.75,Critical
2026-01-15T17:20:00,server_045,63.00,58.00,90.00,355.00,22.00,1,26.79,0.81,476.00,42.83,Warning
2026-01-15T17:25:00,server_026,68.00,48.00,249.00,310.00,46.00,2,25.62,0.81,495.00,44.72,Warning
2026-01-15T17:30:00,server_045,62.00,58.00,238.00,419.00,54.00,2,25.39,0.83,493.00,43.60,Warning
2026-01-15T17:35:00,server_032,65.00,50.00,187.00,195.00,167.00,2,26.63,0.84,477.00,43.92,Warning
2026-01-15T17:40:00,server_017,63.00,46.00,142.00,458.00,48.00,3,26.16,0.78,492.00,44.07,Warning
2026-01-15T17:45:00,server_012,70.00,50.00,183.00,471.00,56.00,2,26.60,0.76,517.00,45.90,Critical
2026-01-15T17:50:00,server_050,68.00,48.00,231.00,188.00,27.00,2,25.13,0.75,498.00,45.74,Critical
2026-01-15T17:55:00,server_050,69.00,77.00,153.00,521.00,69.00,1,25.00,0.77,517.00,45.14,Critical
2026-01-15T18:00:00,server_036,68.00,64.00,221.00,485.00,240.00,2,24.02,0.75,513.00,44.34,Warning
2026-01-15T18:05:00,server_020,60.00,61.00,110.00,294.00,39.00,2,24.07,0.80,483.00,43.60,Warning
2026-01-15T18:10:00,server_043,57.00,42.00,124.00,244.00,46.00,1,23.84,0.80,427.00,39.61,Warning
2026-01-15T18:15:00,server_040,60.00,71.00,130.00,164.00,32.00,2,23.61,0.78,490.00,43.38,Warning
2026-01-15T18:20:00,server_020,57.00,43.00,103.00,218.00,32.00,2,24.91,0.79,461.00,42.08,Warning
2026-01-15T18:25:00,server_016,56.00,54.00,97.00,230.00,65.00,1,23.54,0.77,445.00,42.70,Warning
2026-01-15T18:30:00,server_044,62.00,49.00,128.00,445.00,26.00,3,24.30,0.75,488.00,44.93,Warning
2026-01-15T18:35:00,server_037,56.00,39.00,133.00,348.00,103.00,1,23.78,0.78,413.00,39.83,Warning
2026-01-15T18:40:00,server_049,58.00,56.00,80.00,215.00,91.00,1,25.39,0.77,438.00,42.53,Warning
2026-01-15T18:45:00,server_050,64.00,67.00,266.00,346.00,22.00,2,23.42,0.80,513.00,43.77,Warning
2026-01-15T18:50:00,server_002,56.00,66.00,204.00,214.00,23.00,1,23.62,0.74,456.00,41.86,Warning
2026-01-15T18:55:00,server_049,54.00,63.00,157.00,247.00,76.00,1,23.77,0.73,435.00,42.54,Warning
2026-01-15T19:00:00,server_010,64.00,62.00,109.00,135.00,44.00,2,21.33,0.77,494.00,43.33,Warning
2026-01-15T19:05:00,server_028,62.00,64.00,187.00,411.00,40.00,3,22.77,0.74,519.00,45.66,Critical
2026-01-15T19:10:00,server_016,61.00,61.00,282.00,250.00,76.00,1,21.70,0.76,462.00,42.02,Warning
2026-01-15T19:15:00,server_041,70.00,54.00,265.00,471.00,61.00,2,21.95,0.79,517.00,44.21,Warning
2026-01-15T19:20:00,server_015,59.00,55.00,164.00,273.00,35.00,3,21.59,0.83,493.00,42.14,Warning
2026-01-15T19:25:00,server_010,55.00,51.00,183.00,272.00,89.00,2,22.01,0.79,450.00,40.83,Warning
2026-01-15T19:30:00,server_015,66.00,62.00,111.00,196.00,66.00,2,22.49,0.78,511.00,44.82,Warning
2026-01-15T19:35:00,server_044,51.00,49.00,78.00,189.00,109.00,1,22.11,0.76,403.00,39.94,Warning
2026-01-15T19:40:00,server_015,68.00,65.00,193.00,175.00,54.00,2,22.48,0.81,522.00,45.72,Critical
2026-01-15T19:45:00,server_012,70.00,67.00,261.00,242.00,118.00,3,21.38,0.73,540.00,45.91,Critical
2026-01-15T19:50:00,server_048,63.00,70.00,169.00,242.00,60.00,1,20.55,0.73,491.00,42.55,Warning
2026-01-15T19:55:00,server_050,57.00,48.00,165.00,326.00,82.00,3,20.96,0.77,471.00,41.91,Warning
2026-01-15T20:00:00,server_024,66.00,61.00,269.00,392.00,154.00,2,20.35,0.83,516.00,43.41,Warning
2026-01-15T20:05:00,server_017,65.00,55.00,239.00,444.00,89.00,1,22.04,0.78,489.00,43.26,Warning
2026-01-15T20:10:00,server_047,55.00,46.00,196.00,139.00,72.00,2,19.87,0.78,437.00,41.12,Warning
2026-01-15T20:15:00,server_028,63.00,57.00,283.00,284.00,41.00,2,19.53,0.77,490.00,42.31,Warning
2026-01-15T20:20:00,server_031,52.00,54.00,224.00,332.00,21.00,2,18.84,0.72,447.00,41.41,Warning
2026-01-15T20:25:00,server_018,50.00,40.00,158.00,346.00,47.00,1,20.34,0.86,397.00,39.21,Warning
2026-01-15T20:30:00,server_004,63.00,58.00,129.00,460.00,35.00,2,20.49,0.75,483.00,43.71,Warning
2026-01-15T20:35:00,server_023,47.00,39.00,78.00,222.00,25.00,2,20.93,0.77,415.00,38.89,Warning
2026-01-15T20:40:00,server_030,67.00,70.00,235.00,217.00,33.00,1,19.66,0.81,516.00,44.48,Warning
2026-01-15T20:45:00,server_033,52.00,40.00,113.00,266.00,59.00,2,21.66,0.76,408.00,39.28,Warning
2026-01-15T20:50:00,server_011,53.00,42.00,178.00,136.00,92.00,2,19.38,0.76,441.00,39.46,Warning
2026-01-15T20:55:00,server_014,60.00,41.00,254.00,225.00,22.00,3,21.19,0.77,468.00,42.39,Warning
2026-01-15T21:00:00,server_049,59.00,45.00,180.00,379.00,26.00,3,18.98,0.74,480.00,42.01,Warning
2026-01-15T21:05:00,server_041,41.00,53.00,179.00,79.00,62.00,2,18.98,0.82,393.00,38.07,Warning
2026-01-15T21:10:00,server_034,48.00,35.00,205.00,307.00,72.00,2,18.82,0.80,413.00,37.02,Warning
2026-01-15T21:15:00,server_040,55.00,59.00,127.00,356.00,44.00,2,17.65,0.81,464.00,41.00,Warning
2026-01-15T21:20:00,server_027,58.00,40.00,124.00,206.00,89.00,2,17.85,0.77,442.00,40.62,Warning
2026-01-15T21:25:00,server_023,56.00,49.00,163.00,377.00,32.00,3,18.95,0.81,472.00,41.53,Warning
2026-01-15T21:30:00,server_023,56.00,50.00,240.00,406.00,41.00,3,17.91,0.81,485.00,40.78,Warning
2026-01-15T21:35:00,server_005,54.00,42.00,219.00,247.00,35.00,1,20.11,0.80,420.00,39.92,Warning
2026-01-15T21:40:00,server_030,64.00,65.00,142.00,452.00,27.00,1,19.39,0.82,487.00,42.08,Warning
2026-01-15T21:45:00,server_045,53.00,52.00,112.00,381.00,34.00,2,18.52,0.75,439.00,39.74,Warning
2026-01-15T21:50:00,server_015,46.00,44.00,72.00,357.00,36.00,3,18.96,0.82,415.00,37.08,Warning
2026-01-15T21:55:00,server_009,57.00,54.00,211.00,297.00,48.00,3,18.22,0.71,483.00,41.96,Warning
2026-01-15T22:00:00,server_013,44.00,48.00,119.00,266.00,31.00,2,18.55,0.77,405.00,38.08,Warning
2026-01-15T22:05:00,server_020,58.00,65.00,233.00,189.00,34.00,2,18.18,0.76,472.00,41.70,Warning
2026-01-15T22:10:00,server_047,56.00,56.00,144.00,404.00,60.00,3,18.21,0.86,478.00,41.46,Warning
2026-01-15T22:15:00,server_050,46.00,41.00,130.00,188.00,19.00,2,19.08,0.77,391.00,36.34,Warning
2026-01-15T22:20:00,server_016,54.00,66.00,143.00,291.00,43.00,2,17.47,0.71,466.00,40.63,Warning
2026-01-15T22:25:00,server_006,33.00,37.00,160.00,220.00,57.00,2,17.73,0.76,334.00,34.20,Normal
2026-01-15T22:30:00,server_016,43.00,38.00,201.00,147.00,45.00,2,17.74,0.83,379.00,36.54,Warning
2026-01-15T22:35:00,server_016,61.00,59.00,254.00,355.00,82.00,3,17.05,0.70,502.00,43.52,Warning
2026-01-15T22:40:00,server_006,55.00,57.00,138.00,364.00,26.00,1,19.76,0.81,450.00,39.90,Warning
2026-01-15T22:45:00,server_028,47.00,48.00,116.00,203.00,99.00,1,17.01,0.84,395.00,37.87,Warning
2026-01-15T22:50:00,server_010,43.00,41.00,147.00,212.00,33.00,2,17.57,0.79,392.00,36.96,Warning
2026-01-15T22:55:00,server_005,52.00,46.00,217.00,272.00,28.00,1,17.36,0.82,411.00,38.54,Warning
2026-01-15T23:00:00,server_046,41.00,41.00,129.00,234.00,53.00,3,17.53,0.81,403.00,37.67,Warning
2026-01-15T23:05:00,server_024,44.00,38.00,202.00,262.00,16.00,1,17.68,0.86,372.00,36.46,Warning
2026-01-15T23:10:00,server_007,39.00,46.00,94.00,150.00,67.00,2,17.02,0.78,371.00,36.12,Warning
2026-01-15T23:15:00,server_009,48.00,55.00,155.00,376.00,74.00,1,18.09,0.76,416.00,39.84,Warning
2026-01-15T23:20:00,server_037,36.00,43.00,65.00,143.00,38.00,1,17.85,0.77,330.00,34.90,Normal
2026-01-15T23:25:00,server_029,52.00,59.00,253.00,350.00,25.00,2,16.31,0.75,455.00,41.66,Warning
2026-01-15T23:30:00,server_004,51.00,49.00,242.00,238.00,44.00,1,18.31,0.84,391.00,36.78,Warning
2026-01-15T23:35:00,server_028,39.00,31.00,182.00,227.00,72.00,2,18.06,0.81,355.00,35.33,Warning
2026-01-15T23:40:00,server_038,46.00,44.00,97.00,229.00,48.00,2,17.69,0.72,405.00,38.56,Warning
2026-01-15T23:45:00,server_034,39.00,39.00,144.00,156.00,27.00,2,15.78,0.79,362.00,34.56,Normal
2026-01-15T23:50:00,server_024,46.00,48.00,187.00,276.00,21.00,3,17.57,0.76,438.00,39.76,Warning
2026-01-15T23:55:00,server_041,49.00,34.00,214.00,179.00,54.00,1,17.85,0.78,387.00,36.71,Warning
2026-01-16T00:00:00,server_040,49.00,48.00,193.00,238.00,75.00,2,17.09,0.77,409.00,38.82,Warning
2026-01-16T00:05:00,server_048,45.00,49.00,144.00,307.00,48.00,3,17.32,0.83,439.00,38.81,Warning
2026-01-16T00:10:00,server_032,53.00,49.00,224.00,379.00,78.00,1,17.28,0.72,424.00,38.69,Warning
2026-01-16T00:15:00,server_033,43.00,46.00,130.00,215.00,17.00,2,17.83,0.77,388.00,38.43,Warning
2026-01-16T00:20:00,server_043,44.00,45.00,161.00,331.00,19.00,2,16.55,0.72,405.00,37.34,Warning
2026-01-16T00:25:00,server_041,44.00,42.00,134.00,310.00,67.00,2,17.24,0.83,408.00,37.05,Warning
2026-01-16T00:30:00,server_049,48.00,50.00,181.00,230.00,95.00,3,17.23,0.76,436.00,39.97,Warning
2026-01-16T00:35:00,server_013,40.00,37.00,92.00,265.00,32.00,3,17.79,0.71,383.00,36.72,Warning
2026-01-16T00:40:00,server_030,41.00,40.00,121.00,299.00,67.00,3,17.11,0.74,388.00,37.77,Warning
2026-01-16T00:45:00,server_045,47.00,37.00,149.00,165.00,19.00,3,16.53,0.89,423.00,36.84,Warning
2026-01-16T00:50:00,server_013,40.00,39.00,180.00,214.00,23.00,1,17.19,0.74,356.00,35.43,Warning
2026-01-16T00:55:00,server_004,36.00,35.00,147.00,175.00,47.00,1,16.03,0.70,331.00,34.00,Normal
2026-01-16T01:00:00,server_003,33.00,25.00,90.00,207.00,63.00,2,17.24,0.78,346.00,34.26,Normal
2026-01-16T01:05:00,server_046,37.00,43.00,76.00,283.00,29.00,2,17.23,0.82,374.00,35.61,Warning
2026-01-16T01:10:00,server_004,47.00,57.00,123.00,137.00,144.00,3,16.56,0.74,445.00,39.16,Warning
2026-01-16T01:15:00,server_033,41.00,41.00,128.00,133.00,31.00,2,17.80,0.76,372.00,36.90,Warning
2026-01-16T01:20:00,server_032,46.00,47.00,135.00,287.00,42.00,2,17.45,0.75,414.00,38.45,Warning
2026-01-16T01:25:00,server_035,24.00,29.00,74.00,118.00,21.00,2,17.57,0.87,297.00,30.81,Normal
2026-01-16T01:30:00,server_009,40.00,44.00,176.00,232.00,18.00,2,16.36,0.83,404.00,37.30,Warning
2026-01-16T01:35:00,server_039,48.00,44.00,105.00,278.00,61.00,2,17.32,0.76,400.00,38.71,Warning
2026-01-16T01:40:00,server_010,41.00,33.00,110.00,104.00,45.00,1,18.16,0.75,349.00,35.24,Warning
2026-01-16T01:45:00,server_025,47.00,33.00,176.00,191.00,74.00,2,18.29,0.80,392.00,36.78,Warning
2026-01-16T01:50:00,server_028,41.00,37.00,76.00,158.00,35.00,3,16.54,0.82,387.00,35.59,Warning
2026-01-16T01:55:00,server_036,35.00,32.00,151.00,187.00,20.00,2,16.69,0.80,339.00,33.27,Normal
2026-01-16T02:00:00,server_035,44.00,39.00,168.00,287.00,43.00,3,17.29,0.78,411.00,37.05,Warning
2026-01-16T02:05:00,server_023,49.00,43.00,212.00,314.00,25.00,2,17.30,0.80,410.00,37.75,Warning
2026-01-16T02:10:00,server_050,40.00,49.00,174.00,136.00,105.00,1,18.14,0.81,370.00,37.08,Warning
2026-01-16T02:15:00,server_010,51.00,59.00,131.00,321.00,90.00,3,17.32,0.70,451.00,39.98,Warning
2026-01-16T02:20:00,server_023,41.00,30.00,166.00,299.00,54.00,2,17.15,0.79,360.00,35.69,Warning
2026-01-16T02:25:00,server_044,46.00,57.00,182.00,212.00,20.00,2,17.38,0.84,417.00,37.91,Warning
2026-01-16T02:30:00,server_007,35.00,35.00,173.00,141.00,36.00,3,18.39,0.72,372.00,36.41,Warning
2026-01-16T02:35:00,server_049,37.00,37.00,107.00,272.00,14.00,1,18.16,0.76,340.00,35.24,Warning
2026-01-16T02:40:00,server_031,44.00,40.00,111.00,331.00,21.00,2,17.16,0.79,395.00,37.67,Warning
2026-01-16T02:45:00,server_001,45.00,44.00,99.00,315.00,122.00,1,17.82,0.73,393.00,39.27,Warning
2026-01-16T02:50:00,server_016,38.00,41.00,132.00,172.00,26.00,1,17.30,0.78,326.00,33.43,Normal
2026-01-16T02:55:00,server_044,32.00,41.00,37.00,128.00,35.00,3,17.72,0.80,352.00,34.08,Normal
2026-01-16T03:00:00,server_021,53.00,59.00,204.00,228.00,67.00,2,18.92,0.83,438.00,39.29,Warning
2026-01-16T03:05:00,server_024,40.00,46.00,135.00,203.00,34.00,3,17.81,0.82,402.00,36.57,Warning
2026-01-16T03:10:00,server_028,40.00,45.00,141.00,235.00,58.00,3,19.69,0.80,390.00,38.08,Warning
2026-01-16T03:15:00,server_016,40.00,36.00,111.00,127.00,16.00,1,18.55,0.79,343.00,35.44,Warning
2026-01-16T03:20:00,server_017,50.00,46.00,204.00,287.00,48.00,3,18.92,0.76,459.00,40.53,Warning
2026-01-16T03:25:00,server_027,44.00,40.00,149.00,252.00,39.00,1,17.55,0.78,367.00,35.55,Warning
2026-01-16T03:30:00,server_042,30.00,22.00,138.00,110.00,17.00,2,19.77,0.79,302.00,32.84,Normal
2026-01-16T03:35:00,server_021,42.00,54.00,175.00,298.00,16.00,1,18.18,0.79,382.00,37.18,Warning
2026-01-16T03:40:00,server_012,46.00,48.00,196.00,276.00,24.00,2,18.61,0.82,414.00,38.75,Warning
2026-01-16T03:45:00,server_008,38.00,33.00,116.00,263.00,51.00,2,18.91,0.72,356.00,36.96,Warning
2026-01-16T03:50:00,server_049,48.00,49.00,112.00,188.00,18.00,1,19.48,0.78,391.00,38.35,Warning
2026-01-16T03:55:00,server_033,47.00,48.00,101.00,298.00,110.00,1,19.47,0.79,391.00,36.57,Warning
2026-01-16T04:00:00,server_040,48.00,46.00,157.00,316.00,40.00,2,20.26,0.71,433.00,40.38,Warning
2026-01-16T04:05:00,server_005,44.00,45.00,149.00,198.00,26.00,2,19.93,0.78,404.00,39.19,Warning
2026-01-16T04:10:00,server_003,42.00,43.00,183.00,292.00,29.00,2,21.24,0.74,387.00,38.77,Warning
2026-01-16T04:15:00,server_038,45.00,49.00,140.00,240.00,32.00,1,21.25,0.82,393.00,38.10,Warning
2026-01-16T04:20:00,server_029,41.00,44.00,160.00,138.00,49.00,1,20.10,0.78,374.00,36.89,Warning
2026-01-16T04:25:00,server_011,33.00,35.00,121.00,203.00,13.00,2,19.35,0.78,350.00,35.64,Warning
2026-01-16T04:30:00,server_004,44.00,51.00,124.00,100.00,36.00,1,20.21,0.79,387.00,37.61,Warning
2026-01-16T04:35:00,server_045,43.00,38.00,197.00,267.00,24.00,2,19.80,0.77,384.00,37.15,Warning
2026-01-16T04:40:00,server_006,33.00,43.00,74.00,246.00,28.00,2,21.26,0.79,350.00,35.38,Warning
2026-01-16T04:45:00,server_006,37.00,36.00,136.00,248.00,29.00,1,20.43,0.76,346.00,35.55,Warning
2026-01-16T04:50:00,server_009,35.00,47.00,130.00,129.00,42.00,2,19.52,0.79,361.00,36.32,Warning
2026-01-16T04:55:00,server_010,37.00,28.00,185.00,204.00,20.00,2,21.05,0.80,346.00,36.22,Warning
2026-01-16T05:00:00,server_047,49.00,59.00,169.00,359.00,23.00,2,22.13,0.74,450.00,42.02,Warning
2026-01-16T05:05:00,server_043,47.00,47.00,77.00,242.00,27.00,2,22.33,0.80,419.00,38.72,Warning
2026-01-16T05:10:00,server_020,30.00,26.00,138.00,183.00,24.00,1,21.76,0.75,295.00,33.91,Normal
2026-01-16T05:15:00,server_024,39.00,32.00,117.00,125.00,35.00,2,21.95,0.78,350.00,36.17,Warning
2026-01-16T05:20:00,server_025,42.00,34.00,92.00,305.00,20.00,2,23.03,0.77,370.00,38.53,Warning
2026-01-16T05:25:00,server_012,43.00,41.00,202.00,156.00,23.00,2,21.32,0.76,394.00,38.20,Warning
2026-01-16T05:30:00,server_036,54.00,51.00,214.00,249.00,26.00,3,22.01,0.76,461.00,40.77,Warning
2026-01-16T05:35:00,server_031,45.00,44.00,128.00,246.00,88.00,3,23.47,0.80,419.00,39.68,Warning
2026-01-16T05:40:00,server_043,28.00,38.00,58.00,244.00,16.00,2,22.21,0.79,325.00,34.39,Normal
2026-01-16T05:45:00,server_044,45.00,45.00,217.00,191.00,17.00,2,21.90,0.71,400.00,38.32,Warning
2026-01-16T05:50:00,server_037,45.00,47.00,199.00,264.00,51.00,2,22.40,0.73,392.00,40.08,Warning
2026-01-16T05:55:00,server_043,46.00,50.00,133.00,233.00,33.00,2,21.50,0.78,398.00,38.06,Warning
2026-01-16T06:00:00,server_018,50.00,47.00,116.00,325.00,25.00,1,23.48,0.70,412.00,40.48,Warning
2026-01-16T06:05:00,server_007,49.00,60.00,147.00,305.00,37.00,1,23.52,0.77,410.00,40.21,Warning
2026-01-16T06:10:00,server_011,44.00,50.00,122.00,207.00,38.00,1,23.74,0.75,377.00,39.60,Warning
2026-01-16T06:15:00,server_035,43.00,30.00,96.00,134.00,34.00,2,24.72,0.80,369.00,37.53,Warning
2026-01-16T06:20:00,server_029,39.00,30.00,174.00,281.00,109.00,1,23.33,0.77,350.00,38.06,Warning
2026-01-16T06:25:00,server_048,50.00,45.00,170.00,125.00,22.00,1,24.40,0.78,402.00,39.41,Warning
2026-01-16T06:30:00,server_037,51.00,41.00,170.00,372.00,30.00,2,24.89,0.80,434.00,41.86,Warning
2026-01-16T06:35:00,server_007,60.00,44.00,259.00,274.00,33.00,2,22.89,0.74,461.00,43.11,Warning
2026-01-16T06:40:00,server_007,47.00,42.00,170.00,362.00,164.00,2,24.12,0.70,396.00,40.50,Warning
2026-01-16T06:45:00,server_034,45.00,40.00,88.00,323.00,23.00,2,24.08,0.74,399.00,40.51,Warning
2026-01-16T06:50:00,server_015,38.00,49.00,70.00,200.00,49.00,2,22.84,0.81,357.00,37.48,Warning
2026-01-16T06:55:00,server_026,51.00,38.00,168.00,351.00,55.00,1,24.16,0.75,415.00,40.78,Warning
2026-01-16T07:00:00,server_024,61.00,50.00,167.00,303.00,27.00,2,26.66,0.83,475.00,43.66,Warning
2026-01-16T07:05:00,server_009,50.00,38.00,209.00,163.00,112.00,2,27.02,0.85,407.00,40.33,Warning
2026-01-16T07:10:00,server_046,50.00,49.00,146.00,392.00,44.00,2,25.37,0.81,433.00,41.13,Warning
2026-01-16T07:15:00,server_034,53.00,45.00,126.00,246.00,20.00,1,25.71,0.77,414.00,41.26,Warning
2026-01-16T07:20:00,server_018,60.00,53.00,239.00,339.00,93.00,2,27.29,0.77,476.00,44.47,Warning
2026-01-16T07:25:00,server_016,41.00,42.00,136.00,211.00,22.00,2,26.09,0.78,389.00,40.07,Warning
2026-01-16T07:30:00,server_015,53.00,53.00,192.00,145.00,22.00,3,26.85,0.76,448.00,41.39,Warning
2026-01-16T07:35:00,server_002,62.00,49.00,212.00,379.00,51.00,2,26.74,0.73,484.00,44.42,Warning
2026-01-16T07:40:00,server_019,53.00,43.00,234.00,248.00,29.00,1,26.73,0.81,407.00,40.43,Warning
2026-01-16T07:45:00,server_007,54.00,56.00,121.00,268.00,35.00,2,26.36,0.74,444.00,41.23,Warning
2026-01-16T07:50:00,server_007,45.00,38.00,182.00,364.00,16.00,2,25.65,0.75,399.00,40.10,Warning
2026-01-16T07:55:00,server_021,47.00,38.00,135.00,246.00,21.00,2,26.71,0.77,399.00,40.93,Warning
2026-01-16T08:00:00,server_039,54.00,63.00,247.00,300.00,20.00,3,26.68,0.81,503.00,44.56,Warning
2026-01-16T08:05:00,server_049,53.00,41.00,169.00,241.00,34.00,2,27.80,0.85,417.00,41.43,Warning
2026-01-16T08:10:00,server_006,53.00,52.00,134.00,318.00,40.00,2,28.43,0.78,459.00,42.75,Warning
2026-01-16T08:15:00,server_008,55.00,55.00,149.00,355.00,79.00,2,27.94,0.78,457.00,43.80,Warning
2026-01-16T08:20:00,server_046,52.00,45.00,216.00,349.00,28.00,3,27.22,0.74,447.00,43.94,Warning
2026-01-16T08:25:00,server_041,57.00,43.00,95.00,347.00,106.00,1,28.48,0.80,433.00,42.45,Warning
2026-01-16T08:30:00,server_019,55.00,48.00,170.00,199.00,39.00,2,26.93,0.73,445.00,43.12,Warning
2026-01-16T08:35:00,server_023,51.00,58.00,89.00,236.00,19.00,2,27.21,0.74,434.00,42.92,Warning
2026-01-16T08:40:00,server_025,57.00,59.00,183.00,421.00,38.00,2,27.70,0.78,469.00,43.57,Warning
2026-01-16T08:45:00,server_036,50.00,50.00,181.00,368.00,32.00,2,26.66,0.82,435.00,41.19,Warning
2026-01-16T08:50:00,server_006,63.00,49.00,199.00,408.00,61.00,3,28.96,0.74,512.00,47.21,Critical
2026-01-16T08:55:00,server_001,59.00,54.00,185.00,469.00,34.00,3,27.47,0.79,485.00,43.32,Warning
2026-01-16T09:00:00,server_013,47.00,60.00,71.00,240.00,24.00,1,28.32,0.86,405.00,39.46,Warning
2026-01-16T09:05:00,server_031,60.00,70.00,269.00,362.00,21.00,2,29.06,0.75,511.00,46.83,Critical
2026-01-16T09:10:00,server_050,64.00,51.00,154.00,241.00,43.00,1,28.56,0.72,463.00,44.21,Warning
2026-01-16T09:15:00,server_003,65.00,44.00,115.00,370.00,28.00,2,30.44,0.84,482.00,45.07,Critical
2026-01-16T09:20:00,server_007,70.00,64.00,302.00,522.00,30.00,3,29.46,0.84,559.00,48.88,Critical
2026-01-16T09:25:00,server_031,46.00,47.00,201.00,153.00,70.00,3,29.32,0.74,421.00,42.05,Warning
2026-01-16T09:30:00,server_004,58.00,57.00,87.00,262.00,25.00,2,28.82,0.75,469.00,45.35,Critical
2026-01-16T09:35:00,server_006,57.00,51.00,122.00,233.00,27.00,2,28.16,0.75,454.00,44.45,Warning
2026-01-16T09:40:00,server_002,67.00,70.00,131.00,205.00,40.00,2,28.52,0.77,520.00,46.95,Critical
2026-01-16T09:45:00,server_030,56.00,51.00,234.00,375.00,70.00,2,28.59,0.78,453.00,42.66,Warning
2026-01-16T09:50:00,server_036,55.00,58.00,154.00,194.00,28.00,3,28.81,0.76,480.00,43.23,Warning
2026-01-16T09:55:00,server_039,55.00,45.00,181.00,154.00,38.00,1,28.39,0.72,425.00,44.11,Warning
2026-01-16T10:00:00,server_050,74.00,52.00,168.00,276.00,47.00,1,30.45,0.79,502.00,47.42,Critical
2026-01-16T10:05:00,server_003,44.00,35.00,160.00,205.00,44.00,1,29.97,0.85,375.00,38.99,Warning
2026-01-16T10:10:00,server_037,64.00,57.00,158.00,414.00,31.00,1,30.44,0.78,478.00,45.02,Critical
2026-01-16T10:15:00,server_041,59.00,64.00,219.00,209.00,52.00,1,30.89,0.84,471.00,45.45,Critical
2026-01-16T10:20:00,server_030,49.00,45.00,136.00,303.00,24.00,2,31.19,0.77,417.00,43.50,Warning
2026-01-16T10:25:00,server_037,66.00,46.00,172.00,231.00,54.00,2,29.54,0.76,494.00,45.56,Critical
2026-01-16T10:30:00,server_039,60.00,47.00,203.00,323.00,140.00,2,30.68,0.77,458.00,44.59,Warning
2026-01-16T10:35:00,server_009,64.00,63.00,132.00,250.00,31.00,1,28.65,0.84,488.00,44.35,Warning
2026-01-16T10:40:00,server_005,55.00,55.00,71.00,326.00,106.00,1,28.91,0.81,439.00,43.40,Warning
2026-01-16T10:45:00,server_002,60.00,57.00,242.00,442.00,22.00,3,30.06,0.73,504.00,47.12,Critical
2026-01-16T10:50:00,server_034,68.00,69.00,231.00,220.00,28.00,2,29.67,0.79,506.00,47.33,Critical
2026-01-16T10:55:00,server_041,63.00,50.00,208.00,169.00,36.00,3,29.80,0.78,487.00,45.17,Critical
2026-01-16T11:00:00,server_042,63.00,50.00,204.00,200.00,25.00,2,30.24,0.78,482.00,44.68,Warning
2026-01-16T11:05:00,server_010,54.00,57.00,140.00,398.00,40.00,1,31.66,0.75,437.00,43.38,Warning
2026-01-16T11:10:00,server_006,63.00,62.00,147.00,204.00,40.00,3,29.96,0.76,506.00,46.03,Critical
2026-01-16T11:15:00,server_043,70.00,62.00,224.00,275.00,138.00,2,31.27,0.77,534.00,47.85,Critical
2026-01-16T11:20:00,server_008,66.00,58.00,119.00,272.00,39.00,2,29.86,0.81,502.00,45.89,Critical
2026-01-16T11:25:00,server_009,63.00,69.00,112.00,369.00,84.00,3,30.17,0.80,534.00,47.10,Critical
2026-01-16T11:30:00,server_008,61.00,64.00,274.00,215.00,168.00,2,30.12,0.79,507.00,46.69,Critical
2026-01-16T11:35:00,server_036,73.00,56.00,296.00,492.00,36.00,1,31.21,0.78,515.00,47.90,Critical
2026-01-16T11:40:00,server_031,72.00,53.00,128.00,379.00,29.00,3,30.84,0.78,536.00,47.76,Critical
2026-01-16T11:45:00,server_044,63.00,63.00,237.00,356.00,22.00,2,30.92,0.72,498.00,46.87,Critical
2026-01-16T11:50:00,server_026,59.00,56.00,215.00,345.00,63.00,2,29.40,0.79,489.00,44.78,Warning
2026-01-16T11:55:00,server_041,67.00,64.00,288.00,353.00,33.00,2,29.58,0.76,520.00,47.37,Critical
2026-01-16T12:00:00,server_019,70.00,73.00,127.00,460.00,50.00,3,31.91,0.85,552.00,49.17,Critical
2026-01-16T12:05:00,server_029,65.00,59.00,153.00,425.00,89.00,2,31.12,0.77,496.00,46.07,Critical
2026-01-16T12:10:00,server_030,66.00,49.00,196.00,311.00,68.00,3,32.59,0.83,514.00,47.20,Critical
2026-01-16T12:15:00,server_013,66.00,47.00,193.00,311.00,46.00,1,31.04,0.81,467.00,44.08,Warning
2026-01-16T12:20:00,server_002,79.00,82.00,142.00,533.00,41.00,3,30.95,0.72,587.00,50.50,Critical
2026-01-16T12:25:00,server_042,64.00,54.00,113.00,428.00,66.00,2,30.42,0.77,494.00,45.41,Critical
2026-01-16T12:30:00,server_023,59.00,48.00,245.00,337.00,24.00,1,32.03,0.74,445.00,44.48,Warning
2026-01-16T12:35:00,server_001,58.00,46.00,96.00,172.00,21.00,2,31.30,0.79,466.00,44.37,Warning
2026-01-16T12:40:00,server_039,51.00,52.00,214.00,191.00,43.00,2,30.88,0.79,426.00,44.00,Warning
2026-01-16T12:45:00,server_029,63.00,59.00,279.00,367.00,25.00,1,31.74,0.80,479.00,45.52,Critical
2026-01-16T12:50:00,server_048,67.00,69.00,142.00,372.00,47.00,3,32.28,0.80,536.00,48.22,Critical
2026-01-16T12:55:00,server_027,70.00,71.00,126.00,178.00,35.00,3,30.74,0.78,557.00,49.40,Critical
2026-01-16T13:00:00,server_038,57.00,61.00,82.00,245.00,24.00,3,29.70,0.75,476.00,45.49,Critical
2026-01-16T13:05:00,server_017,73.00,56.00,201.00,233.00,35.00,2,30.48,0.82,540.00,47.70,Critical
2026-01-16T13:10:00,server_042,70.00,73.00,230.00,273.00,66.00,2,30.66,0.75,520.00,47.96,Critical
2026-01-16T13:15:00,server_009,70.00,67.00,232.00,329.00,71.00,2,30.72,0.82,539.00,47.37,Critical
2026-01-16T13:20:00,server_029,69.00,55.00,250.00,425.00,26.00,3,31.61,0.77,528.00,47.89,Critical
2026-01-16T13:25:00,server_044,65.00,64.00,272.00,282.00,159.00,2,28.83,0.84,502.00,44.29,Warning
2026-01-16T13:30:00,server_031,62.00,74.00,244.00,312.00,52.00,2,31.09,0.73,495.00,46.40,Critical
2026-01-16T13:35:00,server_022,55.00,59.00,247.00,366.00,110.00,2,30.69,0.74,454.00,45.29,Critical
2026-01-16T13:40:00,server_042,71.00,64.00,191.00,499.00,55.00,1,31.02,0.80,523.00,47.40,Critical
2026-01-16T13:45:00,server_023,51.00,54.00,82.00,371.00,77.00,3,30.10,0.78,457.00,43.94,Warning
2026-01-16T13:50:00,server_008,72.00,79.00,123.00,222.00,38.00,3,29.54,0.83,561.00,48.55,Critical
2026-01-16T13:55:00,server_043,65.00,43.00,156.00,356.00,26.00,3,31.73,0.80,502.00,47.01,Critical
2026-01-16T14:00:00,server_030,60.00,58.00,207.00,255.00,31.00,2,29.47,0.77,462.00,44.20,Warning
2026-01-16T14:05:00,server_021,66.00,41.00,100.00,467.00,46.00,2,30.42,0.78,486.00,45.30,Critical
2026-01-16T14:10:00,server_034,65.00,44.00,118.00,168.00,27.00,3,29.45,0.76,502.00,46.91,Critical
2026-01-16T14:15:00,server_020,69.00,53.00,148.00,316.00,25.00,1,29.85,0.82,489.00,45.91,Critical
2026-01-16T14:20:00,server_029,59.00,62.00,117.00,368.00,38.00,3,29.92,0.79,496.00,44.75,Warning
2026-01-16T14:25:00,server_024,76.00,60.00,266.00,273.00,115.00,1,29.84,0.77,530.00,48.71,Critical
2026-01-16T14:30:00,server_049,67.00,58.00,199.00,398.00,57.00,3,29.48,0.76,521.00,48.12,Critical
2026-01-16T14:35:00,server_049,68.00,74.00,277.00,406.00,40.00,2,29.81,0.74,539.00,48.81,Critical
2026-01-16T14:40:00,server_045,60.00,43.00,239.00,209.00,61.00,3,30.31,0.74,488.00,45.79,Critical
2026-01-16T14:45:00,server_021,63.00,65.00,248.00,283.00,46.00,1,30.25,0.77,484.00,46.08,Critical
2026-01-16T14:50:00,server_032,68.00,55.00,245.00,153.00,28.00,2,30.79,0.84,518.00,46.95,Critical
2026-01-16T14:55:00,server_015,71.00,70.00,299.00,321.00,80.00,2,29.60,0.80,542.00,48.27,Critical
2026-01-16T15:00:00,server_013,79.00,77.00,229.00,345.00,47.00,2,30.14,0.79,572.00,50.36,Critical
2026-01-16T15:05:00,server_038,79.00,81.00,292.00,464.00,37.00,1,29.38,0.79,574.00,50.40,Critical
2026-01-16T15:10:00,server_044,80.00,68.00,258.00,552.00,40.00,2,28.23,0.79,574.00,48.83,Critical
2026-01-16T15:15:00,server_020,65.00,49.00,243.00,349.00,68.00,1,27.87,0.83,474.00,43.98,Warning
2026-01-16T15:20:00,server_008,75.00,81.00,316.00,320.00,32.00,2,28.01,0.80,580.00,49.04,Critical
2026-01-16T15:25:00,server_033,62.00,55.00,203.00,267.00,80.00,3,30.35,0.76,499.00,46.32,Critical
2026-01-16T15:30:00,server_015,76.00,65.00,223.00,349.00,36.00,1,29.05,0.82,530.00,48.29,Critical
2026-01-16T15:35:00,server_005,83.00,67.00,157.00,243.00,53.00,2,27.06,0.84,581.00,49.39,Critical
2026-01-16T15:40:00,server_039,61.00,49.00,137.00,317.00,62.00,1,29.77,0.79,467.00,43.97,Warning
2026-01-16T15:45:00,server_016,69.00,72.00,275.00,211.00,72.00,1,28.16,0.78,515.00,46.15,Critical
2026-01-16T15:50:00,server_028,73.00,62.00,285.00,319.00,55.00,1,29.59,0.79,527.00,46.80,Critical
2026-01-16T15:55:00,server_005,81.00,73.00,207.00,386.00,48.00,3,27.90,0.80,618.00,52.02,Critical
2026-01-16T16:00:00,server_041,73.00,71.00,246.00,422.00,132.00,1,28.01,0.74,532.00,48.18,Critical
2026-01-16T16:05:00,server_035,67.00,65.00,165.00,451.00,44.00,1,25.67,0.80,488.00,44.65,Warning
2026-01-16T16:10:00,server_028,58.00,47.00,245.00,318.00,54.00,2,28.20,0.77,458.00,43.28,Warning
2026-01-16T16:15:00,server_006,83.00,85.00,128.00,483.00,100.00,1,27.77,0.75,582.00,51.37,Critical
2026-01-16T16:20:00,server_017,71.00,66.00,118.00,302.00,52.00,2,27.60,0.80,524.00,46.22,Critical
2026-01-16T16:25:00,server_006,78.00,68.00,256.00,173.00,30.00,2,28.31,0.79,550.00,48.22,Critical
2026-01-16T16:30:00,server_005,68.00,71.00,165.00,195.00,49.00,2,27.20,0.79,513.00,45.81,Critical
2026-01-16T16:35:00,server_048,71.00,56.00,231.00,329.00,103.00,1,28.67,0.74,508.00,46.89,Critical
2026-01-16T16:40:00,server_046,68.00,65.00,219.00,207.00,131.00,2,27.17,0.82,515.00,45.35,Critical
2026-01-16T16:45:00,server_038,68.00,65.00,284.00,363.00,70.00,2,27.29,0.71,514.00,46.18,Critical
2026-01-16T16:50:00,server_025,68.00,78.00,156.00,480.00,54.00,2,28.11,0.79,555.00,49.55,Critical
2026-01-16T16:55:00,server_030,56.00,40.00,205.00,244.00,38.00,1,27.17,0.80,430.00,41.65,Warning
2026-01-16T17:00:00,server_032,61.00,47.00,258.00,265.00,46.00,2,25.72,0.83,467.00,43.11,Warning
2026-01-16T17:05:00,server_030,73.00,63.00,328.00,229.00,81.00,3,26.66,0.80,561.00,48.48,Critical
2026-01-16T17:10:00,server_014,61.00,46.00,196.00,147.00,23.00,3,26.36,0.75,481.00,43.74,Warning
2026-01-16T17:15:00,server_046,67.00,72.00,141.00,328.00,54.00,2,24.86,0.85,525.00,46.30,Critical
2026-01-16T17:20:00,server_033,66.00,43.00,250.00,400.00,136.00,2,25.61,0.75,490.00,45.51,Critical
2026-01-16T17:25:00,server_024,66.00,53.00,154.00,369.00,52.00,3,27.06,0.78,525.00,46.66,Critical
2026-01-16T17:30:00,server_028,68.00,62.00,250.00,226.00,107.00,2,26.63,0.79,518.00,45.56,Critical
2026-01-16T17:35:00,server_019,67.00,62.00,149.00,293.00,61.00,1,26.63,0.78,504.00,46.63,Critical
2026-01-16T17:40:00,server_032,67.00,61.00,124.00,349.00,29.00,3,26.00,0.71,511.00,45.44,Critical
2026-01-16T17:45:00,server_006,67.00,63.00,126.00,322.00,36.00,1,26.64,0.80,489.00,46.23,Critical
2026-01-16T17:50:00,server_032,70.00,54.00,183.00,404.00,67.00,2,26.70,0.75,511.00,46.42,Critical
2026-01-16T17:55:00,server_020,72.00,72.00,250.00,236.00,31.00,1,25.21,0.83,528.00,46.31,Critical
2026-01-16T18:00:00,server_038,54.00,47.00,152.00,388.00,92.00,2,24.46,0.74,447.00,43.02,Warning
2026-01-16T18:05:00,server_004,74.00,74.00,227.00,535.00,39.00,2,24.47,0.74,569.00,47.56,Critical
2026-01-16T18:10:00,server_026,61.00,62.00,266.00,258.00,37.00,2,23.39,0.83,499.00,43.33,Warning
2026-01-16T18:15:00,server_001,59.00,60.00,215.00,321.00,27.00,2,24.30,0.86,481.00,43.33,Warning
2026-01-16T18:20:00,server_019,56.00,61.00,249.00,348.00,22.00,3,24.12,0.82,494.00,44.18,Warning
2026-01-16T18:25:00,server_010,69.00,69.00,156.00,189.00,56.00,3,23.69,0.84,526.00,46.33,Critical
2026-01-16T18:30:00,server_026,51.00,55.00,117.00,392.00,45.00,3,24.31,0.80,445.00,41.04,Warning
2026-01-16T18:35:00,server_013,70.00,53.00,258.00,482.00,26.00,2,23.17,0.82,520.00,43.76,Warning
2026-01-16T18:40:00,server_012,62.00,66.00,187.00,300.00,59.00,2,22.85,0.75,489.00,43.75,Warning
2026-01-16T18:45:00,server_021,58.00,58.00,220.00,270.00,38.00,2,25.20,0.75,460.00,42.79,Warning
2026-01-16T18:50:00,server_002,63.00,57.00,192.00,314.00,48.00,2,25.01,0.83,485.00,43.47,Warning
2026-01-16T18:55:00,server_044,57.00,43.00,176.00,242.00,24.00,3,23.82,0.79,468.00,41.71,Warning
2026-01-16T19:00:00,server_049,46.00,44.00,132.00,222.00,38.00,2,22.08,0.78,409.00,39.52,Warning
2026-01-16T19:05:00,server_017,67.00,53.00,208.00,249.00,41.00,1,22.41,0.79,479.00,42.58,Warning
2026-01-16T19:10:00,server_018,53.00,54.00,197.00,250.00,22.00,2,22.72,0.83,447.00,40.56,Warning
2026-01-16T19:15:00,server_026,57.00,56.00,114.00,337.00,26.00,2,22.43,0.78,456.00,42.19,Warning
2026-01-16T19:20:00,server_014,66.00,48.00,183.00,441.00,45.00,2,23.10,0.75,484.00,43.16,Warning
2026-01-16T19:25:00,server_035,57.00,40.00,114.00,223.00,72.00,2,21.59,0.80,442.00,40.64,Warning
2026-01-16T19:30:00,server_027,58.00,57.00,186.00,378.00,52.00,2,21.21,0.82,468.00,42.61,Warning
2026-01-16T19:35:00,server_043,65.00,51.00,87.00,263.00,25.00,1,22.99,0.74,471.00,44.13,Warning
2026-01-16T19:40:00,server_017,67.00,61.00,252.00,341.00,70.00,3,23.08,0.81,538.00,45.32,Critical
2026-01-16T19:45:00,server_006,62.00,64.00,205.00,395.00,22.00,3,21.05,0.75,508.00,43.09,Warning
2026-01-16T19:50:00,server_007,64.00,68.00,203.00,388.00,30.00,3,21.72,0.73,507.00,44.22,Warning
2026-01-16T19:55:00,server_037,53.00,50.00,198.00,311.00,44.00,2,22.52,0.80,449.00,41.18,Warning
2026-01-16T20:00:00,server_025,44.00,50.00,201.00,241.00,47.00,3,20.40,0.81,421.00,38.36,Warning
2026-01-16T20:05:00,server_011,49.00,40.00,96.00,186.00,53.00,1,20.39,0.81,388.00,37.00,Warning
2026-01-16T20:10:00,server_048,55.00,40.00,254.00,179.00,82.00,2,20.00,0.78,453.00,39.46,Warning
2026-01-16T20:15:00,server_045,54.00,53.00,132.00,376.00,46.00,1,21.68,0.80,434.00,41.14,Warning
2026-01-16T20:20:00,server_031,62.00,49.00,276.00,222.00,35.00,2,18.87,0.75,466.00,41.58,Warning
2026-01-16T20:25:00,server_001,56.00,60.00,214.00,203.00,43.00,2,19.56,0.77,449.00,40.98,Warning
2026-01-16T20:30:00,server_038,62.00,60.00,109.00,261.00,46.00,2,20.87,0.82,472.00,42.70,Warning
2026-01-16T20:35:00,server_043,57.00,47.00,112.00,293.00,23.00,2,21.44,0.81,454.00,40.77,Warning
2026-01-16T20:40:00,server_035,52.00,40.00,77.00,290.00,67.00,3,21.37,0.80,433.00,39.80,Warning
2026-01-16T20:45:00,server_008,56.00,44.00,135.00,369.00,32.00,1,19.97,0.78,424.00,39.37,Warning
2026-01-16T20:50:00,server_033,50.00,50.00,157.00,356.00,19.00,2,19.36,0.75,443.00,40.67,Warning
2026-01-16T20:55:00,server_049,50.00,51.00,233.00,236.00,22.00,1,20.24,0.73,430.00,40.77,Warning
2026-01-16T21:00:00,server_003,50.00,50.00,182.00,300.00,65.00,3,17.68,0.79,450.00,39.16,Warning
2026-01-16T21:05:00,server_039,46.00,39.00,96.00,132.00,68.00,1,17.60,0.80,365.00,35.94,Warning
2026-01-16T21:10:00,server_016,44.00,42.00,182.00,146.00,49.00,3,19.90,0.77,405.00,37.86,Warning
2026-01-16T21:15:00,server_044,56.00,41.00,94.00,194.00,41.00,2,19.63,0.79,433.00,38.49,Warning
2026-01-16T21:20:00,server_012,50.00,46.00,227.00,130.00,39.00,2,19.73,0.81,425.00,38.15,Warning
2026-01-16T21:25:00,server_008,53.00,53.00,226.00,362.00,56.00,2,18.76,0.77,451.00,40.54,Warning
2026-01-16T21:30:00,server_019,34.00,33.00,72.00,143.00,27.00,3,18.24,0.74,353.00,35.41,Warning
2026-01-16T21:35:00,server_024,51.00,41.00,158.00,287.00,28.00,3,19.53,0.81,424.00,38.28,Warning
2026-01-16T21:40:00,server_043,49.00,46.00,180.00,140.00,60.00,3,19.32,0.79,439.00,38.96,Warning
2026-01-16T21:45:00,server_041,61.00,65.00,229.00,438.00,30.00,3,20.09,0.79,505.00,43.43,Warning
2026-01-16T21:50:00,server_046,64.00,44.00,262.00,484.00,27.00,3,19.75,0.80,505.00,42.99,Warning
2026-01-16T21:55:00,server_046,51.00,41.00,99.00,334.00,24.00,1,18.31,0.82,413.00,37.99,Warning
2026-01-16T22:00:00,server_014,48.00,36.00,170.00,214.00,34.00,3,17.82,0.76,413.00,37.58,Warning
2026-01-16T22:05:00,server_001,48.00,43.00,144.00,223.00,31.00,3,17.93,0.78,431.00,39.86,Warning
2026-01-16T22:10:00,server_025,40.00,44.00,144.00,270.00,19.00,3,18.58,0.81,400.00,38.23,Warning
2026-01-16T22:15:00,server_047,49.00,44.00,179.00,230.00,77.00,3,17.48,0.74,442.00,38.92,Warning
2026-01-16T22:20:00,server_036,44.00,34.00,130.00,327.00,38.00,2,16.98,0.71,388.00,37.58,Warning
2026-01-16T22:25:00,server_009,62.00,56.00,251.00,301.00,25.00,2,18.81,0.80,500.00,42.76,Warning
2026-01-16T22:30:00,server_035,45.00,41.00,101.00,184.00,46.00,2,18.77,0.75,386.00,37.55,Warning
2026-01-16T22:35:00,server_049,48.00,46.00,85.00,119.00,31.00,3,17.68,0.69,408.00,38.90,Warning
2026-01-16T22:40:00,server_014,46.00,55.00,159.00,341.00,113.00,2,18.66,0.79,415.00,38.32,Warning
2026-01-16T22:45:00,server_040,45.00,40.00,165.00,296.00,57.00,2,18.09,0.83,413.00,38.52,Warning
2026-01-16T22:50:00,server_016,49.00,48.00,205.00,254.00,47.00,1,18.84,0.80,403.00,37.69,Warning
2026-01-16T22:55:00,server_022,56.00,56.00,236.00,242.00,22.00,1,17.58,0.73,424.00,38.78,Warning
2026-01-16T23:00:00,server_025,42.00,52.00,202.00,264.00,25.00,3,17.94,0.76,419.00,38.29,Warning
2026-01-16T23:05:00,server_036,42.00,42.00,155.00,150.00,69.00,3,17.22,0.76,399.00,37.31,Warning
2026-01-16T23:10:00,server_002,30.00,29.00,79.00,83.00,36.00,3,17.35,0.78,328.00,33.25,Normal
2026-01-16T23:15:00,server_004,47.00,52.00,211.00,260.00,93.00,2,17.84,0.82,411.00,37.52,Warning
2026-01-16T23:20:00,server_010,47.00,51.00,125.00,290.00,17.00,2,16.96,0.70,409.00,39.02,Warning
2026-01-16T23:25:00,server_027,45.00,30.00,211.00,121.00,43.00,3,16.76,0.78,409.00,37.13,Warning
2026-01-16T23:30:00,server_016,41.00,45.00,128.00,307.00,65.00,1,15.92,0.77,375.00,36.84,Warning
2026-01-16T23:35:00,server_045,33.00,28.00,108.00,158.00,19.00,2,17.22,0.81,317.00,32.76,Normal
2026-01-16T23:40:00,server_019,46.00,49.00,149.00,126.00,39.00,2,17.48,0.79,406.00,38.37,Warning
2026-01-16T23:45:00,server_021,46.00,56.00,87.00,305.00,52.00,1,17.24,0.84,392.00,37.04,Warning
2026-01-16T23:50:00,server_048,30.00,39.00,55.00,151.00,143.00,2,16.61,0.72,329.00,32.54,Normal
2026-01-16T23:55:00,server_026,47.00,36.00,160.00,327.00,68.00,2,17.29,0.78,405.00,37.82,Warning
2026-01-17T00:00:00,server_030,44.00,46.00,158.00,196.00,66.00,3,17.70,0.80,419.00,37.97,Warning
2026-01-17T00:05:00,server_008,38.00,35.00,152.00,229.00,42.00,3,16.82,0.79,387.00,36.58,Warning
2026-01-17T00:10:00,server_002,43.00,37.00,173.00,152.00,36.00,1,16.09,0.75,349.00,36.38,Warning
2026-01-17T00:15:00,server_007,34.00,38.00,124.00,203.00,13.00,3,17.63,0.81,361.00,35.66,Warning
2026-01-17T00:20:00,server_041,36.00,28.00,131.00,170.00,113.00,3,16.64,0.72,354.00,35.03,Warning
2026-01-17T00:25:00,server_043,52.00,52.00,139.00,197.00,95.00,2,15.57,0.74,449.00,39.01,Warning
2026-01-17T00:30:00,server_010,38.00,34.00,141.00,144.00,25.00,1,16.51,0.82,331.00,33.63,Normal
2026-01-17T00:35:00,server_006,43.00,38.00,144.00,220.00,29.00,3,16.62,0.82,405.00,37.05,Warning
2026-01-17T00:40:00,server_031,41.00,45.00,120.00,282.00,27.00,2,17.66,0.80,379.00,36.35,Warning
2026-01-17T00:45:00,server_027,35.00,35.00,82.00,167.00,48.00,2,16.29,0.83,344.00,33.88,Normal
2026-01-17T00:50:00,server_028,40.00,40.00,156.00,232.00,37.00,2,16.73,0.76,377.00,35.87,Warning
2026-01-17T00:55:00,server_036,31.00,40.00,62.00,142.00,45.00,2,17.19,0.81,331.00,34.09,Normal
2026-01-17T01:00:00,server_025,35.00,32.00,137.00,245.00,29.00,1,16.89,0.77,327.00,33.13,Normal
2026-01-17T01:05:00,server_036,36.00,29.00,127.00,211.00,43.00,3,18.24,0.77,356.00,34.59,Normal
2026-01-17T01:10:00,server_028,36.00,42.00,147.00,204.00,102.00,2,18.11,0.84,348.00,34.68,Normal
2026-01-17T01:15:00,server_003,32.00,31.00,76.00,105.00,17.00,2,16.02,0.84,322.00,32.54,Normal
2026-01-17T01:20:00,server_037,33.00,33.00,148.00,242.00,19.00,2,17.07,0.77,336.00,33.91,Normal
2026-01-17T01:25:00,server_031,45.00,39.00,175.00,239.00,36.00,2,16.96,0.79,398.00,36.41,Warning
2026-01-17T01:30:00,server_032,47.00,50.00,83.00,202.00,57.00,3,17.05,0.73,418.00,39.05,Warning
2026-01-17T01:35:00,server_021,43.00,46.00,188.00,352.00,47.00,1,17.12,0.74,392.00,36.98,Warning
2026-01-17T01:40:00,server_037,30.00,26.00,79.00,112.00,17.00,2,16.64,0.77,310.00,33.02,Normal
2026-01-17T01:45:00,server_042,31.00,23.00,134.00,193.00,15.00,3,18.30,0.76,335.00,33.44,Normal
2026-01-17T01:50:00,server_006,46.00,48.00,158.00,196.00,52.00,3,17.48,0.81,430.00,37.66,Warning
2026-01-17T01:55:00,server_043,49.00,46.00,210.00,271.00,38.00,2,18.66,0.71,414.00,39.88,Warning
2026-01-17T02:00:00,server_027,30.00,30.00,107.00,174.00,43.00,3,18.79,0.77,340.00,34.78,Normal
2026-01-17T02:05:00,server_034,46.00,40.00,177.00,259.00,100.00,3,17.94,0.77,427.00,40.23,Warning
2026-01-17T02:10:00,server_049,52.00,47.00,90.00,396.00,45.00,1,18.39,0.75,414.00,38.04,Warning
2026-01-17T02:15:00,server_030,45.00,47.00,121.00,293.00,26.00,2,17.75,0.83,394.00,37.85,Warning
2026-01-17T02:20:00,server_003,38.00,44.00,108.00,291.00,80.00,1,17.17,0.78,347.00,35.69,Warning
2026-01-17T02:25:00,server_031,45.00,43.00,111.00,98.00,81.00,3,17.43,0.80,396.00,36.90,Warning
2026-01-17T02:30:00,server_022,45.00,33.00,147.00,335.00,47.00,3,17.36,0.78,418.00,37.77,Warning
2026-01-17T02:35:00,server_045,34.00,37.00,133.00,267.00,13.00,2,18.10,0.76,342.00,34.76,Normal
2026-01-17T02:40:00,server_045,37.00,40.00,146.00,189.00,75.00,2,17.27,0.75,355.00,35.41,Warning
2026-01-17T02:45:00,server_003,46.00,43.00,165.00,306.00,33.00,3,17.48,0.76,418.00,37.56,Warning
2026-01-17T02:50:00,server_004,35.00,36.00,70.00,125.00,240.00,3,17.72,0.81,362.00,34.81,Normal
2026-01-17T02:55:00,server_046,44.00,50.00,133.00,191.00,50.00,2,18.43,0.75,394.00,37.61,Warning
2026-01-17T03:00:00,server_024,36.00,30.00,80.00,224.00,37.00,3,18.73,0.79,359.00,35.44,Warning
2026-01-17T03:05:00,server_015,47.00,49.00,182.00,236.00,57.00,2,18.82,0.74,420.00,39.36,Warning
2026-01-17T03:10:00,server_020,52.00,58.00,86.00,193.00,29.00,2,19.35,0.79,438.00,39.83,Warning
2026-01-17T03:15:00,server_006,37.00,49.00,81.00,219.00,59.00,2,18.14,0.75,375.00,37.30,Warning
2026-01-17T03:20:00,server_016,44.00,53.00,80.00,116.00,20.00,3,19.64,0.78,426.00,38.49,Warning
2026-01-17T03:25:00,server_045,35.00,38.00,87.00,238.00,65.00,1,19.43,0.82,319.00,33.57,Normal
2026-01-17T03:30:00,server_010,39.00,33.00,166.00,268.00,28.00,2,20.28,0.76,367.00,37.60,Warning
2026-01-17T03:35:00,server_010,37.00,40.00,156.00,279.00,36.00,2,19.09,0.78,382.00,35.73,Warning
2026-01-17T03:40:00,server_005,34.00,38.00,157.00,240.00,117.00,1,18.50,0.73,327.00,34.35,Normal
2026-01-17T03:45:00,server_041,47.00,41.00,106.00,143.00,144.00,3,18.93,0.77,426.00,39.37,Warning
2026-01-17T03:50:00,server_025,43.00,34.00,193.00,269.00,22.00,3,19.66,0.81,414.00,37.50,Warning
2026-01-17T03:55:00,server_037,34.00,40.00,99.00,134.00,12.00,2,19.07,0.72,336.00,35.26,Warning
2026-01-17T04:00:00,server_033,40.00,35.00,173.00,280.00,85.00,1,21.21,0.74,351.00,36.40,Warning
2026-01-17T04:05:00,server_039,41.00,45.00,103.00,270.00,111.00,2,21.55,0.74,379.00,37.67,Warning
2026-01-17T04:10:00,server_049,44.00,34.00,152.00,260.00,31.00,2,20.52,0.81,381.00,37.48,Warning
2026-01-17T04:15:00,server_010,51.00,57.00,136.00,313.00,31.00,2,19.11,0.82,444.00,39.41,Warning
2026-01-17T04:20:00,server_015,33.00,34.00,134.00,239.00,13.00,2,19.77,0.77,335.00,35.29,Warning
2026-01-17T04:25:00,server_014,39.00,46.00,169.00,246.00,82.00,2,19.95,0.73,356.00,37.39,Warning
2026-01-17T04:30:00,server_039,41.00,33.00,96.00,143.00,39.00,2,21.32,0.76,364.00,36.34,Warning
2026-01-17T04:35:00,server_024,52.00,58.00,99.00,276.00,73.00,1,20.97,0.84,430.00,40.43,Warning
2026-01-17T04:40:00,server_048,44.00,38.00,109.00,292.00,18.00,2,20.28,0.72,392.00,38.22,Warning
2026-01-17T04:45:00,server_050,25.00,23.00,78.00,197.00,9.00,2,20.98,0.81,299.00,32.74,Normal
2026-01-17T04:50:00,server_037,50.00,56.00,131.00,291.00,83.00,1,19.66,0.77,409.00,39.65,Warning
2026-01-17T04:55:00,server_036,38.00,43.00,114.00,251.00,47.00,1,21.64,0.77,346.00,36.21,Warning
2026-01-17T05:00:00,server_043,50.00,60.00,156.00,312.00,44.00,2,22.22,0.81,443.00,41.27,Warning
2026-01-17T05:05:00,server_025,50.00,46.00,206.00,300.00,40.00,3,21.48,0.76,446.00,39.86,Warning
2026-01-17T05:10:00,server_027,44.00,41.00,144.00,211.00,85.00,2,22.09,0.82,399.00,38.68,Warning
2026-01-17T05:15:00,server_015,39.00,36.00,168.00,207.00,29.00,3,21.26,0.76,392.00,38.16,Warning
2026-01-17T05:20:00,server_008,40.00,38.00,164.00,179.00,34.00,2,20.43,0.81,365.00,36.95,Warning
2026-01-17T05:25:00,server_004,48.00,36.00,138.00,355.00,77.00,2,22.20,0.81,410.00,39.25,Warning
2026-01-17T05:30:00,server_050,37.00,41.00,113.00,275.00,67.00,2,22.85,0.82,360.00,38.12,Warning
2026-01-17T05:35:00,server_037,31.00,36.00,68.00,211.00,49.00,3,22.92,0.79,363.00,36.84,Warning
2026-01-17T05:40:00,server_024,47.00,36.00,118.00,183.00,29.00,2,22.17,0.75,399.00,38.75,Warning
2026-01-17T05:45:00,server_019,38.00,42.00,98.00,195.00,76.00,2,22.79,0.78,360.00,37.50,Warning
2026-01-17T05:50:00,server_023,33.00,41.00,68.00,190.00,15.00,2,21.88,0.71,343.00,35.83,Warning
2026-01-17T05:55:00,server_004,38.00,42.00,76.00,102.00,38.00,2,21.06,0.82,365.00,36.47,Warning
2026-01-17T06:00:00,server_038,45.00,51.00,130.00,229.00,20.00,1,23.99,0.81,392.00,39.43,Warning
2026-01-17T06:05:00,server_048,54.00,60.00,154.00,329.00,46.00,3,24.48,0.77,466.00,42.73,Warning
2026-01-17T06:10:00,server_028,45.00,34.00,114.00,352.00,26.00,2,23.21,0.77,396.00,39.82,Warning
2026-01-17T06:15:00,server_018,46.00,37.00,166.00,287.00,68.00,3,24.68,0.81,417.00,39.80,Warning
2026-01-17T06:20:00,server_021,36.00,38.00,118.00,271.00,36.00,3,25.62,0.73,380.00,40.06,Warning
2026-01-17T06:25:00,server_015,42.00,36.00,80.00,207.00,65.00,3,23.00,0.73,388.00,39.13,Warning
2026-01-17T06:30:00,server_009,46.00,48.00,85.00,162.00,18.00,2,24.01,0.79,408.00,39.32,Warning
2026-01-17T06:35:00,server_003,46.00,53.00,134.00,322.00,65.00,2,22.76,0.81,424.00,39.98,Warning
2026-01-17T06:40:00,server_026,45.00,45.00,110.00,294.00,16.00,2,23.73,0.85,407.00,39.41,Warning
2026-01-17T06:45:00,server_050,62.00,52.00,188.00,449.00,36.00,3,22.95,0.80,493.00,43.18,Warning
2026-01-17T06:50:00,server_019,37.00,36.00,107.00,246.00,26.00,3,24.32,0.76,362.00,37.69,Warning
2026-01-17T06:55:00,server_012,55.00,40.00,180.00,160.00,49.00,3,23.29,0.75,443.00,41.23,Warning
2026-01-17T07:00:00,server_035,52.00,56.00,76.00,203.00,73.00,1,25.97,0.72,420.00,42.53,Warning
2026-01-17T07:05:00,server_047,52.00,59.00,137.00,161.00,50.00,2,26.00,0.75,438.00,43.16,Warning
2026-01-17T07:10:00,server_001,56.00,56.00,152.00,248.00,48.00,3,25.85,0.79,473.00,43.21,Warning
2026-01-17T07:15:00,server_023,52.00,50.00,103.00,299.00,88.00,3,26.01,0.78,445.00,43.07,Warning
2026-01-17T07:20:00,server_031,58.00,65.00,194.00,387.00,27.00,2,27.45,0.77,486.00,45.83,Critical
2026-01-17T07:25:00,server_011,51.00,47.00,201.00,273.00,105.00,2,26.37,0.71,435.00,41.46,Warning
2026-01-17T07:30:00,server_034,50.00,47.00,201.00,140.00,25.00,1,25.70,0.77,400.00,40.11,Warning
2026-01-17T07:35:00,server_023,51.00,47.00,207.00,295.00,37.00,2,25.87,0.74,420.00,42.30,Warning
2026-01-17T07:40:00,server_029,61.00,59.00,262.00,397.00,24.00,2,25.40,0.80,493.00,44.74,Warning
2026-01-17T07:45:00,server_050,54.00,53.00,230.00,261.00,82.00,2,25.82,0.75,433.00,42.25,Warning
2026-01-17T07:50:00,server_040,46.00,40.00,140.00,298.00,56.00,2,26.77,0.81,394.00,38.83,Warning
2026-01-17T07:55:00,server_031,54.00,44.00,92.00,368.00,99.00,2,26.87,0.72,444.00,41.96,Warning
2026-01-17T08:00:00,server_044,52.00,58.00,133.00,237.00,20.00,2,28.12,0.83,461.00,42.78,Warning
2026-01-17T08:05:00,server_003,71.00,54.00,219.00,180.00,132.00,3,27.91,0.81,521.00,46.68,Critical
2026-01-17T08:10:00,server_039,57.00,55.00,104.00,310.00,36.00,2,27.39,0.75,467.00,43.37,Warning
2026-01-17T08:15:00,server_007,56.00,49.00,108.00,305.00,28.00,2,27.23,0.78,444.00,42.78,Warning
2026-01-17T08:20:00,server_011,59.00,64.00,187.00,195.00,28.00,1,27.10,0.75,471.00,43.61,Warning
2026-01-17T08:25:00,server_016,56.00,51.00,250.00,291.00,70.00,2,27.85,0.81,459.00,44.05,Warning
2026-01-17T08:30:00,server_012,58.00,68.00,88.00,350.00,93.00,2,29.17,0.80,485.00,45.05,Critical
2026-01-17T08:35:00,server_042,59.00,60.00,179.00,382.00,59.00,2,25.90,0.78,479.00,43.74,Warning
2026-01-17T08:40:00,server_020,63.00,62.00,175.00,448.00,49.00,3,27.54,0.80,508.00,45.13,Critical
2026-01-17T08:45:00,server_037,52.00,42.00,160.00,310.00,57.00,2,28.38,0.81,427.00,41.61,Warning
2026-01-17T08:50:00,server_035,52.00,58.00,176.00,247.00,47.00,3,27.52,0.75,449.00,41.54,Warning
2026-01-17T08:55:00,server_037,48.00,54.00,136.00,159.00,23.00,2,27.44,0.80,420.00,41.69,Warning
2026-01-17T09:00:00,server_011,60.00,53.00,250.00,319.00,26.00,1,29.47,0.78,451.00,43.42,Warning
2026-01-17T09:05:00,server_013,65.00,62.00,99.00,422.00,25.00,3,28.42,0.77,529.00,46.58,Critical
2026-01-17T09:10:00,server_030,43.00,38.00,193.00,252.00,58.00,2,29.09,0.78,390.00,39.09,Warning
2026-01-17T09:15:00,server_024,67.00,45.00,202.00,354.00,70.00,3,28.65,0.75,519.00,48.15,Critical
2026-01-17T09:20:00,server_031,58.00,47.00,166.00,462.00,32.00,3,29.57,0.77,485.00,44.38,Warning
2026-01-17T09:25:00,server_039,60.00,64.00,151.00,275.00,102.00,1,30.31,0.80,459.00,44.90,Warning
2026-01-17T09:30:00,server_035,52.00,53.00,253.00,229.00,21.00,2,28.28,0.78,453.00,44.44,Warning
2026-01-17T09:35:00,server_037,65.00,61.00,149.00,397.00,35.00,2,29.38,0.83,490.00,45.38,Critical
2026-01-17T09:40:00,server_004,68.00,63.00,194.00,373.00,62.00,1,29.74,0.79,513.00,47.73,Critical
2026-01-17T09:45:00,server_016,53.00,50.00,219.00,293.00,54.00,3,28.28,0.77,469.00,42.96,Warning
2026-01-17T09:50:00,server_011,65.00,67.00,120.00,454.00,26.00,2,29.08,0.80,522.00,47.37,Critical
2026-01-17T09:55:00,server_006,58.00,48.00,180.00,268.00,76.00,1,28.60,0.82,438.00,42.45,Warning
2026-01-17T10:00:00,server_027,61.00,48.00,174.00,138.00,38.00,2,30.70,0.77,459.00,44.74,Warning
2026-01-17T10:05:00,server_047,70.00,63.00,149.00,304.00,168.00,1,29.73,0.72,501.00,45.97,Critical
2026-01-17T10:10:00,server_018,67.00,58.00,288.00,488.00,84.00,2,30.05,0.80,501.00,45.80,Critical
2026-01-17T10:15:00,server_035,54.00,44.00,193.00,243.00,19.00,1,29.28,0.74,411.00,41.43,Warning
2026-01-17T10:20:00,server_033,51.00,43.00,109.00,228.00,36.00,3,29.65,0.81,433.00,42.51,Warning
2026-01-17T10:25:00,server_017,60.00,47.00,250.00,268.00,116.00,2,30.89,0.75,462.00,44.16,Warning
2026-01-17T10:30:00,server_004,70.00,48.00,284.00,473.00,44.00,3,29.56,0.76,530.00,47.47,Critical
2026-01-17T10:35:00,server_036,62.00,50.00,211.00,361.00,45.00,1,30.72,0.78,450.00,43.14,Warning
2026-01-17T10:40:00,server_022,59.00,47.00,234.00,320.00,48.00,2,30.69,0.77,464.00,44.34,Warning
2026-01-17T10:45:00,server_004,68.00,56.00,273.00,426.00,42.00,2,29.50,0.80,514.00,46.05,Critical
2026-01-17T10:50:00,server_008,56.00,54.00,198.00,430.00,28.00,2,31.58,0.79,456.00,44.32,Warning
2026-01-17T10:55:00,server_035,64.00,53.00,268.00,408.00,43.00,1,29.05,0.78,480.00,44.05,Warning
2026-01-17T11:00:00,server_031,47.00,51.00,142.00,136.00,19.00,2,31.87,0.80,417.00,41.91,Warning
2026-01-17T11:05:00,server_005,71.00,72.00,144.00,490.00,46.00,2,31.16,0.81,534.00,47.21,Critical
2026-01-17T11:10:00,server_018,53.00,51.00,199.00,182.00,96.00,3,30.30,0.86,458.00,42.30,Warning
2026-01-17T11:15:00,server_028,57.00,48.00,132.00,250.00,91.00,2,28.97,0.85,447.00,41.90,Warning
2026-01-17T11:20:00,server_003,73.00,51.00,242.00,192.00,73.00,1,29.54,0.72,486.00,46.17,Critical
2026-01-17T11:25:00,server_027,69.00,46.00,192.00,312.00,31.00,1,30.92,0.82,467.00,44.41,Warning
2026-01-17T11:30:00,server_004,59.00,51.00,270.00,406.00,33.00,3,31.03,0.76,494.00,45.23,Critical
2026-01-17T11:35:00,server_024,69.00,55.00,301.00,359.00,103.00,2,32.10,0.83,511.00,47.36,Critical
2026-01-17T11:40:00,server_023,65.00,51.00,115.00,312.00,49.00,2,30.61,0.82,476.00,45.54,Critical
2026-01-17T11:45:00,server_031,62.00,54.00,211.00,409.00,37.00,3,30.73,0.81,503.00,46.49,Critical
2026-01-17T11:50:00,server_011,62.00,62.00,87.00,363.00,32.00,3,29.10,0.80,500.00,45.43,Critical
2026-01-17T11:55:00,server_034,68.00,69.00,238.00,375.00,73.00,2,30.29,0.72,534.00,47.88,Critical
2026-01-17T12:00:00,server_012,63.00,52.00,174.00,209.00,52.00,2,31.64,0.77,456.00,44.49,Warning
2026-01-17T12:05:00,server_047,55.00,51.00,182.00,225.00,46.00,3,31.73,0.79,475.00,45.52,Critical
2026-01-17T12:10:00,server_050,79.00,57.00,211.00,161.00,70.00,1,30.90,0.76,533.00,48.81,Critical
2026-01-17T12:15:00,server_041,73.00,56.00,317.00,474.00,131.00,1,32.75,0.78,527.00,48.89,Critical
2026-01-17T12:20:00,server_002,69.00,61.00,266.00,284.00,78.00,2,31.45,0.82,524.00,47.30,Critical
2026-01-17T12:25:00,server_023,77.00,74.00,141.00,369.00,120.00,1,30.36,0.77,537.00,48.42,Critical
2026-01-17T12:30:00,server_045,60.00,64.00,245.00,360.00,38.00,2,31.63,0.80,480.00,45.58,Critical
2026-01-17T12:35:00,server_042,74.00,63.00,343.00,484.00,63.00,3,30.95,0.77,582.00,50.40,Critical
2026-01-17T12:40:00,server_013,67.00,50.00,207.00,300.00,30.00,1,30.59,0.74,475.00,45.08,Critical
2026-01-17T12:45:00,server_038,57.00,58.00,123.00,264.00,73.00,1,31.15,0.79,448.00,43.89,Warning
2026-01-17T12:50:00,server_018,78.00,79.00,192.00,288.00,56.00,1,32.31,0.75,565.00,49.46,Critical
2026-01-17T12:55:00,server_005,72.00,56.00,167.00,382.00,45.00,3,31.97,0.78,549.00,48.85,Critical
2026-01-17T13:00:00,server_042,68.00,68.00,147.00,236.00,57.00,2,30.47,0.73,513.00,47.25,Critical
2026-01-17T13:05:00,server_040,72.00,72.00,275.00,464.00,75.00,3,31.46,0.76,568.00,49.87,Critical
2026-01-17T13:10:00,server_009,75.00,69.00,306.00,285.00,48.00,2,29.66,0.77,551.00,48.83,Critical
2026-01-17T13:15:00,server_048,58.00,63.00,116.00,382.00,170.00,2,29.62,0.80,468.00,44.56,Warning
2026-01-17T13:20:00,server_043,74.00,56.00,253.00,450.00,33.00,2,29.97,0.76,546.00,49.31,Critical
2026-01-17T13:25:00,server_011,80.00,71.00,355.00,324.00,36.00,3,30.93,0.75,601.00,51.77,Critical
2026-01-17T13:30:00,server_003,72.00,53.00,290.00,364.00,45.00,1,29.57,0.71,499.00,46.59,Critical
2026-01-17T13:35:00,server_005,72.00,49.00,290.00,422.00,50.00,3,30.38,0.78,529.00,47.50,Critical
2026-01-17T13:40:00,server_012,66.00,59.00,150.00,250.00,30.00,2,31.30,0.76,499.00,46.96,Critical
2026-01-17T13:45:00,server_022,83.00,68.00,347.00,526.00,33.00,1,30.08,0.85,585.00,49.16,Critical
2026-01-17T13:50:00,server_012,65.00,58.00,259.00,467.00,44.00,3,30.67,0.79,524.00,46.83,Critical
2026-01-17T13:55:00,server_003,68.00,56.00,108.00,407.00,69.00,3,31.29,0.79,540.00,48.35,Critical
2026-01-17T14:00:00,server_013,74.00,49.00,281.00,375.00,83.00,2,30.16,0.77,523.00,47.70,Critical
2026-01-17T14:05:00,server_049,59.00,42.00,261.00,286.00,48.00,2,31.07,0.71,448.00,44.57,Warning
2026-01-17T14:10:00,server_006,68.00,51.00,211.00,420.00,25.00,2,30.43,0.75,502.00,46.51,Critical
2026-01-17T14:15:00,server_009,68.00,49.00,250.00,418.00,79.00,3,29.61,0.77,531.00,47.03,Critical
2026-01-17T14:20:00,server_044,79.00,81.00,210.00,450.00,33.00,3,29.83,0.78,604.00,50.96,Critical
2026-01-17T14:25:00,server_018,68.00,56.00,109.00,334.00,26.00,2,29.93,0.84,514.00,46.59,Critical
2026-01-17T14:30:00,server_042,63.00,55.00,107.00,407.00,39.00,1,30.03,0.69,469.00,44.46,Warning
2026-01-17T14:35:00,server_050,63.00,60.00,257.00,290.00,23.00,3,29.38,0.78,511.00,46.90,Critical
2026-01-17T14:40:00,server_013,70.00,55.00,279.00,302.00,26.00,3,29.60,0.78,533.00,48.18,Critical
2026-01-17T14:45:00,server_003,66.00,57.00,249.00,444.00,40.00,2,28.49,0.72,498.00,45.01,Critical
2026-01-17T14:50:00,server_034,71.00,69.00,151.00,237.00,27.00,2,30.20,0.81,543.00,49.41,Critical
2026-01-17T14:55:00,server_024,61.00,63.00,95.00,219.00,24.00,1,29.58,0.76,454.00,43.36,Warning
2026-01-17T15:00:00,server_015,73.00,64.00,125.00,288.00,27.00,2,27.09,0.75,543.00,48.05,Critical
2026-01-17T15:05:00,server_023,69.00,69.00,272.00,247.00,32.00,1,29.15,0.78,506.00,46.28,Critical
2026-01-17T15:10:00,server_040,69.00,64.00,308.00,214.00,73.00,2,28.78,0.80,525.00,48.14,Critical
2026-01-17T15:15:00,server_042,71.00,55.00,203.00,345.00,51.00,3,29.50,0.75,530.00,48.27,Critical
2026-01-17T15:20:00,server_005,63.00,41.00,189.00,267.00,25.00,2,28.97,0.76,464.00,43.18,Warning
2026-01-17T15:25:00,server_039,71.00,71.00,186.00,259.00,27.00,3,28.52,0.78,538.00,48.58,Critical
2026-01-17T15:30:00,server_041,71.00,59.00,134.00,330.00,85.00,3,27.81,0.72,537.00,47.19,Critical
2026-01-17T15:35:00,server_023,65.00,53.00,281.00,320.00,42.00,1,29.84,0.77,488.00,45.13,Critical
2026-01-17T15:40:00,server_043,71.00,49.00,157.00,241.00,53.00,2,29.02,0.75,488.00,44.35,Warning
2026-01-17T15:45:00,server_032,76.00,66.00,183.00,509.00,129.00,2,28.46,0.80,555.00,47.96,Critical
2026-01-17T15:50:00,server_036,70.00,51.00,169.00,257.00,30.00,2,28.28,0.84,495.00,45.04,Critical
2026-01-17T15:55:00,server_034,73.00,54.00,238.00,139.00,46.00,1,29.12,0.73,495.00,46.11,Critical
2026-01-17T16:00:00,server_016,76.00,60.00,229.00,504.00,28.00,2,27.10,0.78,549.00,49.07,Critical
2026-01-17T16:05:00,server_044,69.00,64.00,254.00,412.00,31.00,2,28.50,0.78,528.00,46.16,Critical
2026-01-17T16:10:00,server_020,65.00,59.00,206.00,252.00,41.00,2,27.46,0.76,487.00,45.25,Critical
2026-01-17T16:15:00,server_041,72.00,62.00,318.00,459.00,37.00,1,27.31,0.74,523.00,46.89,Critical
2026-01-17T16:20:00,server_031,82.00,78.00,193.00,407.00,47.00,3,27.29,0.79,607.00,50.22,Critical
2026-01-17T16:25:00,server_044,68.00,80.00,177.00,506.00,27.00,2,27.20,0.80,547.00,47.91,Critical
2026-01-17T16:30:00,server_021,68.00,57.00,216.00,367.00,57.00,2,27.25,0.71,516.00,46.36,Critical
2026-01-17T16:35:00,server_015,62.00,54.00,126.00,482.00,49.00,1,28.01,0.79,464.00,44.14,Warning
2026-01-17T16:40:00,server_005,61.00,55.00,223.00,240.00,41.00,3,27.62,0.80,513.00,45.06,Critical
2026-01-17T16:45:00,server_023,75.00,58.00,174.00,300.00,35.00,2,28.12,0.75,547.00,46.96,Critical
2026-01-17T16:50:00,server_030,75.00,71.00,195.00,253.00,50.00,2,28.39,0.79,549.00,49.01,Critical
2026-01-17T16:55:00,server_011,72.00,51.00,146.00,277.00,150.00,2,28.10,0.74,506.00,46.67,Critical
2026-01-17T17:00:00,server_033,58.00,50.00,99.00,311.00,119.00,1,25.71,0.86,427.00,40.49,Warning
2026-01-17T17:05:00,server_019,61.00,49.00,132.00,307.00,48.00,3,25.67,0.73,491.00,45.39,Critical
2026-01-17T17:10:00,server_008,59.00,63.00,235.00,353.00,28.00,2,26.19,0.78,496.00,44.63,Warning
2026-01-17T17:15:00,server_028,63.00,61.00,138.00,171.00,76.00,2,24.09,0.81,489.00,45.04,Critical
2026-01-17T17:20:00,server_042,57.00,58.00,164.00,257.00,113.00,1,25.23,0.80,455.00,42.49,Warning
2026-01-17T17:25:00,server_049,75.00,50.00,333.00,281.00,55.00,1,25.59,0.82,519.00,46.09,Critical
2026-01-17T17:30:00,server_011,70.00,62.00,119.00,460.00,33.00,1,25.66,0.78,507.00,44.89,Warning
2026-01-17T17:35:00,server_040,57.00,60.00,138.00,219.00,53.00,2,25.48,0.82,465.00,43.17,Warning
2026-01-17T17:40:00,server_005,68.00,55.00,160.00,416.00,29.00,1,25.06,0.75,479.00,43.90,Warning
2026-01-17T17:45:00,server_022,66.00,63.00,119.00,263.00,102.00,1,25.17,0.77,488.00,45.27,Critical
2026-01-17T17:50:00,server_035,63.00,49.00,124.00,385.00,25.00,2,26.27,0.83,472.00,44.16,Warning
2026-01-17T17:55:00,server_029,58.00,58.00,125.00,187.00,55.00,3,27.19,0.83,472.00,43.94,Warning
2026-01-17T18:00:00,server_024,50.00,60.00,180.00,196.00,61.00,2,24.04,0.76,428.00,42.55,Warning
2026-01-17T18:05:00,server_013,73.00,62.00,163.00,291.00,35.00,3,23.06,0.79,542.00,45.92,Critical
2026-01-17T18:10:00,server_025,56.00,51.00,243.00,145.00,26.00,3,24.62,0.77,458.00,41.58,Warning
2026-01-17T18:15:00,server_016,56.00,40.00,126.00,141.00,74.00,2,23.61,0.75,434.00,40.18,Warning
2026-01-17T18:20:00,server_027,62.00,57.00,246.00,452.00,95.00,3,23.96,0.83,512.00,43.98,Warning
2026-01-17T18:25:00,server_048,59.00,69.00,104.00,194.00,64.00,2,23.76,0.85,490.00,43.78,Warning
2026-01-17T18:30:00,server_041,61.00,50.00,259.00,212.00,34.00,3,25.26,0.83,489.00,44.77,Warning
2026-01-17T18:35:00,server_021,60.00,54.00,151.00,180.00,28.00,1,24.45,0.72,447.00,41.90,Warning
2026-01-17T18:40:00,server_045,75.00,83.00,324.00,309.00,34.00,2,24.18,0.83,581.00,47.93,Critical
2026-01-17T18:45:00,server_045,56.00,60.00,199.00,296.00,25.00,3,23.71,0.80,487.00,43.22,Warning
2026-01-17T18:50:00,server_021,70.00,75.00,192.00,206.00,137.00,1,23.60,0.78,534.00,46.62,Critical
2026-01-17T18:55:00,server_048,50.00,49.00,218.00,307.00,19.00,2,24.85,0.88,436.00,41.21,Warning
2026-01-17T19:00:00,server_005,60.00,60.00,126.00,164.00,59.00,3,21.98,0.76,501.00,44.83,Warning
2026-01-17T19:05:00,server_022,54.00,42.00,221.00,345.00,27.00,3,22.77,0.80,449.00,40.89,Warning
2026-01-17T19:10:00,server_004,60.00,67.00,269.00,410.00,36.00,3,21.84,0.82,518.00,44.78,Warning
2026-01-17T19:15:00,server_021,47.00,50.00,167.00,266.00,23.00,2,23.89,0.74,425.00,41.29,Warning
2026-01-17T19:20:00,server_009,62.00,46.00,173.00,384.00,46.00,2,22.78,0.75,461.00,42.82,Warning
2026-01-17T19:25:00,server_025,67.00,38.00,230.00,308.00,46.00,3,20.80,0.81,503.00,43.30,Warning
2026-01-17T19:30:00,server_050,58.00,65.00,104.00,421.00,48.00,2,22.38,0.74,479.00,44.00,Warning
2026-01-17T19:35:00,server_027,63.00,57.00,171.00,172.00,124.00,3,23.27,0.76,509.00,44.60,Warning
2026-01-17T19:40:00,server_039,58.00,53.00,168.00,184.00,37.00,2,22.04,0.77,455.00,42.99,Warning
2026-01-17T19:45:00,server_033,66.00,69.00,268.00,256.00,26.00,2,22.28,0.80,503.00,43.65,Warning
2026-01-17T19:50:00,server_019,60.00,55.00,84.00,240.00,47.00,3,22.06,0.77,473.00,42.35,Warning
2026-01-17T19:55:00,server_021,57.00,55.00,230.00,224.00,54.00,2,22.58,0.76,457.00,41.86,Warning
2026-01-17T20:00:00,server_005,69.00,63.00,131.00,424.00,45.00,3,20.22,0.82,553.00,44.75,Warning
2026-01-17T20:05:00,server_035,54.00,39.00,176.00,324.00,41.00,3,20.34,0.78,453.00,41.69,Warning
2026-01-17T20:10:00,server_001,52.00,56.00,117.00,230.00,24.00,3,20.76,0.80,456.00,40.45,Warning
2026-01-17T20:15:00,server_049,56.00,52.00,161.00,232.00,136.00,3,20.28,0.82,468.00,41.14,Warning
2026-01-17T20:20:00,server_030,53.00,59.00,126.00,370.00,32.00,2,20.61,0.76,434.00,41.38,Warning
2026-01-17T20:25:00,server_007,45.00,38.00,189.00,344.00,22.00,1,20.69,0.82,392.00,36.56,Warning
2026-01-17T20:30:00,server_004,61.00,56.00,167.00,206.00,32.00,2,20.72,0.72,476.00,42.37,Warning
2026-01-17T20:35:00,server_027,67.00,65.00,243.00,209.00,41.00,2,20.23,0.78,501.00,43.72,Warning
2026-01-17T20:40:00,server_023,47.00,47.00,198.00,245.00,83.00,2,22.17,0.79,418.00,39.22,Warning
2026-01-17T20:45:00,server_031,45.00,54.00,98.00,171.00,17.00,1,19.56,0.76,382.00,37.74,Warning
2026-01-17T20:50:00,server_027,66.00,68.00,262.00,246.00,42.00,2,20.38,0.80,502.00,43.54,Warning
2026-01-17T20:55:00,server_029,47.00,44.00,123.00,158.00,31.00,2,19.40,0.75,413.00,38.94,Warning
2026-01-17T21:00:00,server_026,43.00,40.00,167.00,268.00,24.00,3,18.96,0.76,407.00,37.46,Warning
2026-01-17T21:05:00,server_047,55.00,49.00,139.00,147.00,57.00,1,19.99,0.81,434.00,39.05,Warning
2026-01-17T21:10:00,server_008,54.00,49.00,121.00,270.00,44.00,1,19.28,0.83,423.00,38.46,Warning
2026-01-17T21:15:00,server_014,54.00,38.00,221.00,231.00,63.00,3,18.28,0.73,461.00,40.93,Warning
2026-01-17T21:20:00,server_019,55.00,45.00,92.00,286.00,94.00,3,17.28,0.82,458.00,40.69,Warning
2026-01-17T21:25:00,server_011,48.00,42.00,89.00,194.00,23.00,2,19.63,0.75,401.00,37.62,Warning
2026-01-17T21:30:00,server_039,56.00,52.00,93.00,413.00,30.00,2,17.99,0.77,459.00,40.56,Warning
2026-01-17T21:35:00,server_008,65.00,53.00,248.00,289.00,33.00,2,18.83,0.77,500.00,43.77,Warning
2026-01-17T21:40:00,server_026,47.00,39.00,161.00,242.00,58.00,2,19.89,0.80,403.00,39.58,Warning
2026-01-17T21:45:00,server_016,62.00,57.00,195.00,201.00,40.00,2,18.23,0.78,492.00,42.56,Warning
2026-01-17T21:50:00,server_022,45.00,50.00,155.00,117.00,40.00,2,18.39,0.82,396.00,36.68,Warning
2026-01-17T21:55:00,server_042,47.00,42.00,196.00,249.00,86.00,1,19.49,0.77,400.00,37.53,Warning
2026-01-17T22:00:00,server_004,45.00,47.00,111.00,227.00,57.00,2,17.43,0.81,391.00,37.04,Warning
2026-01-17T22:05:00,server_009,39.00,46.00,141.00,252.00,66.00,2,18.93,0.80,366.00,35.41,Warning
2026-01-17T22:10:00,server_006,54.00,43.00,108.00,202.00,199.00,1,18.25,0.83,427.00,38.09,Warning
2026-01-17T22:15:00,server_050,49.00,54.00,167.00,247.00,25.00,2,18.27,0.75,441.00,40.03,Warning
2026-01-17T22:20:00,server_048,52.00,50.00,105.00,250.00,32.00,3,18.43,0.79,466.00,41.06,Warning
2026-01-17T22:25:00,server_024,45.00,49.00,148.00,109.00,65.00,2,18.46,0.78,396.00,38.59,Warning
2026-01-17T22:30:00,server_050,59.00,69.00,219.00,145.00,79.00,2,18.48,0.84,485.00,41.85,Warning
2026-01-17T22:35:00,server_004,42.00,54.00,95.00,131.00,19.00,3,18.01,0.75,423.00,38.94,Warning
2026-01-17T22:40:00,server_001,45.00,44.00,88.00,201.00,21.00,3,17.55,0.72,413.00,38.38,Warning
2026-01-17T22:45:00,server_044,40.00,46.00,84.00,162.00,22.00,2,18.50,0.77,389.00,35.60,Warning
2026-01-17T22:50:00,server_011,42.00,35.00,119.00,296.00,144.00,2,18.42,0.79,384.00,37.46,Warning
2026-01-17T22:55:00,server_020,42.00,43.00,103.00,225.00,25.00,1,17.10,0.81,365.00,35.73,Warning
2026-01-17T23:00:00,server_043,55.00,49.00,132.00,346.00,20.00,3,17.87,0.75,470.00,40.46,Warning
2026-01-17T23:05:00,server_004,50.00,49.00,141.00,175.00,27.00,2,17.18,0.79,430.00,38.84,Warning
2026-01-17T23:10:00,server_014,38.00,26.00,166.00,258.00,19.00,2,18.05,0.80,350.00,33.47,Normal
2026-01-17T23:15:00,server_039,44.00,49.00,172.00,126.00,101.00,2,17.83,0.77,407.00,37.28,Warning
2026-01-17T23:20:00,server_036,51.00,56.00,160.00,307.00,37.00,3,16.88,0.81,461.00,40.09,Warning
2026-01-17T23:25:00,server_015,45.00,34.00,149.00,255.00,53.00,3,17.11,0.81,390.00,35.62,Warning
2026-01-17T23:30:00,server_021,45.00,43.00,185.00,184.00,81.00,2,16.57,0.82,399.00,36.75,Warning
2026-01-17T23:35:00,server_017,37.00,44.00,106.00,271.00,44.00,2,16.84,0.71,368.00,37.09,Warning
2026-01-17T23:40:00,server_006,35.00,33.00,120.00,149.00,14.00,1,18.51,0.79,316.00,33.37,Normal
2026-01-17T23:45:00,server_023,46.00,37.00,82.00,164.00,51.00,2,18.53,0.78,368.00,35.79,Warning
2026-01-17T23:50:00,server_023,41.00,32.00,124.00,151.00,31.00,3,19.04,0.75,377.00,37.08,Warning
2026-01-17T23:55:00,server_035,41.00,46.00,122.00,243.00,29.00,2,18.08,0.74,390.00,37.74,Warning
2026-01-18T00:00:00,server_027,55.00,38.00,99.00,184.00,87.00,2,17.32,0.78,414.00,38.49,Warning
2026-01-18T00:05:00,server_046,43.00,40.00,118.00,291.00,40.00,2,17.46,0.78,389.00,36.25,Warning
2026-01-18T00:10:00,server_028,43.00,41.00,111.00,242.00,42.00,3,16.54,0.82,415.00,38.72,Warning
2026-01-18T00:15:00,server_030,53.00,52.00,249.00,359.00,86.00,3,17.40,0.80,466.00,39.92,Warning
2026-01-18T00:20:00,server_005,49.00,44.00,222.00,348.00,26.00,1,16.97,0.77,395.00,37.39,Warning
2026-01-18T00:25:00,server_024,50.00,41.00,105.00,200.00,64.00,2,16.76,0.77,418.00,38.00,Warning
2026-01-18T00:30:00,server_038,41.00,44.00,125.00,170.00,82.00,2,17.68,0.76,385.00,36.21,Warning
2026-01-18T00:35:00,server_041,42.00,38.00,124.00,102.00,51.00,2,16.11,0.74,379.00,35.74,Warning
2026-01-18T00:40:00,server_022,38.00,47.00,99.00,94.00,23.00,1,16.28,0.73,352.00,34.23,Normal
2026-01-18T00:45:00,server_013,43.00,54.00,197.00,283.00,37.00,1,17.85,0.77,394.00,37.99,Warning
2026-01-18T00:50:00,server_019,39.00,48.00,78.00,287.00,37.00,3,17.51,0.82,398.00,37.55,Warning
2026-01-18T00:55:00,server_016,49.00,49.00,214.00,379.00,30.00,1,16.63,0.78,412.00,38.74,Warning
2026-01-18T01:00:00,server_049,37.00,39.00,64.00,251.00,42.00,2,17.77,0.78,369.00,36.29,Warning
2026-01-18T01:05:00,server_008,43.00,50.00,168.00,161.00,31.00,3,16.14,0.80,414.00,37.81,Warning
2026-01-18T01:10:00,server_042,42.00,49.00,152.00,225.00,31.00,2,17.56,0.79,395.00,37.42,Warning
2026-01-18T01:15:00,server_003,42.00,51.00,153.00,314.00,15.00,1,17.79,0.73,376.00,37.07,Warning
2026-01-18T01:20:00,server_010,49.00,58.00,177.00,257.00,79.00,3,17.95,0.77,454.00,39.98,Warning
2026-01-18T01:25:00,server_010,46.00,37.00,212.00,269.00,27.00,2,16.76,0.77,396.00,36.91,Warning
2026-01-18T01:30:00,server_038,51.00,40.00,91.00,198.00,41.00,2,17.37,0.76,417.00,39.12,Warning
2026-01-18T01:35:00,server_011,38.00,40.00,102.00,253.00,49.00,1,17.36,0.87,330.00,34.14,Normal
2026-01-18T01:40:00,server_001,35.00,35.00,89.00,171.00,38.00,1,16.90,0.81,325.00,33.81,Normal
2026-01-18T01:45:00,server_032,39.00,39.00,128.00,241.00,71.00,2,17.00,0.72,386.00,36.95,Warning
2026-01-18T01:50:00,server_026,29.00,33.00,75.00,112.00,39.00,2,17.27,0.82,320.00,32.37,Normal
2026-01-18T01:55:00,server_049,29.00,29.00,124.00,140.00,34.00,3,16.95,0.77,321.00,32.51,Normal
2026-01-18T02:00:00,server_003,50.00,57.00,215.00,203.00,105.00,2,16.95,0.76,431.00,39.69,Warning
2026-01-18T02:05:00,server_046,37.00,35.00,80.00,282.00,17.00,1,18.79,0.77,345.00,34.90,Normal
2026-01-18T02:10:00,server_022,37.00,52.00,74.00,254.00,22.00,1,18.65,0.79,346.00,36.13,Warning
2026-01-18T02:15:00,server_035,34.00,37.00,106.00,160.00,22.00,1,18.06,0.83,336.00,32.89,Normal
2026-01-18T02:20:00,server_040,32.00,38.00,102.00,216.00,53.00,3,17.69,0.81,354.00,35.54,Warning
2026-01-18T02:25:00,server_032,37.00,44.00,106.00,198.00,53.00,1,17.89,0.78,332.00,34.78,Normal
2026-01-18T02:30:00,server_039,44.00,42.00,203.00,183.00,36.00,2,17.11,0.74,385.00,37.63,Warning
2026-01-18T02:35:00,server_023,34.00,32.00,62.00,273.00,82.00,2,19.49,0.83,333.00,34.29,Normal
2026-01-18T02:40:00,server_045,34.00,33.00,83.00,129.00,22.00,1,18.16,0.85,331.00,33.21,Normal
2026-01-18T02:45:00,server_015,39.00,42.00,164.00,131.00,30.00,3,18.85,0.77,381.00,37.35,Warning
2026-01-18T02:50:00,server_004,40.00,46.00,169.00,219.00,15.00,3,17.65,0.83,396.00,36.17,Warning
2026-01-18T02:55:00,server_041,34.00,35.00,82.00,219.00,131.00,3,17.86,0.76,358.00,35.58,Warning
2026-01-18T03:00:00,server_031,37.00,47.00,79.00,329.00,20.00,3,20.32,0.74,390.00,38.16,Warning
2026-01-18T03:05:00,server_027,41.00,40.00,175.00,279.00,43.00,3,19.36,0.84,388.00,37.93,Warning
2026-01-18T03:10:00,server_050,39.00,32.00,144.00,100.00,23.00,2,18.34,0.72,363.00,35.62,Warning
2026-01-18T03:15:00,server_043,31.00,26.00,81.00,196.00,64.00,1,18.15,0.83,294.00,32.91,Normal
2026-01-18T03:20:00,server_021,46.00,30.00,152.00,263.00,17.00,2,19.34,0.70,383.00,36.95,Warning
2026-01-18T03:25:00,server_025,32.00,34.00,89.00,90.00,12.00,3,18.95,0.72,328.00,35.42,Warning
2026-01-18T03:30:00,server_010,33.00,39.00,134.00,109.00,29.00,2,18.64,0.74,344.00,35.77,Warning
2026-01-18T03:35:00,server_042,36.00,43.00,113.00,179.00,47.00,1,19.43,0.79,344.00,34.86,Normal
2026-01-18T03:40:00,server_011,40.00,47.00,123.00,281.00,24.00,2,18.59,0.78,379.00,37.10,Warning
2026-01-18T03:45:00,server_024,39.00,48.00,157.00,97.00,14.00,2,17.55,0.79,373.00,36.20,Warning
2026-01-18T03:50:00,server_014,31.00,23.00,126.00,196.00,66.00,3,19.12,0.71,354.00,35.66,Warning
2026-01-18T03:55:00,server_027,32.00,38.00,85.00,136.00,62.00,2,20.38,0.79,335.00,35.71,Warning
2026-01-18T04:00:00,server_020,30.00,26.00,99.00,147.00,11.00,1,19.91,0.74,301.00,33.57,Normal
2026-01-18T04:05:00,server_038,54.00,57.00,176.00,181.00,21.00,2,20.53,0.79,455.00,40.69,Warning
2026-01-18T04:10:00,server_037,34.00,39.00,51.00,214.00,25.00,2,19.19,0.77,340.00,35.43,Warning
2026-01-18T04:15:00,server_002,46.00,46.00,165.00,232.00,21.00,2,21.31,0.80,415.00,38.90,Warning
2026-01-18T04:20:00,server_039,48.00,41.00,159.00,342.00,40.00,2,20.18,0.80,412.00,37.86,Warning
2026-01-18T04:25:00,server_012,45.00,48.00,89.00,365.00,46.00,2,20.91,0.80,404.00,39.40,Warning
2026-01-18T04:30:00,server_015,45.00,37.00,153.00,271.00,18.00,3,19.77,0.81,406.00,37.45,Warning
2026-01-18T04:35:00,server_002,55.00,60.00,115.00,277.00,31.00,1,19.84,0.74,430.00,40.94,Warning
2026-01-18T04:40:00,server_023,35.00,31.00,160.00,256.00,16.00,2,20.74,0.85,346.00,34.58,Normal
2026-01-18T04:45:00,server_002,40.00,38.00,64.00,153.00,15.00,3,21.14,0.73,394.00,39.13,Warning
2026-01-18T04:50:00,server_006,49.00,41.00,84.00,188.00,19.00,1,20.17,0.80,385.00,37.30,Warning
2026-01-18T04:55:00,server_046,42.00,37.00,115.00,125.00,58.00,2,20.19,0.78,376.00,37.59,Warning
2026-01-18T05:00:00,server_046,50.00,37.00,138.00,322.00,37.00,1,22.60,0.77,392.00,38.90,Warning
2026-01-18T05:05:00,server_038,62.00,67.00,211.00,379.00,25.00,2,22.05,0.76,505.00,43.70,Warning
2026-01-18T05:10:00,server_001,38.00,30.00,156.00,119.00,21.00,2,21.31,0.74,356.00,37.02,Warning
2026-01-18T05:15:00,server_032,37.00,41.00,96.00,167.00,118.00,2,21.29,0.74,375.00,37.69,Warning
2026-01-18T05:20:00,server_015,36.00,40.00,119.00,191.00,45.00,1,22.32,0.85,325.00,34.14,Normal
2026-01-18T05:25:00,server_045,47.00,46.00,164.00,361.00,19.00,2,21.86,0.82,413.00,39.40,Warning
2026-01-18T05:30:00,server_009,37.00,36.00,124.00,237.00,14.00,2,23.76,0.74,357.00,36.98,Warning
2026-01-18T05:35:00,server_016,42.00,49.00,115.00,289.00,91.00,2,22.47,0.82,387.00,37.99,Warning
2026-01-18T05:40:00,server_026,49.00,55.00,176.00,316.00,58.00,3,21.96,0.75,461.00,42.42,Warning
2026-01-18T05:45:00,server_048,45.00,49.00,159.00,231.00,46.00,2,23.09,0.75,413.00,39.96,Warning
2026-01-18T05:50:00,server_038,36.00,35.00,165.00,146.00,37.00,1,23.24,0.77,328.00,35.60,Warning
2026-01-18T05:55:00,server_008,45.00,39.00,128.00,290.00,92.00,2,22.95,0.73,401.00,40.22,Warning
2026-01-18T06:00:00,server_021,45.00,46.00,104.00,258.00,33.00,1,24.69,0.75,385.00,38.63,Warning
2026-01-18T06:05:00,server_008,47.00,46.00,151.00,173.00,18.00,2,24.36,0.80,392.00,39.51,Warning
2026-01-18T06:10:00,server_044,56.00,38.00,214.00,123.00,70.00,2,23.11,0.77,435.00,41.40,Warning
2026-01-18T06:15:00,server_019,50.00,52.00,134.00,179.00,25.00,1,23.98,0.76,410.00,39.78,Warning
2026-01-18T06:20:00,server_023,44.00,31.00,88.00,282.00,94.00,1,24.93,0.79,358.00,37.54,Warning
2026-01-18T06:25:00,server_017,54.00,43.00,164.00,406.00,32.00,2,24.30,0.82,448.00,40.88,Warning
2026-01-18T06:30:00,server_039,50.00,43.00,95.00,162.00,34.00,2,23.53,0.81,416.00,39.58,Warning
2026-01-18T06:35:00,server_042,47.00,52.00,109.00,124.00,24.00,2,25.40,0.77,412.00,39.72,Warning
2026-01-18T06:40:00,server_040,48.00,54.00,209.00,160.00,40.00,1,23.82,0.75,412.00,41.37,Warning
2026-01-18T06:45:00,server_036,48.00,51.00,110.00,218.00,30.00,2,23.82,0.76,421.00,41.09,Warning
2026-01-18T06:50:00,server_002,44.00,46.00,195.00,264.00,114.00,2,24.62,0.77,406.00,40.88,Warning
2026-01-18T06:55:00,server_003,42.00,50.00,111.00,214.00,116.00,2,23.51,0.80,396.00,39.15,Warning
2026-01-18T07:00:00,server_032,55.00,42.00,216.00,368.00,70.00,3,25.98,0.77,473.00,43.54,Warning
2026-01-18T07:05:00,server_001,59.00,57.00,179.00,125.00,98.00,3,25.41,0.81,487.00,44.32,Warning
2026-01-18T07:10:00,server_046,56.00,41.00,239.00,163.00,21.00,2,25.34,0.87,431.00,40.05,Warning
2026-01-18T07:15:00,server_005,40.00,37.00,81.00,314.00,25.00,1,26.62,0.76,356.00,38.07,Warning
2026-01-18T07:20:00,server_042,62.00,56.00,209.00,382.00,26.00,2,26.03,0.74,480.00,44.83,Warning
2026-01-18T07:25:00,server_042,50.00,54.00,86.00,137.00,35.00,1,25.13,0.78,411.00,41.32,Warning
2026-01-18T07:30:00,server_036,50.00,58.00,115.00,320.00,50.00,2,25.69,0.76,429.00,41.36,Warning
2026-01-18T07:35:00,server_021,40.00,32.00,70.00,277.00,81.00,2,26.17,0.78,360.00,37.51,Warning
2026-01-18T07:40:00,server_025,51.00,44.00,205.00,231.00,44.00,3,25.46,0.78,423.00,39.93,Warning
2026-01-18T07:45:00,server_026,51.00,39.00,121.00,304.00,43.00,3,25.81,0.80,440.00,41.90,Warning
2026-01-18T07:50:00,server_009,52.00,46.00,109.00,261.00,26.00,2,25.40,0.79,428.00,40.39,Warning
2026-01-18T07:55:00,server_007,60.00,54.00,110.00,173.00,118.00,2,25.73,0.82,458.00,43.06,Warning
2026-01-18T08:00:00,server_009,40.00,46.00,185.00,236.00,31.00,1,28.31,0.75,361.00,38.86,Warning
2026-01-18T08:05:00,server_039,53.00,39.00,113.00,119.00,47.00,2,26.66,0.79,412.00,40.07,Warning
2026-01-18T08:10:00,server_013,47.00,45.00,191.00,209.00,36.00,3,27.84,0.75,426.00,41.15,Warning
2026-01-18T08:15:00,server_005,64.00,52.00,175.00,430.00,111.00,3,26.62,0.83,512.00,44.28,Warning
2026-01-18T08:20:00,server_002,46.00,41.00,89.00,140.00,52.00,2,28.26,0.81,402.00,39.62,Warning
2026-01-18T08:25:00,server_006,48.00,43.00,109.00,190.00,62.00,2,25.83,0.73,400.00,40.38,Warning
2026-01-18T08:30:00,server_050,58.00,49.00,110.00,383.00,29.00,2,27.21,0.76,452.00,43.15,Warning
2026-01-18T08:35:00,server_001,51.00,43.00,139.00,348.00,110.00,2,28.00,0.80,411.00,40.43,Warning
